appid,name,release_date,developers,publishers,genres,categories,price_overview,metacritic_score,is_free,required_age,short_description,header_image,metadata_source,crawled_at
3551410,Football Manager 26 게임 내 에디터,2025년 11월 4일,"[""Sports Interactive""]","[""SEGA""]","[""시뮬레이션"", ""스포츠"", ""전략""]","[""싱글 플레이어"", ""멀티플레이어"", ""다운로드 가능한 콘텐츠"", ""Steam 도전 과제"", ""Steam 창작마당"", ""Steam Cloud"", ""가족 공유""]","{""currency"": ""KRW"", ""discount_percent"": 0, ""final"": 1080000, ""final_formatted"": ""₩ 10,800"", ""initial"": 1080000, ""initial_formatted"": """"}",,False,0,"Football Manager 26 게임 내 에디터와 함께, 축구 게임 세상의 모든 요소를 커스텀해 보세요.",https://shared.akamai.steamstatic.com/store_item_assets/steam/apps/3551410/4604d4d25241979df1de8c5c33706108941984f0/header.jpg?t=1762272152,appdetails,2026-06-06T10:50:20+00:00
2584990,Shadowverse: Worlds Beyond,2025년 6월 14일,"[""Cygames, Inc.""]","[""Cygames, Inc.""]","[""캐주얼"", ""RPG"", ""전략"", ""무료 플레이""]","[""싱글 플레이어"", ""멀티플레이어"", ""PvP"", ""온라인 PvP"", ""크로스 플랫폼 멀티플레이어"", ""Steam 도전 과제"", ""앱 내 구매"", ""텍스트 크기 조정"", ""카메라 움직임 조정"", ""음량 개별 조절"", ""퀵타임 이벤트 없이 플레이 가능"", ""스테레오 사운드"", ""컨트롤러 일부 지원""]",,,True,0,Cygames가 선보이는 신작 카드 게임 '섀도우버스 월즈 비욘드'가 드디어 시동! 초진화와 섀버 파크 등 신규 요소와 콘텐츠가 추가된 새로운 차원의 디지털 카드 게임 탄생! 신규 유저도 기존 유저도 모두 즐길 수 있는 한층 더 진화한 섀도우버스!,https://shared.akamai.steamstatic.com/store_item_assets/steam/apps/2584990/bab5a90e2765d340ca3ba8553e1b0ee679176dda/header_koreana.jpg?t=1772083189,appdetails,2026-06-06T10:50:20+00:00
1295660,시드 마이어의 문명 VII,2025년 2월 10일,"[""Firaxis Games""]","[""2K""]","[""시뮬레이션"", ""전략""]","[""싱글 플레이어"", ""멀티플레이어"", ""PvP"", ""온라인 PvP"", ""LAN PvP"", ""크로스 플랫폼 멀티플레이어"", ""Steam 도전 과제"", ""컨트롤러 완벽 지원"", ""Steam 트레이딩 카드"", ""Steam 창작마당"", ""텍스트 크기 조정"", ""카메라 움직임 조정"", ""텍스트 채팅 음성 변환"", ""색상 대체"", ""음량 개별 조절"", ""난이도 조정"", ""마우스 전용 옵션"", ""게임 메뉴 음성 안내"", ""퀵타임 이벤트 없이 플레이 가능"", ""수시 저장"", ""스테레오 사운드"", ""서라운드 사운드"", ""터치 전용 옵션"", ""HDR 사용 가능"", ""가족 공유""]","{""currency"": ""KRW"", ""discount_percent"": 0, ""final"": 8300000, ""final_formatted"": ""₩ 83,000"", ""initial"": 8300000, ""initial_formatted"": """"}",79.0,False,0,시대를 진보 또는 존속시키는 지도자가 되어 제국을 이끌어 보세요. 시드 마이어의 문명® VII에서 여러분의 신념을 실현하세요.,https://shared.akamai.steamstatic.com/store_item_assets/steam/apps/1295660/ef351f076e073fb0cd8c6fa8129ee7abb57bad56/header_alt_assets_5_koreana.jpg?t=1779464366,appdetails,2026-06-06T10:50:20+00:00
1303182,Crusader Kings III: Royal Court,2022년 2월 8일,"[""Paradox Development Studio"", ""Paradox Thalassic""]","[""Paradox Interactive""]","[""RPG"", ""시뮬레이션"", ""전략""]","[""싱글 플레이어"", ""멀티플레이어"", ""PvP"", ""온라인 PvP"", ""다운로드 가능한 콘텐츠"", ""Steam 도전 과제"", ""Steam 트레이딩 카드"", ""Steam Cloud"", ""가족 공유""]","{""currency"": ""KRW"", ""discount_percent"": 0, ""final"": 3300000, ""final_formatted"": ""₩ 33,000"", ""initial"": 3300000, ""initial_formatted"": """"}",83.0,False,0,Crusader Kings III의 Royal Court 확장팩은 왕국 또는 제국 내 캐릭터들과 소통하는 새로운 방식을 선보일 뿐만 아니라 게임의 문화적 시스템에도 변화를 주어 게임에 활력과 유동적인 역사적 흐름을 더합니다.,https://shared.akamai.steamstatic.com/store_item_assets/steam/apps/1303182/header.jpg?t=1765210676,appdetails,2026-06-06T10:50:20+00:00
949230,Cities: Skylines II,2023년 10월 24일,"[""Iceflake Studios"", ""Colossal Order""]","[""Paradox Interactive""]","[""시뮬레이션""]","[""싱글 플레이어"", ""Steam 도전 과제"", ""컨트롤러 완벽 지원"", ""Steam Cloud"", ""가족 공유""]","{""currency"": ""KRW"", ""discount_percent"": 0, ""final"": 5500000, ""final_formatted"": ""₩ 55,000"", ""initial"": 5500000, ""initial_formatted"": """"}",,False,0,역대 가장 현실적인 도시 건설 게임의 허허벌판에 도시를 세워 메트로폴리스로 키워보세요. 창의력과 문제 해결 능력을 한층 더 자극하게 됩니다. 정교한 시뮬레이션과 살아 숨 쉬는 경제를 활용해 제한 없이 나만의 세계를 그려보세요.,https://shared.akamai.steamstatic.com/store_item_assets/steam/apps/949230/header.jpg?t=1779837128,appdetails,2026-06-06T10:50:20+00:00
1601580,프로스트펑크2,2024년 9월 20일,"[""11 bit studios""]","[""11 bit studios""]","[""시뮬레이션"", ""전략""]","[""싱글 플레이어"", ""Steam 도전 과제"", ""컨트롤러 완벽 지원"", ""Steam 트레이딩 카드"", ""Steam 창작마당"", ""텍스트 크기 조정"", ""음량 개별 조절"", ""난이도 조정"", ""수시 저장"", ""스테레오 사운드"", ""서라운드 사운드"", ""Steam Cloud"", ""가족 공유""]","{""currency"": ""KRW"", ""discount_percent"": 0, ""final"": 4700000, ""final_formatted"": ""₩ 47,000"", ""initial"": 4700000, ""initial_formatted"": """"}",85.0,False,0,"눈보라의 재앙이 지구를 덮친 후 30년 뒤를 배경으로 하는 사회 생존 게임에서 도시를 개발하고, 확장하고, 발전시키세요. 프로스트펑크2에서는 끝나지 않는 혹독한 겨울을 견디는 동시에 모든 결정을 주시하는 위원회 파벌들과 조화를 이루어야 합니다.",https://shared.akamai.steamstatic.com/store_item_assets/steam/apps/1601580/578eb4c6e2c0164eb4ff0518b713ea35de6928b0/header_alt_assets_5.jpg?t=1780326779,appdetails,2026-06-06T10:50:20+00:00
1658280,백영웅전 Eiyuden Chronicle: Hundred Heroes,2024년 4월 23일,"[""Rabbit & Bear Studios""]","[""505 Games""]","[""액션"", ""어드벤처"", ""인디"", ""RPG"", ""전략""]","[""싱글 플레이어"", ""Steam 도전 과제"", ""음량 개별 조절"", ""난이도 조정"", ""키보드 전용 옵션"", ""퀵타임 이벤트 없이 플레이 가능"", ""컨트롤러 일부 지원"", ""가족 공유""]","{""currency"": ""KRW"", ""discount_percent"": 0, ""final"": 5120000, ""final_formatted"": ""₩ 51,200"", ""initial"": 5120000, ""initial_formatted"": """"}",79.0,False,0,백영웅전은 클래식한 JRPG 체험의 현대적인 해석을 플레이어에게 제공하도록 설계되었습니다. 100명 이상의 플레이 가능한 캐릭터를 이끌며 여러분만이 구할 수 있는 전쟁 분위기의 세상을 헤쳐나갈 준비를 해보세요.,https://shared.akamai.steamstatic.com/store_item_assets/steam/apps/1658280/header.jpg?t=1752751979,appdetails,2026-06-06T10:50:20+00:00
645402,Sid Meier’s Civilization® VI: Rise and Fall,2018년 2월 7일,"[""Firaxis Games"", ""Aspyr (Mac)"", ""Aspyr (Linux)""]","[""2K"", ""Aspyr (Mac)"", ""Aspyr (Linux)""]","[""전략""]","[""싱글 플레이어"", ""멀티플레이어"", ""PvP"", ""온라인 PvP"", ""LAN PvP"", ""스크린 공유 및 분할 PvP"", ""공유 및 분할 화면"", ""크로스 플랫폼 멀티플레이어"", ""다운로드 가능한 콘텐츠"", ""Steam 도전 과제"", ""Steam 트레이딩 카드"", ""Steam 창작마당"", ""Steam 턴 알림"", ""Remote Play Together"", ""가족 공유""]","{""currency"": ""KRW"", ""discount_percent"": 0, ""final"": 3250000, ""final_formatted"": ""₩ 32,500"", ""initial"": 3250000, ""initial_formatted"": """"}",79.0,False,0,"The Civilization VI: Rise and Fall expansion brings new choices, strategies, and challenges for players as they guide a civilization through the ages. The expansion introduces new Great Ages, Loyalty, and Governors systems, expands existing Diplomacy and Government systems, and adds eight new civilizations, nine new leaders, a variety of...",https://shared.akamai.steamstatic.com/store_item_assets/steam/apps/645402/header.jpg?t=1734133062,appdetails,2026-06-06T10:50:20+00:00
3556750,"Warhammer 40,000: Dawn of War - Definitive Edition",2025년 8월 14일,"[""Relic Entertainment""]","[""Relic Entertainment ""]","[""전략""]","[""싱글 플레이어"", ""멀티플레이어"", ""PvP"", ""온라인 PvP"", ""협동"", ""온라인 협동"", ""크로스 플랫폼 멀티플레이어"", ""Steam 도전 과제"", ""음량 개별 조절"", ""난이도 조정"", ""마우스 전용 옵션"", ""퀵타임 이벤트 없이 플레이 가능"", ""수시 저장"", ""스테레오 사운드"", ""Steam Cloud"", ""레벨 에디터 포함"", ""가족 공유""]","{""currency"": ""KRW"", ""discount_percent"": 0, ""final"": 3230000, ""final_formatted"": ""₩ 32,300"", ""initial"": 3230000, ""initial_formatted"": """"}",,False,0,"Warhammer 40,000: Dawn of War - 완전판 에디션에는 오리지널 Dawn of War와 모든 확장팩이 포함되어 있으며, 개선된 그래픽, 향상된 카메라, 64비트 플랫폼 지원과 함께 궁극의 Dawn of War를 경험할 수 있습니다.",https://shared.akamai.steamstatic.com/store_item_assets/steam/apps/3556750/f60b47fa49e3582f21c39f6b123fb59e2b441292/header.jpg?t=1779383177,appdetails,2026-06-06T10:50:20+00:00
313120,Stranded Deep,2022년 8월 10일,"[""Beam Team Games""]","[""Beam Team Publishing""]","[""어드벤처"", ""인디""]","[""싱글 플레이어"", ""멀티플레이어"", ""협동"", ""온라인 협동"", ""스크린 공유 및 분할 협동"", ""공유 및 분할 화면"", ""Steam 도전 과제"", ""컨트롤러 완벽 지원"", ""Steam 창작마당"", ""통계"", ""Steam 순위표"", ""레벨 에디터 포함"", ""Remote Play TV"", ""Remote Play Together"", ""가족 공유""]","{""currency"": ""KRW"", ""discount_percent"": 0, ""final"": 2050000, ""final_formatted"": ""₩ 20,500"", ""initial"": 2050000, ""initial_formatted"": """"}",,False,0,Take the role of a plane crash survivor stranded somewhere in the Pacific Ocean. Come face to face with some of the most life threatening scenarios that will result in a different experience each time you play. Scavenge. Discover. Survive.,https://shared.akamai.steamstatic.com/store_item_assets/steam/apps/313120/header.jpg?t=1776770148,appdetails,2026-06-06T10:50:20+00:00
1465460,Infection Free Zone,2024년 4월 11일,"[""Jutsu Games""]","[""Games Operators""]","[""액션"", ""인디"", ""시뮬레이션"", ""전략"", ""앞서 해보기""]","[""싱글 플레이어"", ""Steam 도전 과제"", ""Steam 창작마당"", ""Steam Cloud"", ""레벨 에디터 포함"", ""가족 공유""]","{""currency"": ""KRW"", ""discount_percent"": 0, ""final"": 2600000, ""final_formatted"": ""₩ 26,000"", ""initial"": 2600000, ""initial_formatted"": """"}",,False,0,"도시의 생존자들을 이끌어 나가세요. 작전 기지를 선택한 뒤, 주변의 건물을 환경에 맞게 활용해서 자급자족이 가능한 정착지를 만드세요. 밤이 찾아오면 감염자들로부터 구역을 사수하세요! 실제 지리 정보를 사용해서 구현한 전 세계 모든 도시에서 플레이하세요!",https://shared.akamai.steamstatic.com/store_item_assets/steam/apps/1465460/30867667e80580bed424dd9d946f1aa7110bf0c0/header.jpg?t=1779807394,appdetails,2026-06-06T10:50:20+00:00
4286550,Keep on Mining! - Worlds,2026년 3월 30일,"[""EagleEye Games""]","[""EagleEye Games""]","[""캐주얼"", ""인디""]","[""싱글 플레이어"", ""Steam 도전 과제"", ""Steam Cloud"", ""가족 공유""]","{""currency"": ""KRW"", ""discount_percent"": 0, ""final"": 780000, ""final_formatted"": ""₩ 7,800"", ""initial"": 780000, ""initial_formatted"": """"}",,False,0,"Keep on Mining! – Worlds는 바위를 채굴하고 자원을 수집하며, 수많은 독특한 월드를 여행하고, 유물을 발견하고, 곡괭이를 제작하며, 다양한 영구 업그레이드를 구매하는 인크리멘탈 채굴 게임입니다!",https://shared.akamai.steamstatic.com/store_item_assets/steam/apps/4286550/e36af42502acbb36198185e17997aaab8a67d4dd/header.jpg?t=1778249630,appdetails,2026-06-06T10:50:20+00:00
2824490,He is Coming 히 이즈 커밍,2025년 7월 17일,"[""Chronocle""]","[""Hooded Horse""]","[""RPG"", ""전략"", ""앞서 해보기""]","[""싱글 플레이어"", ""멀티플레이어"", ""PvP"", ""온라인 PvP"", ""Steam 도전 과제"", ""컨트롤러 완벽 지원"", ""Steam 트레이딩 카드"", ""Steam Cloud"", ""가족 공유""]","{""currency"": ""KRW"", ""discount_percent"": 50, ""final"": 995000, ""final_formatted"": ""₩ 9,950"", ""initial"": 1990000, ""initial_formatted"": ""₩ 19,900""}",,False,0,"세상의 잊혀진 구석, 깊은 곳에서 어둠의 세력이 꿈틀대며 마왕이 다시 한번 도래합니다. 이 로그라이트 RPG 자동 전투 게임에서 지혜를 갈고 닦아, 강력한 유물을 찾고, 종말에 맞서 굳건하게 살아남으세요.",https://shared.akamai.steamstatic.com/store_item_assets/steam/apps/2824490/9921617534b0f8288e9060c0ee18ae36a6db97b5/header_koreana.jpg?t=1779785761,appdetails,2026-06-06T10:50:20+00:00
1392840,RimWorld - Ideology,2021년 7월 20일,"[""Ludeon Studios""]","[""Ludeon Studios""]","[""인디"", ""시뮬레이션"", ""전략""]","[""싱글 플레이어"", ""다운로드 가능한 콘텐츠"", ""Steam 창작마당"", ""Steam Cloud"", ""가족 공유""]","{""currency"": ""KRW"", ""discount_percent"": 0, ""final"": 2150000, ""final_formatted"": ""₩ 21,500"", ""initial"": 2150000, ""initial_formatted"": """"}",,False,0,"무엇을 믿으십니까? 림월드 - 이데올로기는 게임에 사상 시스템을 추가합니다. 벌거벗은 식인 해적단, 눈먼 지하 광부들, 자선적인 양치기들, 기계에 집착하는 초월주의자 등 다양한 집단으로 플레이하세요.",https://shared.akamai.steamstatic.com/store_item_assets/steam/apps/1392840/1735af8e16d6a81f8c41d7940ab7a5cf349089dd/header.jpg?t=1776193654,appdetails,2026-06-06T10:50:20+00:00
578080,PUBG: BATTLEGROUNDS,2017년 12월 21일,"[""PUBG Corporation""]","[""KRAFTON, Inc.""]","[""액션"", ""어드벤처"", ""대규모 멀티플레이어"", ""무료 플레이""]","[""멀티플레이어"", ""PvP"", ""온라인 PvP"", ""음량 개별 조절"", ""스테레오 사운드"", ""서라운드 사운드"", ""통계"", ""Remote Play 휴대전화"", ""Remote Play 태블릿""]",,,True,19,"배틀로얄 유행의 시작이자, 그 정수를 보여준 PUBG: 배틀그라운드를 지금 무료로 플레이하세요! 다양한 맵에 낙하하여 무기와 보급품을 확보하고, 점점 줄어드는 블루존 속에서 끝까지 살아남아 승리를 쟁취하세요.",https://shared.akamai.steamstatic.com/store_item_assets/steam/apps/578080/841ea38bc58cabb70aef65365cf50bc2d79329d9/header.jpg?t=1778634253,appdetails,2026-06-06T10:50:20+00:00
3274580,Anno 117: Pax Romana,2025년 11월 12일,"[""Ubisoft Mainz""]","[""Ubisoft""]","[""시뮬레이션"", ""전략""]","[""싱글 플레이어"", ""멀티플레이어"", ""PvP"", ""온라인 PvP"", ""협동"", ""온라인 협동"", ""Steam 도전 과제"", ""컨트롤러 완벽 지원""]","{""currency"": ""KRW"", ""discount_percent"": 0, ""final"": 6900000, ""final_formatted"": ""₩ 69,000"", ""initial"": 6900000, ""initial_formatted"": """"}",84.0,False,0,"장르를 대표하는 전략적 도시 건설 게임에서 로마 제국의 운명을 결정하세요. 로마 속주 곳곳에 영향력을 넓히면서 도시를 건설하세요. 경제력, 군사력, 또는 외교적 기술로 통치를 이어 나가세요.",https://shared.akamai.steamstatic.com/store_item_assets/steam/apps/3274580/003e0401485b98433c7dd46b86258c609578c6c0/header_koreana.jpg?t=1780353529,appdetails,2026-06-06T10:50:20+00:00
1017900,Age of Empires: Definitive Edition,2019년 8월 19일,"[""World's Edge"", ""Forgotten Empires"", ""Tantalus""]","[""Xbox Game Studios""]","[""전략""]","[""싱글 플레이어"", ""멀티플레이어"", ""PvP"", ""온라인 PvP"", ""LAN PvP"", ""크로스 플랫폼 멀티플레이어"", ""Steam 도전 과제"", ""Steam 트레이딩 카드"", ""Steam Cloud"", ""레벨 에디터 포함"", ""가족 공유""]","{""currency"": ""KRW"", ""discount_percent"": 75, ""final"": 622000, ""final_formatted"": ""₩ 6,220"", ""initial"": 2490000, ""initial_formatted"": ""₩ 24,900""}",69.0,False,0,"20년 전 발매된 역사적인 실시간 전략 게임 Age of Empires가 완성된 형태로 돌아옵니다. 40시간이 넘는 현대화된 게임 플레이, 완전히 새로운 4K 그래픽, 8인 멀티 플레이어 전투 및 여러 새로운 기능들을 제공합니다. 역사 속으로 돌아가 보세요.",https://shared.akamai.steamstatic.com/store_item_assets/steam/apps/1017900/header.jpg?t=1763053714,appdetails,2026-06-06T10:50:20+00:00
550650,Black Squad,2019년 6월 26일,"[""VALOFE"", ""NS STUDIO""]","[""VALOFE""]","[""액션"", ""무료 플레이""]","[""멀티플레이어"", ""Steam 도전 과제"", ""Steam 트레이딩 카드"", ""앱 내 구매""]",,,True,0,"Black Squad is a free-to-play military first-person-shooter. Players can master their skills and show off their strategies with a wide range of game maps, modes, and weapons to choose from. Join thousands of FPS players worldwide in one of the most played games on Steam!",https://shared.akamai.steamstatic.com/store_item_assets/steam/apps/550650/header.jpg?t=1756315059,appdetails,2026-06-06T10:50:20+00:00
625960,Stoneshard,2020년 2월 6일,"[""Ink Stains Games""]","[""HypeTrain Digital""]","[""어드벤처"", ""인디"", ""RPG"", ""전략"", ""앞서 해보기""]","[""싱글 플레이어"", ""Steam 도전 과제"", ""캡션 이용 가능"", ""Steam Cloud"", ""Remote Play 휴대전화"", ""Remote Play 태블릿"", ""가족 공유""]","{""currency"": ""KRW"", ""discount_percent"": 0, ""final"": 2400000, ""final_formatted"": ""₩ 24,000"", ""initial"": 2400000, ""initial_formatted"": """"}",,False,0,"Stoneshard is a hardcore turn-based RPG about the harsh life of a medieval mercenary: travel with your own caravan, descend into procedurally generated dungeons, learn new skills, survive hunger and injuries - and remember, every mistake can mean death and loss of progress.",https://shared.akamai.steamstatic.com/store_item_assets/steam/apps/625960/1603548a766b4cd4f94239cf3d4bd7d3616f2d2a/header.jpg?t=1780385918,appdetails,2026-06-06T10:50:20+00:00
356190,Middle-earth™: Shadow of War™,2017년 10월 9일,"[""Monolith Productions""]","[""WB Games""]","[""액션"", ""어드벤처"", ""RPG""]","[""싱글 플레이어"", ""Steam 도전 과제"", ""컨트롤러 완벽 지원"", ""Steam 트레이딩 카드"", ""앱 내 구매"", ""Steam Cloud"", ""가족 공유""]","{""currency"": ""KRW"", ""discount_percent"": 90, ""final"": 530000, ""final_formatted"": ""₩ 5,300"", ""initial"": 5300000, ""initial_formatted"": ""₩ 53,000""}",,False,0,다수의 상을 받은 네메시스 시스템을 통해서 방대한 오픈 월드를 생생하게 체험하세요. 미들 어스™: 섀도우 오브 워™에서 힘의 반지를 주조하여 여러분만의 오크 군대로 대규모 전투에서 요새들을 점령하고 모르도르를 지배하세요.,https://shared.akamai.steamstatic.com/store_item_assets/steam/apps/356190/header_koreana.jpg?t=1780594801,appdetails,2026-06-06T10:50:20+00:00
641990,The Escapists 2,2017년 8월 21일,"[""Team17"", ""Mouldy Toof Studios""]","[""Team17""]","[""인디"", ""시뮬레이션"", ""전략""]","[""싱글 플레이어"", ""멀티플레이어"", ""PvP"", ""온라인 PvP"", ""스크린 공유 및 분할 PvP"", ""협동"", ""온라인 협동"", ""스크린 공유 및 분할 협동"", ""공유 및 분할 화면"", ""Steam 도전 과제"", ""컨트롤러 완벽 지원"", ""Steam 트레이딩 카드"", ""Steam Cloud"", ""Steam 순위표"", ""Remote Play 휴대전화"", ""Remote Play 태블릿"", ""Remote Play TV"", ""Remote Play Together"", ""가족 공유""]","{""currency"": ""KRW"", ""discount_percent"": 0, ""final"": 2100000, ""final_formatted"": ""₩ 21,000"", ""initial"": 2100000, ""initial_formatted"": """"}",75.0,False,0,"Craft, Steal, Brawl and Escape! It’s time to bust out of the toughest prisons in the world as you return to the life of an inmate in The Escapists 2, now with multiplayer! Have you got what it takes to escape?",https://shared.akamai.steamstatic.com/store_item_assets/steam/apps/641990/header.jpg?t=1764006025,appdetails,2026-06-06T10:50:20+00:00
2503740,스톰 스트라이커,2023년 11월 16일,"[""SuperStormStudio""]","[""SuperStormStudio""]","[""액션"", ""앞서 해보기""]","[""멀티플레이어"", ""PvP"", ""온라인 PvP""]",,,True,0,"새로운 하이퍼 액션 TPS '스톰 스트라이커'가 온다!액션 팀 배틀 PvP 게임!스톰 스트라이커에 오신 것을 환영합니다!스톰 스트라이커는 TPS 시점의 액션 게임으로,보다 높은 몰입감을 만나보실 수 있습니다.5:5 TPS 게임의 강렬한 액션과 스킬 콤보,팀 플레이의 화려한 연계를 확인해보세요!",https://shared.akamai.steamstatic.com/store_item_assets/steam/apps/2503740/d3a0e245fb7f8bbf86cb8df20846a6d372f7b174/header_koreana.jpg?t=1765874030,appdetails,2026-06-06T10:50:20+00:00
505460,Foxhole,2022년 9월 28일,"[""Siege Camp""]","[""Siege Camp""]","[""액션"", ""인디"", ""대규모 멀티플레이어"", ""RPG"", ""전략""]","[""멀티플레이어"", ""MMO"", ""PvP"", ""온라인 PvP"", ""Valve Anti-Cheat 사용""]","{""currency"": ""KRW"", ""discount_percent"": 0, ""final"": 3100000, ""final_formatted"": ""₩ 31,000"", ""initial"": 3100000, ""initial_formatted"": """"}",,False,0,Foxhole은 지속되는 온라인 전쟁의 결과물을 구성하고자 수백 명의 플레이어들과 함께 진행하는 스케일이 큰 멀티플레이어 게임으로서 최후의 협동 전략 및 전술 게임입니다. 취하는 모든 조치는 전쟁이 지속되는 상태의 세계에서 막강한 영향을 미칠 수 있습니다.,https://shared.akamai.steamstatic.com/store_item_assets/steam/apps/505460/3b4805691c442e4bd87a8437ee9e8e486274c29c/header_alt_assets_0.jpg?t=1775152848,appdetails,2026-06-06T10:50:20+00:00
2141910,Magic: The Gathering Arena,2023년 5월 23일,"[""Wizards of the Coast""]","[""Wizards of the Coast""]","[""전략"", ""무료 플레이""]","[""멀티플레이어"", ""PvP"", ""온라인 PvP"", ""크로스 플랫폼 멀티플레이어"", ""앱 내 구매""]",,,True,0,"매직: 더 개더링 아레나로 전략을 탐색하고, 플레인즈워커를 만나고, 다차원을 탐험하고, 전 세계의 친구들과 전투할 수 있습니다. 무료로 플레이하고, 친구들과 경쟁하고, 카드를 획득하면서 오리지널 판타지 CCG의 마법을 느껴보세요!",https://shared.akamai.steamstatic.com/store_item_assets/steam/apps/2141910/716866a49db0a2a1051f66e11fcd8c9c905173de/header_koreana.jpg?t=1779401659,appdetails,2026-06-06T10:50:20+00:00
393380,Squad,2020년 9월 23일,"[""Offworld""]","[""Offworld""]","[""액션"", ""인디"", ""대규모 멀티플레이어"", ""전략""]","[""멀티플레이어"", ""PvP"", ""온라인 PvP"", ""협동"", ""온라인 협동"", ""Steam 트레이딩 카드"", ""Steam 창작마당"", ""컨트롤러 일부 지원"", ""Valve Anti-Cheat 사용""]","{""currency"": ""KRW"", ""discount_percent"": 0, ""final"": 5300000, ""final_formatted"": ""₩ 53,000"", ""initial"": 5300000, ""initial_formatted"": """"}",,False,0,"스쿼드는 50 대 50 멀티플레이어 일인칭 슈터로서, 팀원간의 소통과 협동을 중심으로 전투의 현장감을 살려낸 게임입니다. 주요 요소로서 차량기반 제병협동 게임플레이, 광활한 맵, 기지 건설, 그리고 분대 무전기능과 사실적인 근접 마이크 채팅을 가능케 하는 위치기반 VoIP기능을 선보입니다.",https://shared.akamai.steamstatic.com/store_item_assets/steam/apps/393380/0b19b50aabea356bd8f534fbe7d6db9bd227810a/header.jpg?t=1778698936,appdetails,2026-06-06T10:50:20+00:00
570,Dota 2,2013년 7월 9일,"[""Valve""]","[""Valve""]","[""액션"", ""전략"", ""무료 플레이""]","[""멀티플레이어"", ""협동"", ""Steam 트레이딩 카드"", ""Steam 창작마당"", ""SteamVR 수집품"", ""앱 내 구매"", ""카메라 움직임 조정"", ""색상 대체"", ""음량 개별 조절"", ""Valve Anti-Cheat 사용"", ""Steam 타임라인""]",,90.0,True,0,"매일, 전 세계 수백 만의 플레이어가 백여 명의 도타 영웅 중 하나가 되어 전장에 뛰어듭니다. 10시간을 했든, 1,000시간을 했든 언제나 새롭게 느껴지는 무언가가 있습니다. 정기적인 업데이트로 게임플레이, 기능, 영웅이 끊임없이 진화하는 도타 2는 그 자체의 생명력으로 살아 숨 쉬는 게임입니다.",https://shared.akamai.steamstatic.com/store_item_assets/steam/apps/570/header.jpg?t=1769535998,appdetails,2026-06-06T10:50:20+00:00
2772750,Age of History 3,2024년 10월 23일,"[""Łukasz Jakowski""]","[""Łukasz Jakowski Games""]","[""시뮬레이션"", ""전략""]","[""싱글 플레이어"", ""Steam 도전 과제"", ""Steam 창작마당"", ""레벨 에디터 포함"", ""가족 공유""]","{""currency"": ""KRW"", ""discount_percent"": 30, ""final"": 840000, ""final_formatted"": ""₩ 8,400"", ""initial"": 1200000, ""initial_formatted"": ""₩ 12,000""}",,False,0,"문명의 운명이 당신의 손에 달려있는 대전략 전쟁 게임 - 그들은 당신의 리더십 아래에서 하나로 뭉칠 것인가, 아니면 갈등으로 분열될 것인가? 인류 문명의 초기부터 미래 시대까지, 인류 문명의 전체 이야기를 여행하면서 시대별로 당신의 유산을 만들어 보세요.",https://shared.akamai.steamstatic.com/store_item_assets/steam/apps/2772750/d526bef925f1d0cddb4fef16c7e28968872ae9f5/header.jpg?t=1777566511,appdetails,2026-06-06T10:50:20+00:00
466560,Northgard: Definitive Edition,2018년 3월 7일,"[""Shiro Games""]","[""Shiro Games""]","[""어드벤처"", ""인디"", ""시뮬레이션"", ""전략""]","[""싱글 플레이어"", ""멀티플레이어"", ""PvP"", ""온라인 PvP"", ""협동"", ""온라인 협동"", ""Steam 도전 과제"", ""Steam 트레이딩 카드"", ""Steam 창작마당"", ""Steam 창작마당"", ""Steam Cloud"", ""레벨 에디터 포함"", ""가족 공유""]","{""currency"": ""KRW"", ""discount_percent"": 60, ""final"": 1500000, ""final_formatted"": ""₩ 15,000"", ""initial"": 3750000, ""initial_formatted"": ""₩ 37,500""}",81.0,False,0,Northgard: Definitive Edition은 북유럽 신화를 바탕으로 한 비평가 호평의 실시간 전략 게임입니다. 당신의 부족을 이끌고 새로 발견된 신비로운 대륙의 비밀을 밝혀 적을 물리치고 왕좌를 차지하세요!,https://shared.akamai.steamstatic.com/store_item_assets/steam/apps/466560/3326885aac59a055d64d325556c3bd83a37e67d5/header_alt_assets_15_koreana.jpg?t=1776366876,appdetails,2026-06-06T10:50:20+00:00
559650,Witch It,2020년 10월 22일,"[""Barrel Roll Games""]","[""Barrel Roll Games""]","[""액션"", ""캐주얼"", ""인디""]","[""멀티플레이어"", ""PvP"", ""온라인 PvP"", ""Steam 도전 과제"", ""컨트롤러 완벽 지원"", ""Steam 트레이딩 카드"", ""Steam 창작마당"", ""Steam Cloud"", ""Valve Anti-Cheat 사용"", ""통계"", ""레벨 에디터 포함"", ""가족 공유""]","{""currency"": ""KRW"", ""discount_percent"": 0, ""final"": 2400000, ""final_formatted"": ""₩ 24,000"", ""initial"": 2400000, ""initial_formatted"": """"}",,False,0,Witch It은 재미있는 마법 세계를 배경으로 펼쳐지는 숨바꼭질 게임입니다. 용감한 사냥꾼들이 마을에 저주를 건 마녀들을 찾는 임무를 맡고 모험을 떠납니다!,https://shared.akamai.steamstatic.com/store_item_assets/steam/apps/559650/header.jpg?t=1775747238,appdetails,2026-06-06T10:50:20+00:00
368500,어쌔신 크리드 신디케이트,2015년 11월 18일,"[""Ubisoft Quebec, in collaboration with Ubisoft Annecy, Bucharest, Kiev, Montreal, Montpellier, Shanghai, Singapore, Sofia, Toronto studios""]","[""Ubisoft""]","[""액션"", ""어드벤처""]","[""싱글 플레이어"", ""Steam 도전 과제"", ""앱 내 구매"", ""음량 개별 조절"", ""난이도 조정"", ""마우스 전용 옵션"", ""수시 저장"", ""스테레오 사운드"", ""서라운드 사운드"", ""컨트롤러 일부 지원""]","{""currency"": ""KRW"", ""discount_percent"": 75, ""final"": 1100000, ""final_formatted"": ""₩ 11,000"", ""initial"": 4400000, ""initial_formatted"": ""₩ 44,000""}",74.0,False,0,"1868년, 런던 산업 혁명이 정점에 달해 있는 부패로 얼룩진 도시에서 암흑가의 조직을 이끄세요. 액션과 음모, 잔혹한 전투로 생동감 넘치는 모험을 즐겨보세요.",https://shared.akamai.steamstatic.com/store_item_assets/steam/apps/368500/header.jpg?t=1766772262,appdetails,2026-06-06T10:50:20+00:00
2739990,작혼: 리치 마작,2024년 7월 23일,"[""Catfood Studio""]","[""YOSTAR HONG KONG LIMITED""]","[""캐주얼"", ""전략""]","[""멀티플레이어"", ""PvP"", ""온라인 PvP"", ""크로스 플랫폼 멀티플레이어"", ""앱 내 구매""]",,,True,0,"언제 어디서나 즐기는 리치 마작, ‘작혼’의 세계로 초대합니다!",https://shared.akamai.steamstatic.com/store_item_assets/steam/apps/2739990/97311606dfd60bb099906115f153f67961116aa2/header_koreana.jpg?t=1778663504,appdetails,2026-06-06T10:50:20+00:00
1850510,TRIANGLE STRATEGY,2022년 10월 13일,"[""Square Enix"", ""ARTDINK""]","[""Square Enix""]","[""RPG"", ""시뮬레이션"", ""전략""]","[""싱글 플레이어"", ""Steam 도전 과제"", ""컨트롤러 완벽 지원"", ""Steam 트레이딩 카드"", ""카메라 움직임 조정"", ""음량 개별 조절"", ""난이도 조정"", ""키보드 전용 옵션"", ""퀵타임 이벤트 없이 플레이 가능"", ""수시 저장"", ""스테레오 사운드"", ""Steam Cloud"", ""가족 공유""]","{""currency"": ""KRW"", ""discount_percent"": 0, ""final"": 6980000, ""final_formatted"": ""₩ 69,800"", ""initial"": 6980000, ""initial_formatted"": """"}",,False,0,"「BRAVELY」 시리즈와 『옥토패스 트래블러』의 개발진이 만든 완전히 새로운 전략 RPG. HD-2D의 아름다운 그래픽으로 그려지는 영웅담. 전란의 노젤리아 대륙을 무대로, 플레이어는 어려운 선택에 놓이게 된다. 당신의 정의는 어디로 향할 것인가......?",https://shared.akamai.steamstatic.com/store_item_assets/steam/apps/1850510/header.jpg?t=1775028430,appdetails,2026-06-06T10:50:20+00:00
730,Counter-Strike 2,2012년 8월 21일,"[""Valve""]","[""Valve""]","[""액션"", ""무료 플레이""]","[""멀티플레이어"", ""크로스 플랫폼 멀티플레이어"", ""Steam 트레이딩 카드"", ""Steam 창작마당"", ""앱 내 구매"", ""텍스트 크기 조정"", ""카메라 움직임 조정"", ""색상 대체"", ""음량 개별 조절"", ""퀵타임 이벤트 없이 플레이 가능"", ""스테레오 사운드"", ""서라운드 사운드"", ""Valve Anti-Cheat 사용"", ""통계"", ""Remote Play 휴대전화"", ""Remote Play 태블릿"", ""Remote Play TV"", ""Steam 타임라인""]",,,True,0,Counter-Strike는 20년이 넘는 시간 동안 전 세계 수백만 명의 플레이어가 모여 수준 높은 경쟁을 펼칠 수 있는 플랫폼을 제공해 왔습니다. 그리고 이제 곧 Counter-Strike 2와 함께 새로운 CS 시대의 막이 열립니다.,https://shared.akamai.steamstatic.com/store_item_assets/steam/apps/730/162664aa5da85f418105350c5d67ca565f6c3713/header.jpg?t=1780435263,appdetails,2026-06-06T10:50:20+00:00
921570,옥토패스 트래블러,2019년 6월 7일,"[""Square Enix"", ""ACQUIRE Corp.""]","[""Square Enix""]","[""RPG""]","[""싱글 플레이어"", ""Steam 도전 과제"", ""컨트롤러 완벽 지원"", ""Steam 트레이딩 카드"", ""음량 개별 조절"", ""키보드 전용 옵션"", ""퀵타임 이벤트 없이 플레이 가능"", ""스테레오 사운드"", ""Steam Cloud"", ""Remote Play 휴대전화"", ""Remote Play 태블릿"", ""Remote Play TV"", ""가족 공유""]","{""currency"": ""KRW"", ""discount_percent"": 0, ""final"": 5980000, ""final_formatted"": ""₩ 59,800"", ""initial"": 5980000, ""initial_formatted"": """"}",80.0,False,0,"8명의 여행가, 8개의 모험, 8개의 역할. 광활한 Orsterra 세계로 여정을 떠나 여행가 8명 각각의 흥미진진한 이야기와 만나보십시오.",https://shared.akamai.steamstatic.com/store_item_assets/steam/apps/921570/header.jpg?t=1775027150,appdetails,2026-06-06T10:50:20+00:00
1611910,"Warhammer 40,000: Chaos Gate - Daemonhunters",2022년 5월 5일,"[""Complex Games""]","[""Frontier Foundry""]","[""RPG"", ""전략""]","[""싱글 플레이어"", ""Steam 도전 과제"", ""컨트롤러 완벽 지원"", ""Steam 트레이딩 카드"", ""Steam Cloud"", ""가족 공유""]","{""currency"": ""KRW"", ""discount_percent"": 0, ""final"": 4600000, ""final_formatted"": ""₩ 46,000"", ""initial"": 4600000, ""initial_formatted"": """"}",81.0,False,0,인류의 가장 위대한 무기인 Grey Knights를 이끌고 빠르게 전개되는 턴제 기반의 전략적인 RPG를 경험해 보세요. 시네마틱과 스토리를 중심으로 흘러가는 캠페인에서 온 우주로 퍼져가는 전염병을 차단하세요. 여러분만의 Daemonhuntes 군대를 모집하고 전략과 기술을 발휘해 보세요.,https://shared.akamai.steamstatic.com/store_item_assets/steam/apps/1611910/header.jpg?t=1764856974,appdetails,2026-06-06T10:50:20+00:00
107410,Arma 3,2013년 9월 12일,"[""Bohemia Interactive""]","[""Bohemia Interactive""]","[""액션"", ""시뮬레이션"", ""전략""]","[""싱글 플레이어"", ""멀티플레이어"", ""PvP"", ""온라인 PvP"", ""LAN PvP"", ""협동"", ""온라인 협동"", ""LAN 협동"", ""Steam 도전 과제"", ""Steam 트레이딩 카드"", ""캡션 이용 가능"", ""Steam 창작마당"", ""통계"", ""Steam 순위표"", ""레벨 에디터 포함"", ""Steam 타임라인""]","{""currency"": ""KRW"", ""discount_percent"": 0, ""final"": 3600000, ""final_formatted"": ""₩ 36,000"", ""initial"": 3600000, ""initial_formatted"": """"}",74.0,False,0,"거대한 군사 샌드박스에서 진정한 전투 게임플레이를 경험하세요. 다양한 싱글 및 멀티플레이어 콘텐츠, 현대적인 무기와 차량으로 구성된 방대한 무기고, 그리고 무한한 콘텐츠 제작의 기회와 함께 전장에 뛰어드세요. 사실적이고, 다양하고, 개방적인 Arma 3가 당신을 전쟁의 한복판으로 초대합니다.",https://shared.akamai.steamstatic.com/store_item_assets/steam/apps/107410/header.jpg?t=1777566947,appdetails,2026-06-06T10:50:20+00:00
1468720,Ultimate Epic Battle Simulator 2,2023년 7월 21일,"[""Brilliant Game Studios""]","[""Brilliant Game Studios""]","[""액션"", ""어드벤처"", ""캐주얼"", ""인디"", ""시뮬레이션"", ""전략""]","[""싱글 플레이어"", ""가족 공유""]","{""currency"": ""KRW"", ""discount_percent"": 0, ""final"": 2050000, ""final_formatted"": ""₩ 20,500"", ""initial"": 2050000, ""initial_formatted"": """"}",,False,0,"Welcome to Ultimate Epic Battle Simulator 2, the most ridiculous and insane battle simulator in existence! Create eye watering battles with hundreds of thousands, even millions of characters on screen! Jump into multiple campaigns in game or player made, or play in sandbox mode and FPS invasion",https://shared.akamai.steamstatic.com/store_item_assets/steam/apps/1468720/header.jpg?t=1736286994,appdetails,2026-06-06T10:50:20+00:00
1149640,RimWorld - Royalty,2020년 2월 24일,"[""Ludeon Studios""]",,"[""인디"", ""시뮬레이션"", ""전략""]","[""싱글 플레이어"", ""다운로드 가능한 콘텐츠"", ""Steam 창작마당"", ""Steam Cloud"", ""가족 공유""]","{""currency"": ""KRW"", ""discount_percent"": 0, ""final"": 2150000, ""final_formatted"": ""₩ 21,500"", ""initial"": 2150000, ""initial_formatted"": """"}",,False,0,"제국이 도착했습니다. 임무를 수행하고 작위를 얻어서 초능력과 고유 기술, 제국 돌격대의 지원을 받으세요. 아니면 제국의 패권에 도전하세요. 신비로운 영혼나무와 연결하고, 훔친 초능력 기술을 사용하세요. 황제의 은총을 얻으면, 함께 별들의 사이로 떠날 수 있을 것입니다.",https://shared.akamai.steamstatic.com/store_item_assets/steam/apps/1149640/45ca4ea5e7b18f1ed0a38776c3036146491e998d/header.jpg?t=1779288400,appdetails,2026-06-06T10:50:20+00:00
1150440,Aliens: Dark Descent,2023년 6월 19일,"[""Tindalos Interactive""]","[""Focus Entertainment""]","[""액션"", ""전략""]","[""싱글 플레이어"", ""Steam 도전 과제"", ""컨트롤러 완벽 지원"", ""텍스트 크기 조정"", ""카메라 움직임 조정"", ""색상 대체"", ""음량 개별 조절"", ""난이도 조정"", ""퀵타임 이벤트 없이 플레이 가능"", ""수시 저장"", ""스테레오 사운드"", ""자막 옵션"", ""서라운드 사운드"", ""Steam Cloud"", ""가족 공유""]","{""currency"": ""KRW"", ""discount_percent"": 65, ""final"": 1568000, ""final_formatted"": ""₩ 15,680"", ""initial"": 4480000, ""initial_formatted"": ""₩ 44,800""}",75.0,False,0,유명 에일리언 프랜차이즈의 분대 기반 싱글 플레이 액션 게임인 Aliens: Dark Descent의 흥미진진한 여정에 빠져보세요. 실시간으로 병사들을 이끌고 레테 위성에서 새롭고 끔찍한 제노모프 발생을 막으세요.,https://shared.akamai.steamstatic.com/store_item_assets/steam/apps/1150440/header.jpg?t=1757943677,appdetails,2026-06-06T10:50:20+00:00
368260,마블 미드나잇 선즈,2022년 12월 1일,"[""Firaxis Games""]","[""2K""]","[""RPG"", ""전략""]","[""싱글 플레이어"", ""Steam 도전 과제"", ""컨트롤러 완벽 지원"", ""앱 내 구매"", ""가족 공유""]","{""currency"": ""KRW"", ""discount_percent"": 0, ""final"": 6780000, ""final_formatted"": ""₩ 67,800"", ""initial"": 6780000, ""initial_formatted"": """"}",,False,15,"마블 유니버스의 어두운 뒷편에서 슈퍼 히어로처럼 싸우고 전략을 세워보세요. 종말의 위협에 맞서는 슈퍼 히어로, 그리고 초능력을 가진 전사로 구성된 팀을 이끌어야 하는 전설적인 악마 처단자 사냥꾼으로 플레이하세요.",https://shared.akamai.steamstatic.com/store_item_assets/steam/apps/368260/header.jpg?t=1732138093,appdetails,2026-06-06T10:50:20+00:00
3014320,옥토패스 트래블러 0 (OCTOPATH TRAVELER 0),2025년 12월 4일,"[""Square Enix"", ""DOKIDOKI GROOVE WORKS""]","[""Square Enix""]","[""RPG""]","[""싱글 플레이어"", ""Steam 도전 과제"", ""컨트롤러 완벽 지원"", ""Steam 트레이딩 카드"", ""색상 대체"", ""음량 개별 조절"", ""키보드 전용 옵션"", ""퀵타임 이벤트 없이 플레이 가능"", ""스테레오 사운드"", ""Steam Cloud"", ""가족 공유""]","{""currency"": ""KRW"", ""discount_percent"": 0, ""final"": 5980000, ""final_formatted"": ""₩ 59,800"", ""initial"": 5980000, ""initial_formatted"": """"}",,False,0,"전 세계 판매량 500만 장을 돌파한 RPG 「옥토패스 트래블러」 시리즈 최신작. 오르스테라 대륙을 무대로 삼아, 신의 반지를 둘러싸고 벌어지는 복수와 재건의 이야기가 펼쳐진다.",https://shared.akamai.steamstatic.com/store_item_assets/steam/apps/3014320/64e57769c968124451e35898eae64217f99bd9c4/header.jpg?t=1779854659,appdetails,2026-06-06T10:50:20+00:00
2617700,Tinkerlands,2025년 5월 23일,"[""CodeManu"", ""Endless Coffee""]","[""HypeTrain Digital""]","[""액션"", ""어드벤처"", ""캐주얼"", ""인디"", ""RPG"", ""시뮬레이션"", ""전략"", ""앞서 해보기""]","[""싱글 플레이어"", ""멀티플레이어"", ""협동"", ""온라인 협동"", ""Steam 도전 과제"", ""컨트롤러 일부 지원"", ""Steam Cloud"", ""가족 공유""]","{""currency"": ""KRW"", ""discount_percent"": 25, ""final"": 975000, ""final_formatted"": ""₩ 9,750"", ""initial"": 1300000, ""initial_formatted"": ""₩ 13,000""}",,False,0,"미지의 섬을 홀로, 또는 친구와 같이 탐험하고, 도구를 만들면서 헤쳐나가세요! Tinkerlands 는 거주지를 만들고, 생존에 필요한 도구들을 만들며, 심지어는 마법도 사용할 수 있는 흥미진진한 생존 어드벤처 게임입니다.",https://shared.akamai.steamstatic.com/store_item_assets/steam/apps/2617700/52279341a0881491b42579b14bf217be1e179cae/header.jpg?t=1780590647,appdetails,2026-06-06T10:50:20+00:00
2620240,스펙트럴 스크림,2024년 8월 28일,"[""STOIC Ent.""]","[""STOIC Ent.""]","[""액션"", ""어드벤처"", ""인디"", ""전략""]","[""싱글 플레이어"", ""멀티플레이어"", ""협동"", ""온라인 협동"", ""Steam 도전 과제"", ""VR 지원"", ""가족 공유""]","{""currency"": ""KRW"", ""discount_percent"": 0, ""final"": 990000, ""final_formatted"": ""₩ 9,900"", ""initial"": 990000, ""initial_formatted"": """"}",,False,0,스펙트럴 스크림은 1-4인 협동 호러 탐험 게임입니다. 연옥의 아귀 속에서 죽음과 맞서 싸울 준비가 되셨나요? 각 챕터의 키 아이템을 찾고 오브를 회수하는 것이 당신의 목표입니다. 하지만 조심하세요! 매 단계마다 위협적이고 흉악한 크리쳐들이 당신을 기다리고 있습니다.,https://shared.akamai.steamstatic.com/store_item_assets/steam/apps/2620240/82b2f69c65e023bdc4b6b70a3b6de4ef574b2992/header.jpg?t=1762304621,appdetails,2026-06-06T10:50:20+00:00
518790,theHunter: Call of the Wild™,2017년 2월 16일,"[""Expansive Worlds""]","[""Avalanche Studios""]","[""어드벤처"", ""시뮬레이션"", ""스포츠""]","[""싱글 플레이어"", ""멀티플레이어"", ""협동"", ""온라인 협동"", ""Steam 도전 과제"", ""컨트롤러 완벽 지원"", ""앱 내 구매"", ""Steam Cloud"", ""가족 공유""]","{""currency"": ""KRW"", ""discount_percent"": 0, ""final"": 2150000, ""final_formatted"": ""₩ 21,500"", ""initial"": 2150000, ""initial_formatted"": """"}",,False,0,커뮤니티와 협력하여 정기적으로 업데이트되는 이 사실적이고 놀라운 오픈 월드에서 다른 어떤 게임과도 비교할 수 없는 분위기를 내는 사냥 게임을 즐겨보세요. 싱글 플레이어 캠페인에 몰입하거나 친구들과 최고의 사냥 경험을 공유할 수 있습니다.,https://shared.akamai.steamstatic.com/store_item_assets/steam/apps/518790/036e17409d690cc01b022d73a198aa51a320f803/header_alt_assets_28.jpg?t=1780409865,appdetails,2026-06-06T10:50:20+00:00
780290,Gloomhaven,2021년 10월 20일,"[""Flaming Fowl Studios"", ""Saber Interactive""]","[""Twin Sails Interactive""]","[""어드벤처"", ""RPG"", ""전략""]","[""싱글 플레이어"", ""멀티플레이어"", ""협동"", ""온라인 협동"", ""컨트롤러 완벽 지원"", ""Steam 트레이딩 카드"", ""Steam 창작마당"", ""Steam Cloud"", ""레벨 에디터 포함"", ""가족 공유""]","{""currency"": ""KRW"", ""discount_percent"": 72, ""final"": 1033000, ""final_formatted"": ""₩ 10,330"", ""initial"": 3690000, ""initial_formatted"": ""₩ 36,900""}",82.0,False,0,"Lead your band of mercenaries in the land of Gloomhaven, work with unsavoury individuals, shape the fate of the region, fight your way through horrific places and get rich or die trying in this ruthless Tactical-RPG.",https://shared.akamai.steamstatic.com/store_item_assets/steam/apps/780290/header.jpg?t=1780409484,appdetails,2026-06-06T10:50:20+00:00
431240,Golf With Your Friends,2020년 5월 19일,"[""Blacklight Interactive"", ""Team17""]","[""Team17""]","[""캐주얼"", ""인디"", ""스포츠""]","[""싱글 플레이어"", ""멀티플레이어"", ""PvP"", ""온라인 PvP"", ""스크린 공유 및 분할 PvP"", ""공유 및 분할 화면"", ""Steam 도전 과제"", ""Steam 창작마당"", ""컨트롤러 일부 지원"", ""통계"", ""레벨 에디터 포함"", ""Remote Play 휴대전화"", ""Remote Play 태블릿"", ""Remote Play Together"", ""가족 공유""]","{""currency"": ""KRW"", ""discount_percent"": 0, ""final"": 1550000, ""final_formatted"": ""₩ 15,500"", ""initial"": 1550000, ""initial_formatted"": """"}",,False,0,"친구와 골프를&quot;&quot;은 재미있고, 도전적이고, 최대 12명이 즐길 수 있는 멀티플레이어 미니 골프 게임입니다. 이 게임에는 현재 18홀로 구성된 레벨 9개가 있습니다.",https://shared.akamai.steamstatic.com/store_item_assets/steam/apps/431240/header.jpg?t=1780479958,appdetails,2026-06-06T10:50:20+00:00
1029780,Going Medieval,2026년 3월 17일,"[""Foxy Voxel""]","[""Mythwright""]","[""인디"", ""RPG"", ""시뮬레이션"", ""전략""]","[""싱글 플레이어"", ""Steam 도전 과제"", ""Steam 트레이딩 카드"", ""Steam 창작마당"", ""텍스트 크기 조정"", ""카메라 움직임 조정"", ""음량 개별 조절"", ""난이도 조정"", ""마우스 전용 옵션"", ""퀵타임 이벤트 없이 플레이 가능"", ""수시 저장"", ""Steam Cloud"", ""가족 공유""]","{""currency"": ""KRW"", ""discount_percent"": 20, ""final"": 2560000, ""final_formatted"": ""₩ 25,600"", ""initial"": 3200000, ""initial_formatted"": ""₩ 32,000""}",76.0,False,0,"야생으로 돌아간 땅에서 나만의 성 정착지를 건설하고 관리하세요. 세부적인 관리, 생존 전략, 모드 지원 샌드박스 세계를 갖춘 게임, Going Medieval에서 여러분의 목표는 종말 후 세계에서 가장 강력한 식민지를 세우는 것입니다.",https://shared.akamai.steamstatic.com/store_item_assets/steam/apps/1029780/63deb4e3dec2e7db9b8fc60bed19cf9a0e0e1e01/header.jpg?t=1779288528,appdetails,2026-06-06T10:50:20+00:00
1466860,Age of Empires IV: Anniversary Edition,2021년 10월 28일,"[""World's Edge"", ""Relic Entertainment"", ""Forgotten Empires"", ""Climax Studios""]","[""Xbox Game Studios""]","[""전략""]","[""싱글 플레이어"", ""멀티플레이어"", ""PvP"", ""온라인 PvP"", ""협동"", ""온라인 협동"", ""크로스 플랫폼 멀티플레이어"", ""Steam 도전 과제"", ""컨트롤러 완벽 지원"", ""가족 공유""]","{""currency"": ""KRW"", ""discount_percent"": 65, ""final"": 1396000, ""final_formatted"": ""₩ 13,960"", ""initial"": 3990000, ""initial_formatted"": ""₩ 39,900""}",81.0,False,0,수백만 명의 글로벌 플레이어를 기쁘게하는 첫 해를 축하하는 수상 경력에 빛나는 베스트셀러 전략 프랜차이즈는 에이지 오브 엠파이어 IV: 기념일 에디션으로 계속되어 세계를 형성 한 더욱 서사시적인 역사적 전투의 중심에 서게합니다.,https://shared.akamai.steamstatic.com/store_item_assets/steam/apps/1466860/header.jpg?t=1780502351,appdetails,2026-06-06T10:50:20+00:00
251570,7 Days to Die,2024년 7월 25일,"[""The Fun Pimps""]","[""The Fun Pimps Entertainment LLC""]","[""액션"", ""어드벤처"", ""인디"", ""RPG"", ""시뮬레이션"", ""전략""]","[""싱글 플레이어"", ""멀티플레이어"", ""PvP"", ""온라인 PvP"", ""LAN PvP"", ""협동"", ""온라인 협동"", ""LAN 협동"", ""크로스 플랫폼 멀티플레이어"", ""Steam 도전 과제"", ""컨트롤러 완벽 지원"", ""Steam 트레이딩 카드"", ""레벨 에디터 포함"", ""Remote Play 태블릿"", ""Remote Play TV"", ""가족 공유""]","{""currency"": ""KRW"", ""discount_percent"": 0, ""final"": 4700000, ""final_formatted"": ""₩ 47,000"", ""initial"": 4700000, ""initial_formatted"": """"}",,False,0,『7 Days to Dir』は、FPS、サバイバルホラー、タワーディフェンス、ロールプレイングゲームをユニークに組み合わせたオープンワールド型のゲームです。元祖ゾンビサバイバルなサンドボックスRPGゲームをプレイしましょう。ネーブズジェーンがあなたを待っています！,https://shared.akamai.steamstatic.com/store_item_assets/steam/apps/251570/header.jpg?t=1776457619,appdetails,2026-06-06T10:50:20+00:00
1669000,Age of Wonders 4,2023년 5월 2일,"[""Triumph Studios""]","[""Paradox Interactive""]","[""RPG"", ""전략""]","[""싱글 플레이어"", ""멀티플레이어"", ""PvP"", ""온라인 PvP"", ""협동"", ""온라인 협동"", ""크로스 플랫폼 멀티플레이어"", ""Steam 도전 과제"", ""Steam 트레이딩 카드"", ""Steam 창작마당"", ""카메라 움직임 조정"", ""음성 채팅 텍스트 변환"", ""텍스트 채팅 음성 변환"", ""음량 개별 조절"", ""난이도 조정"", ""퀵타임 이벤트 없이 플레이 가능"", ""수시 저장"", ""스테레오 사운드"", ""서라운드 사운드"", ""컨트롤러 일부 지원"", ""Steam Cloud"", ""Remote Play Together"", ""가족 공유""]","{""currency"": ""KRW"", ""discount_percent"": 0, ""final"": 5500000, ""final_formatted"": ""₩ 55,000"", ""initial"": 5500000, ""initial_formatted"": """"}",,False,0,나만의 판타지 세계를 지배하라! 4X 전략과 턴제 전술 전투를 합친 Age of Wonders의 시스템과 함께 새 마법 세계를 탐험하세요. 턴을 진행하는 동안 제국을 확장하며 자신의 세력을 양성하고 변모시켜야 합니다!,https://shared.akamai.steamstatic.com/store_item_assets/steam/apps/1669000/6117cd8a24c0af366d7c9cdb2fc1565c4a97d8cf/header.jpg?t=1779195454,appdetails,2026-06-06T10:50:20+00:00
1948980,大侠立志传,2023년 11월 15일,"[""半瓶醋工作室（Half Amateur Studio）""]","[""XD""]","[""어드벤처"", ""인디"", ""RPG"", ""시뮬레이션""]","[""싱글 플레이어"", ""Steam 도전 과제"", ""컨트롤러 완벽 지원"", ""Steam 창작마당"", ""Steam Cloud"", ""가족 공유""]","{""currency"": ""KRW"", ""discount_percent"": 0, ""final"": 1950000, ""final_formatted"": ""₩ 19,500"", ""initial"": 1950000, ""initial_formatted"": """"}",,False,0,Hero's Adventure:Road to Passion is a wuxia open-world RPG. You will commence your journey as an underdog in the tumultuous Martial World and will be met with a wide array of choices as you navigate your own heroic saga.,https://shared.akamai.steamstatic.com/store_item_assets/steam/apps/1948980/3b4c99950f5c84c72a200139b6f10c8ddd08cfa0/header.jpg?t=1778838196,appdetails,2026-06-06T10:50:20+00:00
233450,Prison Architect,2015년 10월 6일,"[""Introversion Software"", ""Double Eleven""]","[""Paradox Interactive""]","[""인디"", ""시뮬레이션"", ""전략""]","[""싱글 플레이어"", ""Steam 도전 과제"", ""Steam 트레이딩 카드"", ""Steam 창작마당"", ""Steam Cloud"", ""레벨 에디터 포함"", ""가족 공유""]","{""currency"": ""KRW"", ""discount_percent"": 0, ""final"": 3300000, ""final_formatted"": ""₩ 33,000"", ""initial"": 3300000, ""initial_formatted"": """"}",83.0,False,0,세계에서 가장 무자비한 교도소장만이 세계에서 가장 무자비한 재소자들을 관리할 수 있습니다. Prison Architect에서 나만의 교도소를 세우고 발전시키세요.,https://shared.akamai.steamstatic.com/store_item_assets/steam/apps/233450/header.jpg?t=1759221867,appdetails,2026-06-06T10:50:20+00:00
2356780,Dungeon Clawler,2026년 4월 30일,"[""Stray Fawn Studio""]","[""Stray Fawn Publishing""]","[""액션"", ""캐주얼"", ""RPG"", ""시뮬레이션"", ""전략""]","[""싱글 플레이어"", ""Steam 도전 과제"", ""컨트롤러 완벽 지원"", ""Steam 트레이딩 카드"", ""카메라 움직임 조정"", ""음량 개별 조절"", ""난이도 조정"", ""키보드 전용 옵션"", ""마우스 전용 옵션"", ""퀵타임 이벤트 없이 플레이 가능"", ""스테레오 사운드"", ""Steam Cloud"", ""가족 공유""]","{""currency"": ""KRW"", ""discount_percent"": 0, ""final"": 1500000, ""final_formatted"": ""₩ 15,000"", ""initial"": 1500000, ""initial_formatted"": """"}",,False,0,"Dungeon Clawler는 로그라이크 인형 뽑기 덱 빌딩 게임입니다. 덱을 만들고, 뽑기 기계에서 무기와 아이템을 집어 적과 싸우고, 판도를 뒤집는 시너지를 생성하는 강력한 특전을 발견하고, 미친 듯한 콤보를 쏟아 내며 던전에서 앞으로 나아가세요!",https://shared.akamai.steamstatic.com/store_item_assets/steam/apps/2356780/header.jpg?t=1779409879,appdetails,2026-06-06T10:50:20+00:00
1522820,Orcs Must Die! 3,2021년 7월 23일,"[""Robot Entertainment""]","[""Robot Entertainment""]","[""액션"", ""어드벤처"", ""인디"", ""전략""]","[""싱글 플레이어"", ""멀티플레이어"", ""협동"", ""온라인 협동"", ""Steam 도전 과제"", ""컨트롤러 완벽 지원"", ""Steam 트레이딩 카드"", ""Steam Cloud"", ""Steam 순위표"", ""Remote Play TV"", ""가족 공유""]","{""currency"": ""KRW"", ""discount_percent"": 75, ""final"": 775000, ""final_formatted"": ""₩ 7,750"", ""initial"": 3100000, ""initial_formatted"": ""₩ 31,000""}",,False,0,오랫동안 기다려온 게임상 수상에 빛나는 Orcs Must Die! 시리즈의 후속작이 찾아왔습니다. 불쾌한 오크의 거대한 무리를 베고 태우고 던지고 지지고 해치우세요.,https://shared.akamai.steamstatic.com/store_item_assets/steam/apps/1522820/header.jpg?t=1726499308,appdetails,2026-06-06T10:50:20+00:00
2868840,Slay the Spire 2,2026년 3월 5일,"[""Mega Crit""]","[""Mega Crit""]","[""인디"", ""전략"", ""앞서 해보기""]","[""싱글 플레이어"", ""멀티플레이어"", ""협동"", ""온라인 협동"", ""컨트롤러 완벽 지원"", ""음량 개별 조절"", ""마우스 전용 옵션"", ""퀵타임 이벤트 없이 플레이 가능"", ""수시 저장"", ""Steam Cloud"", ""통계"", ""Steam 순위표"", ""가족 공유""]","{""currency"": ""KRW"", ""discount_percent"": 0, ""final"": 2700000, ""final_formatted"": ""₩ 27,000"", ""initial"": 2700000, ""initial_formatted"": """"}",,False,0,"로그라이크 덱 빌딩 게임의 상징이 돌아왔습니다! 슬레이 더 스파이어 2에서 독창적인 덱을 만들고, 괴이한 생명체들과 조우하며, 엄청난 힘을 가진 유물을 발견하세요.",https://shared.akamai.steamstatic.com/store_item_assets/steam/apps/2868840/b0958d387dc366211e0f353443710cfcf9fdb020/header.jpg?t=1776735385,appdetails,2026-06-06T10:50:20+00:00
3314790,CloverPit,2025년 9월 26일,"[""Panik Arcade""]","[""Future Friends Games""]","[""액션"", ""어드벤처"", ""인디"", ""시뮬레이션"", ""스포츠"", ""전략""]","[""싱글 플레이어"", ""Steam 도전 과제"", ""컨트롤러 완벽 지원"", ""Steam Cloud"", ""가족 공유""]","{""currency"": ""KRW"", ""discount_percent"": 20, ""final"": 880000, ""final_formatted"": ""₩ 8,800"", ""initial"": 1100000, ""initial_formatted"": ""₩ 11,000""}",,False,0,로그라이트 슬롯 머신 악몽이 펼쳐집니다. 끝이 나지 않는 부채 시뮬레이터에서 목숨을 건 도박을 즐기세요!,https://shared.akamai.steamstatic.com/store_item_assets/steam/apps/3314790/8ba81356b84aa937573fa29fdd708dbd96b01537/header.jpg?t=1780064423,appdetails,2026-06-06T10:50:20+00:00
394360,Hearts of Iron IV,2016년 6월 6일,"[""Paradox Development Studio""]","[""Paradox Interactive""]","[""시뮬레이션"", ""전략""]","[""싱글 플레이어"", ""멀티플레이어"", ""협동"", ""크로스 플랫폼 멀티플레이어"", ""Steam 도전 과제"", ""Steam 트레이딩 카드"", ""Steam 창작마당"", ""Steam Cloud"", ""Remote Play 태블릿"", ""가족 공유""]","{""currency"": ""KRW"", ""discount_percent"": 0, ""final"": 5500000, ""final_formatted"": ""₩ 55,000"", ""initial"": 5500000, ""initial_formatted"": """"}",83.0,False,0,"Victory is at your fingertips! Your ability to lead your nation is your supreme weapon, the strategy game Hearts of Iron IV lets you take command of any nation in World War II; the most engaging conflict in world history.",https://shared.akamai.steamstatic.com/store_item_assets/steam/apps/394360/67bbd0057627fc2244793bcdd09260c2539499cf/header.jpg?t=1780494129,appdetails,2026-06-06T10:50:20+00:00
1372810,팀파이트 매니저,2021년 3월 1일,"[""Team Samoyed""]","[""Team Samoyed""]","[""인디"", ""시뮬레이션"", ""스포츠""]","[""싱글 플레이어"", ""멀티플레이어"", ""PvP"", ""온라인 PvP"", ""크로스 플랫폼 멀티플레이어"", ""Steam 도전 과제"", ""컨트롤러 일부 지원"", ""Steam Cloud"", ""가족 공유""]","{""currency"": ""KRW"", ""discount_percent"": 0, ""final"": 1100000, ""final_formatted"": ""₩ 11,000"", ""initial"": 1100000, ""initial_formatted"": """"}",,False,0,팀파이트 매니저는 가상의 E-sports 팀 감독이 되어 선수들을 관리하며 경기를 진행하는 시뮬레이션 게임입니다. 챔피언과 선수의 특성을 파악하여 승리할 수 있는 밴픽을 구성해 보세요! 잘 짜여진 전략은 선수의 실력마저 극복할 수 있습니다.,https://shared.akamai.steamstatic.com/store_item_assets/steam/apps/1372810/header.jpg?t=1742638991,appdetails,2026-06-06T10:50:20+00:00
2432860,MENACE 메너스,2026년 2월 5일,"[""Overhype Studios""]","[""Hooded Horse""]","[""RPG"", ""시뮬레이션"", ""전략"", ""앞서 해보기""]","[""싱글 플레이어"", ""Steam 도전 과제"", ""Steam 트레이딩 카드"", ""Steam Cloud"", ""가족 공유""]","{""currency"": ""KRW"", ""discount_percent"": 0, ""final"": 3990000, ""final_formatted"": ""₩ 39,900"", ""initial"": 3990000, ""initial_formatted"": """"}",,False,0,"Battle Brothers 개발진이 선보이는 턴제 전략 RPG에서 외계인들의 위협에 맞서 기동 타격대를 지휘하십시오. 여러 세계의 구조 요청에 응답하고, 분대를 훈련시키고, 무장하고, 탱크와 워커를 배치하고, 정밀하고 세밀한 턴제 전투의 임무를 계획하고 실행하십시오.",https://shared.akamai.steamstatic.com/store_item_assets/steam/apps/2432860/bb16b701a41ff2aeed92b86702cbf3f6ff7e9630/header_koreana.jpg?t=1779786144,appdetails,2026-06-06T10:50:20+00:00
2239710,Into the Dead: Our Darkest Days,2025년 4월 9일,"[""PikPok""]","[""Boltray Games (China)"", ""PikPok (worldwide)""]","[""액션"", ""시뮬레이션"", ""전략"", ""앞서 해보기""]","[""싱글 플레이어"", ""컨트롤러 완벽 지원"", ""가족 공유""]","{""currency"": ""KRW"", ""discount_percent"": 20, ""final"": 2160000, ""final_formatted"": ""₩ 21,600"", ""initial"": 2700000, ""initial_formatted"": ""₩ 27,000""}",,False,0,"1980년 텍사스. 월튼시티에 좀비 감염이 확산되습니다. 생존을 위한 끊임없는 투쟁 속에서 수집, 제작, 전투를 통해 필사적인 생존자 무리를 한 피난처에서 다른 피난처로 계속 이끄세요. 현명하게 계획하고, 함께 뭉치고, 살아남고 싶다면 반드시 계속 움직여야 합니다.",https://shared.akamai.steamstatic.com/store_item_assets/steam/apps/2239710/196bdf4553423a73a10bc77c704330693db42497/header_alt_assets_13_koreana.jpg?t=1780361745,appdetails,2026-06-06T10:50:20+00:00
977400,Cell to Singularity - Evolution Never Ends,2021년 11월 3일,"[""Computer Lunch""]","[""Computer Lunch""]","[""캐주얼"", ""시뮬레이션"", ""무료 플레이""]","[""싱글 플레이어"", ""Steam 도전 과제"", ""앱 내 구매"", ""컨트롤러 일부 지원"", ""Steam Cloud""]",,,True,0,진화가 끝나지 않는다,https://shared.akamai.steamstatic.com/store_item_assets/steam/apps/977400/9f6e88d98dfe4216bf1b424d30a4206dee547e31/header.jpg?t=1780072395,appdetails,2026-06-06T10:50:20+00:00
233860,Kenshi,2018년 12월 6일,"[""Lo-Fi Games""]","[""Lo-Fi Games""]","[""액션"", ""인디"", ""RPG"", ""시뮬레이션"", ""전략""]","[""싱글 플레이어"", ""Steam 트레이딩 카드"", ""Steam 창작마당"", ""레벨 에디터 포함"", ""가족 공유""]","{""currency"": ""KRW"", ""discount_percent"": 0, ""final"": 3100000, ""final_formatted"": ""₩ 31,000"", ""initial"": 3100000, ""initial_formatted"": """"}",75.0,False,0,"자유롭게 돌아다니는 분대 기반의 RPG. 스토리를 따라가는 대신 제한 없는 샌드박스식 게임플레이에 중점을 두었습니다. 무역상, 도둑, 반란군, 전쟁 군주, 모험가, 농부, 노예 등 다양한 삶을 체험할 수 있습니다. 운이 나쁘면 식인종의 먹잇감으로 전락할지도 모르죠. 새로운 장비를 연구하거나 제작해 보세요.",https://shared.akamai.steamstatic.com/store_item_assets/steam/apps/233860/fa72ac8a032fd876780cd5b554e4c03b4976ef74/header.jpg?t=1779293333,appdetails,2026-06-06T10:50:20+00:00
437920,Tricky Towers,2016년 8월 2일,"[""WeirdBeard""]","[""WeirdBeard""]","[""캐주얼"", ""인디""]","[""싱글 플레이어"", ""멀티플레이어"", ""PvP"", ""온라인 PvP"", ""스크린 공유 및 분할 PvP"", ""공유 및 분할 화면"", ""Steam 도전 과제"", ""컨트롤러 완벽 지원"", ""Steam 트레이딩 카드"", ""음량 개별 조절"", ""난이도 조정"", ""키보드 전용 옵션"", ""퀵타임 이벤트 없이 플레이 가능"", ""Steam 순위표"", ""Remote Play 휴대전화"", ""Remote Play 태블릿"", ""Remote Play TV"", ""Remote Play Together"", ""가족 공유""]","{""currency"": ""KRW"", ""discount_percent"": 0, ""final"": 1650000, ""final_formatted"": ""₩ 16,500"", ""initial"": 1650000, ""initial_formatted"": """"}",80.0,False,0,화려한 로브를 입고 마법의 힘을 이용해 Tricky Towers를 쌓을 시간입니다! 동화의 세계에서 벽돌을 멋지게 쌓아 봅시다. 누가 쌓은 탑이 가장 튼튼할까요? 쌓은 벽돌이 무너지지 않게 마법을 걸고 탑을 파괴하려는 흑마법을 막아내세요. 친구와 함께 게임하고 영광의 이름을 드높이세요. 광란의 물리학 기반 게임을 다함께 즐겨요.,https://shared.akamai.steamstatic.com/store_item_assets/steam/apps/437920/b36fdd1a692a6602a7ba77dae4ab5c04ec11e4f4/header.jpg?t=1764332173,appdetails,2026-06-06T10:50:20+00:00
3035500,Fantasy Map Simulator,2024년 9월 4일,"[""The Stranger""]","[""The Stranger""]","[""인디"", ""시뮬레이션"", ""전략"", ""앞서 해보기""]","[""싱글 플레이어"", ""Steam 창작마당"", ""레벨 에디터 포함"", ""가족 공유""]","{""currency"": ""KRW"", ""discount_percent"": 27, ""final"": 650000, ""final_formatted"": ""₩ 6,500"", ""initial"": 890000, ""initial_formatted"": ""₩ 8,900""}",,False,0,"환상 지도 시뮬레이터: 수세기에 걸쳐 상상의 세계를 만들고 진화하는 것을 지켜보세요. 지도를 디자인하고, 국가를 시뮬레이션하며, 운명을 통제하세요. 데스크톱 배경화면에서 제국의 흥망성쇠를 목격하세요. 역사 애호가와 창의적인 마인드를 가진 사람들을 위한 독특한 시뮬레이션입니다.",https://shared.akamai.steamstatic.com/store_item_assets/steam/apps/3035500/4e2b900ae588e9b5a47ac540c62238cd12618a8d/header_koreana.jpg?t=1770973543,appdetails,2026-06-06T10:50:20+00:00
3052450,Morimens,2024년 8월 1일,"[""B.I.A.V. Studio""]","[""B.I.A.V. Studio""]","[""RPG"", ""전략"", ""무료 플레이""]","[""싱글 플레이어"", ""멀티플레이어"", ""PvP"", ""Steam 도전 과제"", ""앱 내 구매""]",,,True,0,"&quot;Morimens&quot;는 Cthulhu 테마를 적용한 로그라이트 카드 제작 게임입니다. 유연하고 풍부한 전용 덱을 구성할 수 있으며, 자유롭게 레벨을 돌파하거나 서로 싸울 수도 있습니다. 인간형 무기와 함께 안개가 자욱한 지도와 이상한 사건 사이에서 죽음에 대한 진실을 조사할 수 있습니다. 세계.",https://shared.akamai.steamstatic.com/store_item_assets/steam/apps/3052450/header.jpg?t=1779704728,appdetails,2026-06-06T10:50:20+00:00
1455840,Dorfromantik,2022년 4월 28일,"[""Toukana Interactive""]","[""Toukana Interactive""]","[""캐주얼"", ""인디"", ""시뮬레이션"", ""전략""]","[""싱글 플레이어"", ""Steam 도전 과제"", ""컨트롤러 완벽 지원"", ""Steam 트레이딩 카드"", ""Steam Cloud"", ""Steam 순위표"", ""가족 공유""]","{""currency"": ""KRW"", ""discount_percent"": 40, ""final"": 870000, ""final_formatted"": ""₩ 8,700"", ""initial"": 1450000, ""initial_formatted"": ""₩ 14,500""}",,False,0,"Dorfromantik은 타일을 배치하여 아름답고 계속 성장하는 마을 풍경을 만들어 나가는 평화로운 건설 전략 및 퍼즐 게임입니다. 다양하고 다채로운 생물군계들을 탐험하고, 새로운 타일을 발견 및 잠금 해제하고, 퀘스트를 완료하여 여러분의 세계에 생명을 불어넣으세요!",https://shared.akamai.steamstatic.com/store_item_assets/steam/apps/1455840/header.jpg?t=1780575985,appdetails,2026-06-06T10:50:20+00:00
223750,DCS World Steam Edition,2013년 8월 2일,"[""Eagle Dynamics SA""]","[""Eagle Dynamics SA""]","[""시뮬레이션"", ""무료 플레이""]","[""싱글 플레이어"", ""멀티플레이어"", ""PvP"", ""온라인 PvP"", ""LAN PvP"", ""협동"", ""온라인 협동"", ""LAN 협동"", ""추적되는 컨트롤러 지원"", ""VR 지원"", ""캡션 이용 가능"", ""VR 지원"", ""카메라 움직임 조정"", ""색상 대체"", ""음량 개별 조절"", ""난이도 조정"", ""키보드 전용 옵션"", ""마우스 전용 옵션"", ""퀵타임 이벤트 없이 플레이 가능"", ""수시 저장"", ""스테레오 사운드"", ""서라운드 사운드"", ""터치 전용 옵션"", ""컨트롤러 일부 지원"", ""레벨 에디터 포함""]",,,True,0,Feel the excitement of flying the Su-25T &quot;Frogfoot&quot; attack jet and the TF-51D &quot;Mustang&quot; in the free-to-play Digital Combat Simulator World!,https://shared.akamai.steamstatic.com/store_item_assets/steam/apps/223750/header.jpg?t=1777887462,appdetails,2026-06-06T10:50:20+00:00
3694480,A Game About Feeding A Black Hole,2025년 12월 15일,"[""Aarimous"", ""Thornityco""]","[""Aarimous"", ""Thornityco"", ""Aarimous & Thornity""]","[""캐주얼"", ""인디""]","[""싱글 플레이어"", ""Steam 도전 과제"", ""컨트롤러 완벽 지원"", ""텍스트 크기 조정"", ""음량 개별 조절"", ""키보드 전용 옵션"", ""마우스 전용 옵션"", ""터치 전용 옵션"", ""Steam Cloud"", ""가족 공유""]","{""currency"": ""KRW"", ""discount_percent"": 0, ""final"": 760000, ""final_formatted"": ""₩ 7,600"", ""initial"": 760000, ""initial_formatted"": """"}",,False,0,"소행성, 행성, 별을 파괴하여 블랙홀에 물질을 공급하는 짧은 방치형 게임.",https://shared.akamai.steamstatic.com/store_item_assets/steam/apps/3694480/eb2bc9581341ce206ef001f3e0700d08c513b24f/header.jpg?t=1780319571,appdetails,2026-06-06T10:50:20+00:00
2679460,메타포: 리판타지오,2024년 10월 10일,"[""ATLUS""]","[""SEGA""]","[""액션"", ""어드벤처"", ""RPG""]","[""싱글 플레이어"", ""Steam 도전 과제"", ""컨트롤러 완벽 지원"", ""Steam 트레이딩 카드"", ""카메라 움직임 조정"", ""난이도 조정"", ""키보드 전용 옵션"", ""퀵타임 이벤트 없이 플레이 가능"", ""스테레오 사운드"", ""서라운드 사운드"", ""Steam Cloud"", ""가족 공유""]","{""currency"": ""KRW"", ""discount_percent"": 0, ""final"": 7980000, ""final_formatted"": ""₩ 79,800"", ""initial"": 7980000, ""initial_formatted"": """"}",92.0,False,0,"『메타포: 리판타지오』는 국왕 암살 후 돌연 시작된 선거에 휘말려 새로운 왕의 후보자가 된 소년의 운명을 그린 판타지 RPG입니다. 세계를 방랑하며 하루하루를 자유롭게 보내고, 다양한 클래스와 파티를 활용하여 강적과 맞서 싸우세요. &quot;환상이기에 가능한 현실의 여행&quot;이 시작됩니다.",https://shared.akamai.steamstatic.com/store_item_assets/steam/apps/2679460/header.jpg?t=1764776325,appdetails,2026-06-06T10:50:20+00:00
2871390,Poly TD / 폴리 타워 디펜스,2026년 1월 29일,"[""Naroot""]","[""Naroot""]","[""인디"", ""전략""]","[""싱글 플레이어"", ""Steam Cloud"", ""가족 공유""]","{""currency"": ""KRW"", ""discount_percent"": 0, ""final"": 890000, ""final_formatted"": ""₩ 8,900"", ""initial"": 890000, ""initial_formatted"": """"}",,False,0,"워크래프트 ‘랜덤 디펜스’의 향수를 로그라이크로 재해석했습니다. 유니크한 영웅을 뽑고, 합성하여 더 강력한 영웅으로 진화시키세요. 잔 다르크, 관우, 러브크래프트까지—시공을 초월한 전설 속 영웅들이 등장합니다! 끝없이 몰려오는 적들에 맞서 당신만의 최강 시너지를 증명하세요!",https://shared.akamai.steamstatic.com/store_item_assets/steam/apps/2871390/b84d18b99260b759943e94ce21d3cff5e4d70c70/header_koreana.jpg?t=1771834047,appdetails,2026-06-06T10:50:20+00:00
2870920,Restaurats,2025년 11월 7일,"[""toR Studio""]","[""Polden Publishing""]","[""액션"", ""캐주얼"", ""인디"", ""RPG"", ""시뮬레이션"", ""전략""]","[""싱글 플레이어"", ""멀티플레이어"", ""협동"", ""온라인 협동"", ""Steam 도전 과제"", ""Steam Cloud"", ""가족 공유""]","{""currency"": ""KRW"", ""discount_percent"": 0, ""final"": 1995000, ""final_formatted"": ""₩ 19,950"", ""initial"": 1995000, ""initial_formatted"": """"}",,False,0,"중세 레스토랑을 쥐들과 운영하자! 요리하고 손님에게 던지고, 전설의 쥐 셰프가 되어라!",https://shared.akamai.steamstatic.com/store_item_assets/steam/apps/2870920/f869fdd8460797d04dce9b2038e5b91f6446ab02/header_koreana.jpg?t=1779715608,appdetails,2026-06-06T10:50:20+00:00
3590,Plants vs. Zombies GOTY Edition,2009년 5월 5일,"[""PopCap Games, Inc.""]","[""PopCap Games, Inc."", ""Electronic Arts""]","[""전략""]","[""싱글 플레이어"", ""Steam 도전 과제"", ""Remote Play 휴대전화"", ""Remote Play 태블릿"", ""가족 공유""]","{""currency"": ""KRW"", ""discount_percent"": 0, ""final"": 500000, ""final_formatted"": ""₩ 5,000"", ""initial"": 500000, ""initial_formatted"": """"}",87.0,False,0,"Bejeweled와 Peggle의 제작사인 PopCap의 신개념 액션-전략 게임! 좀비들이 당신의 집을 침략하려는 마당에, 그에 대한 유일한 방어책은 여러분의 식물 군단입니다! Peashooter와 Cherry Bomb 같은 좀비 패는 식물들로 무장하세요. 재빠르게 판단하고 식물을 심어 몰려오는 좀비를 막아내세요. 오싹한 안개, 지는 태양, 수영장 등의 방해 요소들과 게임에 전념할 수 있게 만드는 5개의 모드가 새로운 도전 요소로 추가됐습니다. 고로 재미는 절대 죽지 않을 것입니다!",https://shared.akamai.steamstatic.com/store_item_assets/steam/apps/3590/header.jpg?t=1777394124,appdetails,2026-06-06T10:50:20+00:00
1545560,Shadow Gambit: The Cursed Crew 섀도우 갬빗,2023년 8월 17일,"[""Mimimi Games""]","[""Hooded Horse"", ""Mimimi Games""]","[""RPG"", ""전략""]","[""싱글 플레이어"", ""Steam 도전 과제"", ""컨트롤러 완벽 지원"", ""Steam 트레이딩 카드"", ""텍스트 크기 조정"", ""카메라 움직임 조정"", ""색상 대체"", ""음량 개별 조절"", ""난이도 조정"", ""수시 저장"", ""스테레오 사운드"", ""자막 옵션"", ""Steam Cloud"", ""가족 공유""]","{""currency"": ""KRW"", ""discount_percent"": 75, ""final"": 997000, ""final_formatted"": ""₩ 9,970"", ""initial"": 3990000, ""initial_formatted"": ""₩ 39,900""}",85.0,False,0,"이 비선형 스텔스 전략 게임에서 선원을 모아 악명 높은 유령선을 타고 항해하여 이단 심문관 세력에 몰래 잠입하고, 칼을 휘두르고, 마법을 사용하여 길을 찾으세요. 항로를 정하고, 놀라운 능력을 개발하고, 색다른 전술을 사용하여 강력한 해적의 유물을 찾으세요!",https://shared.akamai.steamstatic.com/store_item_assets/steam/apps/1545560/097f78b0b28fcea0beabe76d765b19e88f6a3346/header_koreana.jpg?t=1779785895,appdetails,2026-06-06T10:50:20+00:00
962400,Granny,2018년 11월 20일,"[""DVloper""]","[""DVloper""]","[""어드벤처"", ""인디""]","[""싱글 플레이어"", ""가족 공유""]","{""currency"": ""KRW"", ""discount_percent"": 0, ""final"": 890000, ""final_formatted"": ""₩ 8,900"", ""initial"": 890000, ""initial_formatted"": """"}",,False,0,You have to escape Granny`s house...You have five days...,https://shared.akamai.steamstatic.com/store_item_assets/steam/apps/962400/header.jpg?t=1687541775,appdetails,2026-06-06T10:50:20+00:00
2384580,진・삼국무쌍: ORIGINS,2025년 1월 16일,"[""KOEI TECMO GAMES CO., LTD.""]","[""KOEI TECMO GAMES CO., LTD.""]","[""액션"", ""RPG"", ""전략""]","[""싱글 플레이어"", ""Steam 도전 과제"", ""컨트롤러 완벽 지원"", ""Steam 트레이딩 카드"", ""색상 대체"", ""음량 개별 조절"", ""난이도 조정"", ""스테레오 사운드"", ""서라운드 사운드"", ""Steam Cloud"", ""HDR 사용 가능"", ""가족 공유""]","{""currency"": ""KRW"", ""discount_percent"": 30, ""final"": 5586000, ""final_formatted"": ""₩ 55,860"", ""initial"": 7980000, ""initial_formatted"": ""₩ 79,800""}",84.0,False,0,"압도적인 전장의 일기당천 상쾌 액션! 이름 없는 영웅이 그리는 삼국지, 「진・삼국무쌍」 시리즈 신작.",https://shared.akamai.steamstatic.com/store_item_assets/steam/apps/2384580/header_koreana.jpg?t=1775536473,appdetails,2026-06-06T10:50:20+00:00
1525700,Tavern Master,2021년 11월 16일,"[""Untitled Studio""]","[""Untitled Studio""]","[""시뮬레이션"", ""전략""]","[""싱글 플레이어"", ""Steam 도전 과제"", ""Steam Cloud"", ""가족 공유""]","{""currency"": ""KRW"", ""discount_percent"": 80, ""final"": 310000, ""final_formatted"": ""₩ 3,100"", ""initial"": 1550000, ""initial_formatted"": ""₩ 15,500""}",,False,0,Tavern Master는 플레이어가 직접 자신만의 아늑한 선술집을 건설하고 유지하는 경영 시뮬레이터 게임입니다!,https://shared.akamai.steamstatic.com/store_item_assets/steam/apps/1525700/header.jpg?t=1760183607,appdetails,2026-06-06T10:50:20+00:00
2753900,The King is Watching,2025년 7월 21일,"[""Hypnohead""]","[""tinyBuild""]","[""인디"", ""전략""]","[""싱글 플레이어"", ""Steam 도전 과제"", ""Steam Cloud"", ""가족 공유""]","{""currency"": ""KRW"", ""discount_percent"": 0, ""final"": 1490000, ""final_formatted"": ""₩ 14,900"", ""initial"": 1490000, ""initial_formatted"": """"}",,False,0,The King is Watching은 로그라이트 왕국 건설 게임입니다. 왕의 시선으로 통치하세요! 각 이벤트의 독특한 특성에 따라 자원 생산과 군대 훈련 둘 중 하나에 집중하거나 둘의 균형을 유지하는 등 선택을 내리세요.,https://shared.akamai.steamstatic.com/store_item_assets/steam/apps/2753900/ecfb55dcd690bfc868da654de9547e731a5ff356/header.jpg?t=1780412454,appdetails,2026-06-06T10:50:20+00:00
322330,Don't Starve Together,2016년 4월 21일,"[""Klei Entertainment""]","[""Klei Entertainment""]","[""액션"", ""어드벤처"", ""인디"", ""RPG"", ""시뮬레이션"", ""전략""]","[""싱글 플레이어"", ""멀티플레이어"", ""PvP"", ""온라인 PvP"", ""LAN PvP"", ""협동"", ""온라인 협동"", ""LAN 협동"", ""컨트롤러 완벽 지원"", ""Steam 트레이딩 카드"", ""Steam 창작마당"", ""앱 내 구매"", ""텍스트 크기 조정"", ""카메라 움직임 조정"", ""색상 대체"", ""음량 개별 조절"", ""난이도 조정"", ""키보드 전용 옵션"", ""마우스 전용 옵션"", ""퀵타임 이벤트 없이 플레이 가능"", ""수시 저장"", ""스테레오 사운드"", ""Remote Play 휴대전화"", ""Remote Play 태블릿"", ""Remote Play TV"", ""가족 공유""]","{""currency"": ""KRW"", ""discount_percent"": 0, ""final"": 1550000, ""final_formatted"": ""₩ 15,500"", ""initial"": 1550000, ""initial_formatted"": """"}",83.0,False,0,Don't Starve Together는 혹독한 생존 게임인 Don't Starve의 독립형 멀티플레이어 익스팬션입니다.,https://shared.akamai.steamstatic.com/store_item_assets/steam/apps/322330/51e5f44e4e38ce02a985687df4fdc8feb678219b/header.jpg?t=1777913126,appdetails,2026-06-06T10:50:20+00:00
2489330,Whiskerwood 휘스커우드,2025년 11월 6일,"[""Minakata Dynamics""]","[""Hooded Horse""]","[""시뮬레이션"", ""전략"", ""앞서 해보기""]","[""싱글 플레이어"", ""Steam 도전 과제"", ""Steam 트레이딩 카드"", ""Steam 창작마당"", ""텍스트 크기 조정"", ""카메라 움직임 조정"", ""음량 개별 조절"", ""난이도 조정"", ""마우스 전용 옵션"", ""퀵타임 이벤트 없이 플레이 가능"", ""수시 저장"", ""스테레오 사운드"", ""Steam Cloud"", ""가족 공유""]","{""currency"": ""KRW"", ""discount_percent"": 35, ""final"": 1943000, ""final_formatted"": ""₩ 19,430"", ""initial"": 2990000, ""initial_formatted"": ""₩ 29,900""}",,False,0,"복잡한 시뮬레이션, 정교한 생산 체인, 고양이와 쥐의 유서 깊은 경쟁 관계가 펼쳐지는 이 도시 건설 게임에서 고양이 지배자들의 억압적인 앞발 아래 부지런한 쥐들을 위한 보금자리를 마련하세요.",https://shared.akamai.steamstatic.com/store_item_assets/steam/apps/2489330/87921918c1cded1d484b8cbb03d325985fb2af3c/header_koreana.jpg?t=1779785268,appdetails,2026-06-06T10:50:20+00:00
2742830,Monster Train 2,2025년 5월 21일,"[""Shiny Shoe""]","[""Big Fan Games""]","[""인디"", ""전략""]","[""싱글 플레이어"", ""Steam 도전 과제"", ""컨트롤러 완벽 지원"", ""Steam 트레이딩 카드"", ""카메라 움직임 조정"", ""음량 개별 조절"", ""난이도 조정"", ""키보드 전용 옵션"", ""마우스 전용 옵션"", ""퀵타임 이벤트 없이 플레이 가능"", ""수시 저장"", ""Steam Cloud"", ""가족 공유""]","{""currency"": ""KRW"", ""discount_percent"": 0, ""final"": 2700000, ""final_formatted"": ""₩ 27,000"", ""initial"": 2700000, ""initial_formatted"": """"}",87.0,False,0,"Monster Train이 새로운 클랜과 적 세력, 도전과 모드 등 다양한 요소와 함께 다시 돌아왔습니다! 많은 인기를 누린 3단계 레벨 방식의 수직형 오리지널 로그라이크 덱 빌더 게임을 플레이하며 화로를 안전하게 방어하세요.",https://shared.akamai.steamstatic.com/store_item_assets/steam/apps/2742830/header.jpg?t=1779381469,appdetails,2026-06-06T10:50:20+00:00
453090,Parkitect,2018년 11월 29일,"[""Texel Raptor""]","[""Texel Raptor""]","[""캐주얼"", ""인디"", ""시뮬레이션"", ""전략""]","[""싱글 플레이어"", ""멀티플레이어"", ""협동"", ""온라인 협동"", ""Steam 도전 과제"", ""Steam 트레이딩 카드"", ""Steam 창작마당"", ""텍스트 크기 조정"", ""카메라 움직임 조정"", ""색상 대체"", ""음량 개별 조절"", ""퀵타임 이벤트 없이 플레이 가능"", ""수시 저장"", ""스테레오 사운드"", ""Steam Cloud"", ""통계"", ""레벨 에디터 포함"", ""가족 공유""]","{""currency"": ""KRW"", ""discount_percent"": 60, ""final"": 1280000, ""final_formatted"": ""₩ 12,800"", ""initial"": 3200000, ""initial_formatted"": ""₩ 32,000""}",83.0,False,0,Parkitect는 놀이공원 건설 및 운영 비즈니스 시뮬레이션 게임입니다! 최고의 클래식 테마파크 게임 스타일에 많은 새로운 기능과 콘텐츠가 추가되었습니다.,https://shared.akamai.steamstatic.com/store_item_assets/steam/apps/453090/header.jpg?t=1773075254,appdetails,2026-06-06T10:50:20+00:00
2427700,백팩 배틀즈,2025년 6월 13일,"[""PlayWithFurcifer""]","[""IndieArk"", ""Shochiku (Japan)""]","[""전략""]","[""멀티플레이어"", ""PvP"", ""온라인 PvP"", ""Steam 도전 과제"", ""컨트롤러 완벽 지원"", ""Steam 트레이딩 카드"", ""Steam Cloud"", ""가족 공유""]","{""currency"": ""KRW"", ""discount_percent"": 0, ""final"": 1650000, ""final_formatted"": ""₩ 16,500"", ""initial"": 1650000, ""initial_formatted"": """"}",,False,0,"PvP 인벤토리 관리 오토배틀러! 강력한 아이템을 구매 및 제작하고, 배낭에서 신중하게 배치하세요.",https://shared.akamai.steamstatic.com/store_item_assets/steam/apps/2427700/75fd59d3c14c32bbba9be83dcae2585b5e17eff5/header.jpg?t=1778121458,appdetails,2026-06-06T10:50:20+00:00
1062090,Timberborn,2026년 3월 12일,"[""Mechanistry""]","[""Mechanistry""]","[""인디"", ""시뮬레이션"", ""전략""]","[""싱글 플레이어"", ""Steam 도전 과제"", ""Steam 창작마당"", ""텍스트 크기 조정"", ""카메라 움직임 조정"", ""음량 개별 조절"", ""난이도 조정"", ""마우스 전용 옵션"", ""퀵타임 이벤트 없이 플레이 가능"", ""수시 저장"", ""스테레오 사운드"", ""Steam Cloud"", ""레벨 에디터 포함"", ""가족 공유""]","{""currency"": ""KRW"", ""discount_percent"": 0, ""final"": 3750000, ""final_formatted"": ""₩ 37,500"", ""initial"": 3750000, ""initial_formatted"": """"}",85.0,False,12,"인간은 사라진 지 오래입니다. 가뭄과 유독성 오염수가 닥쳐오는 이 세상에서 목재펑크 비버들은 살아남을 수 있을까요? Timberborn은 지능적인 동물, 수직 건축, 물 물리 효과, 테라포밍이 특징인 샌드박스 도시 건설 게임입니다. 많은 양의 목재가 사용됩니다.",https://shared.akamai.steamstatic.com/store_item_assets/steam/apps/1062090/eeb2babf15cbf4ebc175316a5d3e42a060f3d97c/header.jpg?t=1778852866,appdetails,2026-06-06T10:50:20+00:00
1599600,플레이트업!,2022년 8월 4일,"[""It's happening""]","[""Yogscast Games"", ""Gamersky Games""]","[""액션"", ""캐주얼"", ""인디"", ""전략""]","[""싱글 플레이어"", ""멀티플레이어"", ""협동"", ""온라인 협동"", ""스크린 공유 및 분할 협동"", ""공유 및 분할 화면"", ""Steam 도전 과제"", ""컨트롤러 완벽 지원"", ""Steam 창작마당"", ""Steam Cloud"", ""Remote Play TV"", ""Remote Play Together"", ""가족 공유""]","{""currency"": ""KRW"", ""discount_percent"": 0, ""final"": 2150000, ""final_formatted"": ""₩ 21,500"", ""initial"": 2150000, ""initial_formatted"": """"}",,False,0,"음식을 조리해서 내놓고, 레스토랑을 디자인하고 장식하며, 이 알고리즘 기반 생성 장소에서 새로운 잠금 해제 아이템, 능력, 요리로 음식 왕국을 넓혀가세요. 영구적인 로그라이트 진행의 클래식 쿠킹 액션. 친구를 고용하거나 모두 직접 하세요!",https://shared.akamai.steamstatic.com/store_item_assets/steam/apps/1599600/header_koreana.jpg?t=1777365800,appdetails,2026-06-06T10:50:20+00:00
287980,Mini Metro,2015년 11월 6일,"[""Dinosaur Polo Club""]","[""Dinosaur Polo Club""]","[""인디"", ""시뮬레이션"", ""전략""]","[""싱글 플레이어"", ""Steam 도전 과제"", ""Steam 트레이딩 카드"", ""Steam 창작마당"", ""Steam Cloud"", ""Steam 순위표"", ""Remote Play 휴대전화"", ""Remote Play 태블릿"", ""가족 공유""]","{""currency"": ""KRW"", ""discount_percent"": 60, ""final"": 420000, ""final_formatted"": ""₩ 4,200"", ""initial"": 1050000, ""initial_formatted"": ""₩ 10,500""}",77.0,False,0,미니 메트로는 성장하는 도시를 위해 지하철 노선을 설계하는 게임입니다. 역과 역 사이에 노선을 그려서 열차 운행을 시작하세요. 새로운 역이 열리면 노선을 수정해서 노선도를 효율적으로 유지하세요. 한정된 자원을 어느 곳에 사용할 것인지 결정하세요. 도시를 얼마나 오래 유지할 수 있을까요?,https://shared.akamai.steamstatic.com/store_item_assets/steam/apps/287980/header_koreana.jpg?t=1724386220,appdetails,2026-06-06T10:50:20+00:00
282070,This War of Mine,2014년 11월 14일,"[""11 bit studios""]","[""11 bit studios""]","[""어드벤처"", ""인디"", ""시뮬레이션""]","[""싱글 플레이어"", ""Steam 도전 과제"", ""Steam 트레이딩 카드"", ""Steam 창작마당"", ""컨트롤러 일부 지원"", ""Steam Cloud"", ""가족 공유""]","{""currency"": ""KRW"", ""discount_percent"": 0, ""final"": 2150000, ""final_formatted"": ""₩ 21,500"", ""initial"": 2150000, ""initial_formatted"": """"}",83.0,False,0,"나만의 전쟁(This War of Mine)에서 여러분은 정예 병사로 플레이 하는 것이 아닌, 봉쇄된 도시에서 부족한 식량과 약품, 그리고 저격수와 호전적인 약탈자들의 끊임없는 위협으로부터 살아남기 위해 몸부림치는 일련의 민간인들의 입장으로 플레이 하게 됩니다. 본 게임은 전쟁을 전혀 다른 시각으로 경험할 수 있게 해줄 것입니다.",https://shared.akamai.steamstatic.com/store_item_assets/steam/apps/282070/26fb8c9bb7b9e3a17469d8026ee3fa510ee7f8f5/header.jpg?t=1765218571,appdetails,2026-06-06T10:50:20+00:00
2162800,shapez 2 - Factory,2026년 4월 23일,"[""tobspr Games""]","[""tobspr Games"", ""Gamirror Games""]","[""캐주얼"", ""인디"", ""시뮬레이션"", ""전략""]","[""싱글 플레이어"", ""Steam 도전 과제"", ""Steam 창작마당"", ""텍스트 크기 조정"", ""카메라 움직임 조정"", ""색상 대체"", ""음량 개별 조절"", ""난이도 조정"", ""퀵타임 이벤트 없이 플레이 가능"", ""수시 저장"", ""스테레오 사운드"", ""자막 옵션"", ""Steam Cloud"", ""가족 공유""]","{""currency"": ""KRW"", ""discount_percent"": 0, ""final"": 3200000, ""final_formatted"": ""₩ 32,000"", ""initial"": 3200000, ""initial_formatted"": """"}",,False,0,공장 건설 게임에 빠져들어 보세요. 단 한 가지에 집중하세요. 대규모 우주 공장을 건설하는 것! 방대하게 펼쳐지는 다층 공장과 만족스러운 생산 라인을 무제한으로 설계하세요. 계속해서 어려워지는 자동화 목표를 적의 위협 없이 자신만의 속도로 달성하세요.,https://shared.akamai.steamstatic.com/store_item_assets/steam/apps/2162800/1ea288180106f046988190e4fe3e3fae2ea15028/header_alt_assets_7.jpg?t=1779290290,appdetails,2026-06-06T10:50:20+00:00
960090,Bloons TD 6,2018년 12월 17일,"[""Ninja Kiwi""]","[""Ninja Kiwi""]","[""전략""]","[""싱글 플레이어"", ""멀티플레이어"", ""협동"", ""온라인 협동"", ""Steam 도전 과제"", ""앱 내 구매"", ""Remote Play 휴대전화"", ""Remote Play 태블릿"", ""가족 공유""]","{""currency"": ""KRW"", ""discount_percent"": 0, ""final"": 1450000, ""final_formatted"": ""₩ 14,500"", ""initial"": 1450000, ""initial_formatted"": """"}",,False,0,공전의 히트를 기록한 타워 디펜스 게임,https://shared.akamai.steamstatic.com/store_item_assets/steam/apps/960090/header.jpg?t=1769161752,appdetails,2026-06-06T10:50:20+00:00
220200,Kerbal Space Program,2015년 4월 27일,"[""Squad""]","[""Private Division""]","[""인디"", ""시뮬레이션""]","[""싱글 플레이어"", ""Steam 트레이딩 카드"", ""Steam 창작마당"", ""컨트롤러 일부 지원"", ""Steam Cloud"", ""가족 공유""]","{""currency"": ""KRW"", ""discount_percent"": 0, ""final"": 4950000, ""final_formatted"": ""₩ 49,500"", ""initial"": 4950000, ""initial_formatted"": """"}",88.0,False,0,"In Kerbal Space Program, take charge of the space program for the alien race known as the Kerbals. You have access to an array of parts to assemble fully-functional spacecraft that flies (or doesn’t) based on realistic aerodynamic and orbital physics.",https://shared.akamai.steamstatic.com/store_item_assets/steam/apps/220200/header.jpg?t=1738037585,appdetails,2026-06-06T10:50:20+00:00
8930,Sid Meier's Civilization® V,2010년 9월 23일,"[""Firaxis Games"", ""Aspyr (Mac)"", ""Aspyr (Linux)""]","[""2K"", ""Aspyr (Mac)"", ""Aspyr (Linux)""]","[""전략""]","[""싱글 플레이어"", ""멀티플레이어"", ""Steam 도전 과제"", ""Steam 트레이딩 카드"", ""Steam Cloud"", ""Remote Play 태블릿"", ""가족 공유""]","{""currency"": ""KRW"", ""discount_percent"": 0, ""final"": 3200000, ""final_formatted"": ""₩ 32,000"", ""initial"": 3200000, ""initial_formatted"": """"}",90.0,False,0,"Create, discover, and download new player-created maps, scenarios, interfaces, and more!",https://shared.akamai.steamstatic.com/store_item_assets/steam/apps/8930/header.jpg?t=1724341158,appdetails,2026-06-06T10:50:20+00:00
1862520,바둑,2022년 8월 9일,"[""Studio Amateur""]","[""Studio Amateur""]","[""캐주얼"", ""인디"", ""시뮬레이션"", ""전략""]","[""싱글 플레이어"", ""멀티플레이어"", ""PvP"", ""온라인 PvP"", ""스크린 공유 및 분할 PvP"", ""협동"", ""스크린 공유 및 분할 협동"", ""공유 및 분할 화면"", ""Steam 도전 과제"", ""Steam Cloud"", ""통계"", ""Steam 순위표"", ""Remote Play Together"", ""가족 공유""]","{""currency"": ""KRW"", ""discount_percent"": 0, ""final"": 1050000, ""final_formatted"": ""₩ 10,500"", ""initial"": 1050000, ""initial_formatted"": """"}",,False,0,게임을 통해 초보부터 탑 바둑 선수까지 모든 수준을 경험하고 주요 바둑 리그에서 본인의 재능을 펼치세요! 또한 이 게임에는 역사적으로 주목할만한 바둑 경기가 포함되어 있으며 초보자를 위한 풀더빙 튜토리얼을 통해 바둑의 매력을 느끼실 수 있습니다.,https://shared.akamai.steamstatic.com/store_item_assets/steam/apps/1862520/header.jpg?t=1770244554,appdetails,2026-06-06T10:50:20+00:00
341800,Keep Talking and Nobody Explodes,2015년 10월 8일,"[""Steel Crate Games""]","[""Steel Crate Games""]","[""인디""]","[""멀티플레이어"", ""협동"", ""스크린 공유 및 분할 협동"", ""공유 및 분할 화면"", ""Steam 도전 과제"", ""컨트롤러 완벽 지원"", ""추적되는 컨트롤러 지원"", ""VR 지원"", ""VR 지원"", ""Steam 창작마당"", ""통계"", ""Steam 순위표"", ""Remote Play TV"", ""Remote Play Together"", ""가족 공유""]","{""currency"": ""KRW"", ""discount_percent"": 0, ""final"": 1650000, ""final_formatted"": ""₩ 16,500"", ""initial"": 1650000, ""initial_formatted"": """"}",71.0,False,0,"당신은 시한폭탄과 함께 혼자 방에 갇혀 있습니다. 당신의 친구들이 폭탄을 해체할 매뉴얼을 가지고 있으나, 그들은 폭탄을 볼 수 없지요. 그러니 여러분은 오직 대화로 이 상황을 풀어 가야 합니다 - 빠르게요! 이 로컬 협동 게임은 최소한 두 명, 또는 그 이상의 플레이어가 있어야 합니다.",https://shared.akamai.steamstatic.com/store_item_assets/steam/apps/341800/header.jpg?t=1699020889,appdetails,2026-06-06T10:50:20+00:00
1669980,화산의딸,2023년 4월 20일,"[""养蛋人 Egg Hatcher""]","[""养蛋人 Egg Hatcher""]","[""캐주얼"", ""인디"", ""RPG"", ""시뮬레이션"", ""전략""]","[""싱글 플레이어"", ""Steam 도전 과제"", ""Steam 트레이딩 카드"", ""Steam Cloud"", ""가족 공유""]","{""currency"": ""KRW"", ""discount_percent"": 35, ""final"": 812000, ""final_formatted"": ""₩ 8,120"", ""initial"": 1250000, ""initial_formatted"": ""₩ 12,500""}",,False,0,"딸의 취미를 발견하고, 전투 훈련을 시키며, 훗날 그녀가 보호할 시민들과 친구가 되어 차기 군주로서의 모습을 갖추어 보세요. 여러분이 내리는 모든 결정이 딸의 미래뿐만 아니라 제국의 미래에도 영향을 미칠 완전히 새로운 육아 시뮬레이터 RPG 모험에 빠져보세요!",https://shared.akamai.steamstatic.com/store_item_assets/steam/apps/1669980/header.jpg?t=1746063344,appdetails,2026-06-06T10:50:20+00:00
526870,Satisfactory,2024년 9월 10일,"[""Coffee Stain Studios""]","[""Coffee Stain Publishing""]","[""어드벤처"", ""인디"", ""시뮬레이션"", ""전략""]","[""싱글 플레이어"", ""멀티플레이어"", ""협동"", ""온라인 협동"", ""크로스 플랫폼 멀티플레이어"", ""Steam 도전 과제"", ""텍스트 크기 조정"", ""카메라 움직임 조정"", ""색상 대체"", ""음량 개별 조절"", ""난이도 조정"", ""퀵타임 이벤트 없이 플레이 가능"", ""수시 저장"", ""스테레오 사운드"", ""서라운드 사운드"", ""컨트롤러 일부 지원"", ""Steam Cloud"", ""Remote Play 태블릿"", ""가족 공유""]","{""currency"": ""KRW"", ""discount_percent"": 30, ""final"": 2940000, ""final_formatted"": ""₩ 29,400"", ""initial"": 4200000, ""initial_formatted"": ""₩ 42,000""}",91.0,False,0,"Satisfactory is a first-person open-world factory building game with a dash of exploration and combat. Play alone or with friends, explore an alien planet, create multi-story factories, and enter conveyor belt heaven!",https://shared.akamai.steamstatic.com/store_item_assets/steam/apps/526870/header.jpg?t=1780413533,appdetails,2026-06-06T10:50:20+00:00
1826140,RimWorld - Biotech,2022년 10월 21일,"[""Ludeon Studios""]","[""Ludeon Studios""]","[""인디"", ""시뮬레이션"", ""전략""]","[""싱글 플레이어"", ""다운로드 가능한 콘텐츠"", ""Steam 창작마당"", ""Steam Cloud"", ""가족 공유""]","{""currency"": ""KRW"", ""discount_percent"": 0, ""final"": 2700000, ""final_formatted"": ""₩ 27,000"", ""initial"": 2700000, ""initial_formatted"": """"}",,False,0,"메카노이드를 제어하고, 아이를 낳고, 가정을 꾸리세요. 유전자 편집의 힘을 만끽하세요. 이종족 세력을 물리치거나 함께 손잡으세요. 피를 마시는 자들의 어두운 비밀을 파헤치세요.",https://shared.akamai.steamstatic.com/store_item_assets/steam/apps/1826140/d9e00ec47322ba4f608ebfc98e110190306a15e0/header.jpg?t=1776194265,appdetails,2026-06-06T10:50:20+00:00
2097570,StarVaders,2025년 4월 30일,"[""Pengonauts""]","[""Joystick Ventures"", ""Beep Japan Inc.""]","[""어드벤처"", ""인디"", ""전략""]","[""싱글 플레이어"", ""Steam 도전 과제"", ""컨트롤러 완벽 지원"", ""카메라 움직임 조정"", ""색상 대체"", ""음량 개별 조절"", ""난이도 조정"", ""키보드 전용 옵션"", ""마우스 전용 옵션"", ""퀵타임 이벤트 없이 플레이 가능"", ""수시 저장"", ""Steam Cloud"", ""가족 공유""]","{""currency"": ""KRW"", ""discount_percent"": 0, ""final"": 2050000, ""final_formatted"": ""₩ 20,500"", ""initial"": 2050000, ""initial_formatted"": """"}",85.0,False,0,"덱 빌딩과 그리드 기반 전술의 궁극적인 융합을 바탕으로 강력한 메크를 조종해 외계 침공에 맞서 싸우세요. 무한 반복 플레이가 가능한 이 로그라이크에서 게임의 판도를 뒤집는 콤보를 발견하고, 시간을 되돌려 운명을 바꾸고, 인류의 미래를 지켜내세요.",https://shared.akamai.steamstatic.com/store_item_assets/steam/apps/2097570/header.jpg?t=1779346018,appdetails,2026-06-06T10:50:20+00:00
294100,RimWorld,2018년 10월 17일,"[""Ludeon Studios""]","[""Ludeon Studios""]","[""인디"", ""시뮬레이션"", ""전략""]","[""싱글 플레이어"", ""Steam 창작마당"", ""텍스트 크기 조정"", ""카메라 움직임 조정"", ""음량 개별 조절"", ""난이도 조정"", ""마우스 전용 옵션"", ""퀵타임 이벤트 없이 플레이 가능"", ""수시 저장"", ""컨트롤러 일부 지원"", ""Steam Cloud"", ""Remote Play 태블릿"", ""가족 공유""]","{""currency"": ""KRW"", ""discount_percent"": 0, ""final"": 3750000, ""final_formatted"": ""₩ 37,500"", ""initial"": 3750000, ""initial_formatted"": """"}",87.0,False,0,"지능형 AI 이야기꾼이 주도하는 공상과학 정착지 시뮬레이터입니다. 심리, 생태, 총격전과 근접전, 날씨, 기후, 외교, 사람 사이의 관계, 예술, 의학, 무역, 그 외 많은 것들을 시뮬레이션하여 이야기를 생성합니다.",https://shared.akamai.steamstatic.com/store_item_assets/steam/apps/294100/76e0613b8197327299d5dbabb0a7fd7828a689a2/header.jpg?t=1780420333,appdetails,2026-06-06T10:50:20+00:00
646570,Slay the Spire,2019년 1월 23일,"[""Mega Crit""]","[""Mega Crit""]","[""인디"", ""전략""]","[""싱글 플레이어"", ""Steam 도전 과제"", ""컨트롤러 완벽 지원"", ""Steam 트레이딩 카드"", ""Steam 창작마당"", ""텍스트 크기 조정"", ""음량 개별 조절"", ""마우스 전용 옵션"", ""퀵타임 이벤트 없이 플레이 가능"", ""수시 저장"", ""터치 전용 옵션"", ""Steam Cloud"", ""통계"", ""Steam 순위표"", ""Remote Play 휴대전화"", ""Remote Play 태블릿"", ""Remote Play TV"", ""가족 공유""]","{""currency"": ""KRW"", ""discount_percent"": 0, ""final"": 2700000, ""final_formatted"": ""₩ 27,000"", ""initial"": 2700000, ""initial_formatted"": """"}",89.0,False,0,"카드 게임이라는 장르와 로그라이크라는 장르를 합쳐, 저희가 만들 수 있는 최고의 싱글 플레이 덱 빌딩 게임을 만들었습니다. 독창적인 덱을 만들고, 기이한 적들과 조우하며, 엄청난 힘을 가진 유물을 발견하고, 첨탑을 정복해보세요!",https://shared.akamai.steamstatic.com/store_item_assets/steam/apps/646570/header.jpg?t=1774015376,appdetails,2026-06-06T10:50:20+00:00
645390,Factorio: Space Age,2024년 10월 21일,"[""Wube Software LTD.""]","[""Wube Software LTD.""]","[""캐주얼"", ""인디"", ""시뮬레이션"", ""전략""]","[""싱글 플레이어"", ""멀티플레이어"", ""협동"", ""온라인 협동"", ""LAN 협동"", ""크로스 플랫폼 멀티플레이어"", ""다운로드 가능한 콘텐츠"", ""Steam 도전 과제"", ""Steam Cloud"", ""레벨 에디터 포함"", ""가족 공유""]","{""currency"": ""KRW"", ""discount_percent"": 0, ""final"": 4000000, ""final_formatted"": ""₩ 40,000"", ""initial"": 4000000, ""initial_formatted"": """"}",,False,0,"Factorio: Space Age continues the player's journey after launching rockets into space. Discover new worlds with unique challenges, exploit their novel resources for advanced technological gains, and manage your fleet of interplanetary space platforms.",https://shared.akamai.steamstatic.com/store_item_assets/steam/apps/645390/header.jpg?t=1729525903,appdetails,2026-06-06T10:50:20+00:00
1260520,Patrick's Parabox,2022년 3월 29일,"[""Patrick Traynor""]","[""Patrick Traynor""]","[""캐주얼"", ""인디"", ""전략""]","[""싱글 플레이어"", ""Steam 도전 과제"", ""컨트롤러 완벽 지원"", ""카메라 움직임 조정"", ""음량 개별 조절"", ""키보드 전용 옵션"", ""퀵타임 이벤트 없이 플레이 가능"", ""수시 저장"", ""Steam Cloud"", ""가족 공유""]","{""currency"": ""KRW"", ""discount_percent"": 0, ""final"": 2150000, ""final_formatted"": ""₩ 21,500"", ""initial"": 2150000, ""initial_formatted"": """"}",,False,0,상자 속에 상자 속에 상자 속에 상자가 있는 정신이 혼미해지는 반복성 퍼즐 게임입니다. 깊이 있는 고급스러운 시스템에서 이 무한성을 활용하세요.,https://shared.akamai.steamstatic.com/store_item_assets/steam/apps/1260520/header.jpg?t=1745611653,appdetails,2026-06-06T10:50:20+00:00
