game_name,최적화#프레임_mention_count,최적화#프레임_positive_count,최적화#프레임_neutral_count,최적화#프레임_negative_count,최적화#조작감_mention_count,최적화#조작감_positive_count,최적화#조작감_neutral_count,최적화#조작감_negative_count,시스템#버그_mention_count,시스템#버그_positive_count,시스템#버그_neutral_count,시스템#버그_negative_count,콘텐츠#볼륨_mention_count,콘텐츠#볼륨_positive_count,콘텐츠#볼륨_neutral_count,콘텐츠#볼륨_negative_count,콘텐츠#몰입도_mention_count,콘텐츠#몰입도_positive_count,콘텐츠#몰입도_neutral_count,콘텐츠#몰입도_negative_count,시스템#밸런스_mention_count,시스템#밸런스_positive_count,시스템#밸런스_neutral_count,시스템#밸런스_negative_count,시스템#독창성_mention_count,시스템#독창성_positive_count,시스템#독창성_neutral_count,시스템#독창성_negative_count,시스템#자유도_mention_count,시스템#자유도_positive_count,시스템#자유도_neutral_count,시스템#자유도_negative_count,UX#그래픽_mention_count,UX#그래픽_positive_count,UX#그래픽_neutral_count,UX#그래픽_negative_count,UX#캐릭터디자인_mention_count,UX#캐릭터디자인_positive_count,UX#캐릭터디자인_neutral_count,UX#캐릭터디자인_negative_count,UX#사운드_mention_count,UX#사운드_positive_count,UX#사운드_neutral_count,UX#사운드_negative_count,스토리#내러티브_mention_count,스토리#내러티브_positive_count,스토리#내러티브_neutral_count,스토리#내러티브_negative_count,운영#핵/치트_mention_count,운영#핵/치트_positive_count,운영#핵/치트_neutral_count,운영#핵/치트_negative_count,운영#업데이트_mention_count,운영#업데이트_positive_count,운영#업데이트_neutral_count,운영#업데이트_negative_count,콘텐츠#난이도_mention_count,콘텐츠#난이도_positive_count,콘텐츠#난이도_neutral_count,콘텐츠#난이도_negative_count,시스템#진입장벽_mention_count,시스템#진입장벽_positive_count,시스템#진입장벽_neutral_count,시스템#진입장벽_negative_count,콘텐츠#피로도_mention_count,콘텐츠#피로도_positive_count,콘텐츠#피로도_neutral_count,콘텐츠#피로도_negative_count
Counter-Strike,5,1,0,4,3,1,0,2,3,0,0,3,4,3,1,0,43,41,2,0,3,0,0,3,13,10,1,2,6,6,0,0,6,4,0,2,2,1,0,1,0,0,0,0,1,1,0,0,0,0,0,0,7,2,0,5,2,0,0,2,5,1,0,4,1,0,0,1
Counter-Strike: Source,4,2,1,1,3,2,0,1,3,0,0,3,10,9,1,0,51,47,2,2,9,2,1,6,9,9,0,0,9,7,2,0,5,3,0,2,5,2,1,2,2,2,0,0,1,0,1,0,4,0,0,4,13,3,6,4,2,0,1,1,8,1,0,7,3,0,0,3
Dota 2,0,0,0,0,2,1,0,1,2,0,0,2,3,1,1,1,36,28,2,6,12,1,0,11,4,2,0,2,4,2,0,2,3,2,0,1,2,1,0,1,2,1,0,1,0,0,0,0,5,0,0,5,8,2,1,5,3,0,0,3,9,0,1,8,3,0,0,3
Counter-Strike 2,1,0,0,1,1,0,1,0,2,0,0,2,1,1,0,0,31,28,1,2,7,0,0,7,6,5,0,1,5,4,0,1,2,0,1,1,1,0,0,1,1,0,1,0,3,3,0,0,18,1,0,17,5,1,2,2,2,0,0,2,4,1,0,3,4,0,0,4
Insaniquarium Deluxe,21,1,3,17,4,1,0,3,29,0,2,27,14,7,3,4,68,65,2,1,3,0,1,2,12,10,0,2,9,7,0,2,8,6,1,1,4,4,0,0,2,1,0,1,6,5,0,1,3,0,0,3,12,3,3,6,10,2,0,8,15,1,0,14,13,0,0,13
Plants vs. Zombies GOTY Edition,1,0,0,1,1,0,0,1,3,0,0,3,8,7,0,1,64,61,2,1,6,1,0,5,13,8,2,3,7,6,0,1,5,3,1,1,4,3,1,0,1,1,0,0,1,1,0,0,0,0,0,0,10,1,1,8,6,1,0,5,3,0,0,3,4,0,0,4
Total War: MEDIEVAL II – Definitive Edition,16,2,1,13,12,9,0,3,12,0,1,11,16,13,1,2,56,54,2,0,12,0,0,12,25,22,0,3,18,11,2,5,18,11,4,3,8,5,0,3,9,6,0,3,8,6,1,1,3,0,0,3,20,4,4,12,13,0,1,12,19,3,0,16,11,0,0,11
EVE Online,3,0,1,2,5,4,0,1,4,0,0,4,17,9,3,5,68,62,3,3,12,0,0,12,11,7,0,4,10,6,0,4,11,9,1,1,6,3,2,1,5,3,1,1,7,2,2,3,1,0,0,1,8,1,1,6,18,0,2,16,36,0,1,35,11,0,1,10
Sid Meier's Civilization® V,2,1,0,1,2,2,0,0,4,0,0,4,12,6,3,3,62,59,2,1,3,0,1,2,9,7,1,1,4,4,0,0,4,3,1,0,2,1,1,0,2,2,0,0,6,5,1,0,0,0,0,0,5,1,1,3,9,2,2,5,9,1,0,8,9,0,0,9
Call of Duty®: Modern Warfare® 2 (2009),4,1,0,3,5,2,1,2,5,0,0,5,9,8,0,1,62,61,0,1,6,0,0,6,29,26,1,2,13,13,0,0,21,14,5,2,13,8,2,3,9,7,0,2,21,18,1,2,0,0,0,0,7,0,2,5,7,1,0,6,9,2,0,7,3,0,0,3
Total War: EMPIRE – Definitive Edition,13,1,1,11,9,6,0,3,14,0,2,12,15,11,0,4,56,50,3,3,17,1,1,15,27,19,3,5,22,16,1,5,13,8,2,3,7,3,1,3,6,4,0,2,11,8,1,2,5,0,1,4,22,6,2,14,15,2,2,11,15,1,1,13,8,0,1,7
GROUND BRANCH,14,0,1,13,15,6,1,8,10,0,0,10,23,8,5,10,56,44,8,4,22,1,1,20,21,12,3,6,22,12,3,7,17,7,5,5,12,7,1,4,13,7,1,5,7,2,2,3,3,0,0,3,28,8,6,14,21,1,2,18,19,1,1,17,15,0,0,15
The Sims™ 3,21,1,1,19,7,5,0,2,24,0,1,23,20,15,1,4,69,68,1,0,5,0,0,5,18,17,1,0,15,13,1,1,13,11,0,2,8,3,2,3,4,3,0,1,10,7,2,1,2,1,0,1,16,6,2,8,8,2,0,6,14,0,0,14,3,0,0,3
Mount & Blade: Warband,7,3,1,3,3,3,0,0,5,0,1,4,15,13,2,0,64,59,3,2,10,2,0,8,18,12,3,3,18,15,3,0,6,6,0,0,3,1,0,2,1,1,0,0,5,3,1,1,1,0,0,1,8,3,3,2,6,2,1,3,5,2,0,3,5,2,0,3
Arma 3,7,0,0,7,4,1,0,3,10,0,0,10,17,7,3,7,51,44,2,5,12,1,0,11,11,6,1,4,13,9,0,4,5,3,0,2,2,1,0,1,1,1,0,0,4,3,0,1,2,0,0,2,12,1,0,11,12,1,1,10,19,3,0,16,7,1,0,6
XCOM: Enemy Unknown,12,0,1,11,6,3,0,3,17,0,1,16,11,9,1,1,58,54,3,1,21,2,0,19,14,12,1,1,11,8,2,1,9,4,4,1,1,1,0,0,4,2,0,2,6,3,2,1,2,0,0,2,17,6,4,7,22,2,3,17,17,3,0,14,13,0,0,13
Total War: SHOGUN 2,6,1,1,4,3,2,0,1,7,0,0,7,9,6,0,3,55,54,1,0,15,1,1,13,15,10,2,3,12,10,1,1,7,4,1,2,4,2,0,2,2,2,0,0,7,6,0,1,1,0,0,1,11,3,0,8,13,2,1,10,20,5,0,15,7,0,0,7
Hitman: Absolution™,8,2,2,4,9,4,1,4,7,0,1,6,14,12,1,1,62,59,3,0,18,1,1,16,18,16,1,1,14,9,4,1,12,3,5,4,10,5,3,2,6,4,0,2,13,9,3,1,5,0,1,4,13,4,1,8,12,1,3,8,14,2,1,11,10,1,1,8
Crusader Kings II,1,0,0,1,2,0,0,2,0,0,0,0,18,12,4,2,58,55,3,0,11,0,1,10,16,11,3,2,11,5,3,3,8,6,0,2,7,5,0,2,1,0,0,1,8,6,2,0,1,0,0,1,8,2,2,4,13,1,1,11,12,1,0,11,7,0,0,7
Batman™: Arkham Knight,11,3,0,8,10,6,0,4,13,1,1,11,17,12,0,5,66,60,4,2,15,0,0,15,23,18,0,5,22,14,2,6,23,19,1,3,18,11,0,7,16,12,0,4,20,15,0,5,3,0,0,3,11,1,1,9,18,2,0,16,13,2,0,11,16,0,0,16
FTL: Faster Than Light,4,1,0,3,2,2,0,0,8,0,0,8,19,18,0,1,64,62,1,1,21,0,1,20,27,24,2,1,19,16,1,2,6,6,0,0,5,4,0,1,4,4,0,0,8,8,0,0,3,0,0,3,11,4,2,5,23,1,2,20,15,2,0,13,12,0,0,12
Total War: ROME II - Emperor Edition,6,1,0,5,1,1,0,0,9,0,0,9,9,6,0,3,60,56,2,2,14,0,1,13,14,10,2,2,8,7,0,1,4,3,1,0,1,0,1,0,2,2,0,0,4,2,2,0,2,1,0,1,12,5,2,5,6,0,1,5,7,2,0,5,10,0,0,10
PlanetSide 2,11,0,0,11,6,3,0,3,11,0,0,11,15,10,0,5,54,49,2,3,17,0,1,16,11,9,1,1,9,6,2,1,5,2,2,1,3,2,1,0,5,2,0,3,3,3,0,0,16,0,0,16,25,2,4,19,9,0,1,8,17,2,0,15,7,0,1,6
PAYDAY 2,11,2,0,9,3,0,0,3,10,0,0,10,10,4,2,4,59,57,2,0,5,1,0,4,7,5,0,2,7,7,0,0,5,2,1,2,2,0,1,1,2,1,0,1,2,2,0,0,4,0,0,4,17,4,3,10,8,2,0,6,10,1,0,9,1,0,0,1
Kerbal Space Program,7,0,1,6,5,1,1,3,4,0,1,3,7,5,0,2,50,50,0,0,6,0,0,6,13,12,1,0,11,7,4,0,6,4,0,2,2,2,0,0,4,1,0,3,4,1,1,2,0,0,0,0,7,2,2,3,12,2,0,10,8,1,0,7,7,1,0,6
DCS World Steam Edition,8,1,0,7,3,2,0,1,12,0,0,12,15,10,0,5,56,53,1,2,9,0,0,9,10,6,2,2,12,8,2,2,9,7,2,0,2,1,0,1,3,2,0,1,1,0,0,1,4,0,0,4,16,2,2,12,22,2,1,19,29,4,0,25,11,1,0,10
Company of Heroes 2,8,3,0,5,3,2,0,1,8,0,0,8,12,8,2,2,53,44,3,6,23,0,1,22,25,15,4,6,12,8,3,1,8,5,2,1,5,3,0,2,3,3,0,0,2,2,0,0,4,0,0,4,17,2,3,12,17,0,1,16,16,1,0,15,7,0,0,7
Prison Architect,16,2,1,13,6,3,0,3,20,0,0,20,22,15,3,4,61,56,2,3,13,0,0,13,18,14,1,3,21,16,2,3,9,6,2,1,6,2,1,3,6,1,1,4,6,4,0,2,3,0,0,3,18,5,2,11,21,2,1,18,27,1,0,26,21,0,0,21
Tom Clancy’s Splinter Cell Blacklist,28,2,2,24,7,4,0,3,31,1,1,29,13,8,2,3,59,56,1,2,12,0,2,10,17,13,1,3,17,13,1,3,14,11,2,1,9,5,1,3,7,6,0,1,9,3,5,1,1,0,0,1,14,1,2,11,12,3,2,7,11,2,1,8,12,0,0,12
Europa Universalis IV,8,2,0,6,5,2,1,2,7,0,0,7,28,18,4,6,63,60,1,2,12,0,0,12,18,13,3,2,9,7,1,1,6,5,1,0,2,2,0,0,4,3,1,0,7,4,3,0,4,0,0,4,22,7,5,10,11,2,0,9,21,2,1,18,10,1,0,9
"Papers, Please",5,1,1,3,2,1,0,1,4,0,0,4,14,12,1,1,51,49,1,1,14,0,0,14,13,10,1,2,11,9,2,0,3,2,0,1,2,1,0,1,1,1,0,0,11,9,2,0,2,0,0,2,9,2,1,6,9,2,0,7,11,1,0,10,13,4,0,9
Getting Over It with Bennett Foddy,3,0,2,1,4,4,0,0,4,0,1,3,11,7,3,1,59,54,4,1,4,0,0,4,12,10,1,1,9,7,1,1,7,5,2,0,2,0,1,1,2,2,0,0,6,4,2,0,0,0,0,0,4,1,1,2,20,2,8,10,13,2,1,10,12,0,1,11
Space Engineers,11,0,3,8,8,2,2,4,8,0,1,7,26,15,2,9,58,56,1,1,16,0,2,14,17,11,2,4,26,20,2,4,9,3,3,3,3,1,1,1,6,3,1,2,8,5,1,2,2,0,0,2,19,4,4,11,24,1,5,18,29,1,1,27,17,0,1,16
Kingdom Rush  - Tower Defense,3,2,0,1,5,4,0,1,2,0,0,2,20,16,0,4,68,67,1,0,15,3,1,11,21,19,0,2,17,14,1,2,9,9,0,0,6,6,0,0,3,3,0,0,8,6,1,1,0,0,0,0,9,4,3,2,23,8,3,12,20,6,0,14,10,0,0,10
Plague Inc: Evolved,2,0,0,2,3,0,1,2,3,0,0,3,11,7,2,2,53,49,3,1,14,0,1,13,15,8,2,5,13,8,3,2,8,6,1,1,1,0,1,0,2,1,0,1,4,2,2,0,3,0,0,3,11,0,2,9,19,1,3,15,13,1,0,12,13,0,0,13
7 Days to Die,15,0,0,15,6,1,1,4,14,0,0,14,19,14,1,4,71,65,5,1,18,1,0,17,16,12,2,2,22,16,1,5,4,2,2,0,4,1,0,3,2,1,1,0,8,3,3,2,3,0,0,3,23,6,1,16,13,1,1,11,16,1,0,15,21,0,0,21
Cities: Skylines,12,1,0,11,3,1,0,2,14,1,0,13,17,11,1,5,63,58,1,4,9,0,0,9,15,12,1,2,14,10,1,3,6,3,2,1,7,3,1,3,2,2,0,0,4,1,1,2,4,0,0,4,18,2,0,16,8,0,0,8,12,1,0,11,12,0,0,12
Mount & Blade II: Bannerlord,6,0,0,6,3,0,0,3,6,0,0,6,15,10,2,3,62,54,2,6,15,1,0,14,13,9,0,4,11,5,2,4,4,2,0,2,3,2,0,1,1,0,0,1,5,2,1,2,4,0,0,4,12,4,1,7,13,1,1,11,9,1,0,8,13,1,0,12
Darkest Dungeon®,3,1,0,2,4,2,0,2,2,0,0,2,9,7,0,2,63,60,0,3,12,0,0,12,9,7,0,2,13,11,0,2,7,5,0,2,4,2,1,1,1,1,0,0,8,6,0,2,1,0,0,1,5,3,1,1,24,5,0,19,13,0,0,13,23,0,1,22
XCOM® 2,3,0,0,3,2,0,0,2,7,0,0,7,17,12,2,3,63,58,4,1,16,0,1,15,13,8,1,4,16,11,3,2,4,1,3,0,3,0,2,1,0,0,0,0,5,2,2,1,0,0,0,0,14,4,3,7,20,0,4,16,11,1,0,10,12,0,0,12
Stellaris,4,1,0,3,3,1,0,2,4,0,0,4,23,12,4,7,58,53,3,2,16,1,0,15,18,14,2,2,18,13,1,4,3,2,0,1,0,0,0,0,0,0,0,0,9,6,2,1,1,0,0,1,15,3,2,10,18,0,2,16,16,1,0,15,10,0,0,10
This War of Mine,8,1,1,6,6,2,0,4,9,0,1,8,11,8,2,1,61,53,4,4,11,0,0,11,18,14,1,3,15,9,3,3,7,4,1,2,5,1,1,3,5,4,0,1,12,8,4,0,2,0,0,2,7,1,0,6,15,2,2,11,13,3,0,10,5,0,0,5
"Warhammer 40,000: Dawn of War III",15,1,0,14,3,1,0,2,13,0,0,13,25,9,2,14,62,39,8,15,23,0,0,23,25,7,1,17,20,8,3,9,10,6,0,4,9,4,0,5,4,1,0,3,12,1,3,8,6,0,0,6,32,5,2,25,18,0,0,18,21,0,0,21,14,0,0,14
Tabletop Simulator,5,0,1,4,4,3,0,1,4,0,1,3,17,12,3,2,56,54,1,1,7,1,0,6,5,3,2,0,11,10,1,0,2,2,0,0,1,1,0,0,0,0,0,0,1,1,0,0,1,0,0,1,8,2,1,5,8,1,0,7,16,2,0,14,1,0,0,1
Mini Metro,9,4,1,4,9,3,1,5,7,1,1,5,17,10,2,5,63,55,2,6,12,1,0,11,15,10,1,4,13,10,0,3,10,6,1,3,5,2,1,2,5,2,1,2,5,2,2,1,0,0,0,0,10,2,1,7,23,6,4,13,22,6,1,15,16,1,1,14
Sid Meier’s Civilization® VI,2,1,0,1,0,0,0,0,2,0,0,2,12,6,2,4,61,56,3,2,6,1,1,4,2,2,0,0,2,2,0,0,0,0,0,0,3,2,0,1,0,0,0,0,2,1,1,0,2,1,0,1,6,1,2,3,7,2,1,4,12,1,3,8,5,1,0,4
RimWorld,2,0,0,2,0,0,0,0,4,0,0,4,18,11,2,5,62,50,2,10,6,0,1,5,8,5,0,3,11,10,0,1,2,1,1,0,1,0,0,1,0,0,0,0,5,3,1,1,2,0,0,2,4,0,1,3,12,3,2,7,15,3,0,12,10,1,0,9
FOR HONOR™,10,2,3,5,4,3,0,1,12,0,1,11,15,11,0,4,46,39,2,5,30,0,0,30,13,11,0,2,13,9,1,3,8,6,0,2,4,2,0,2,4,4,0,0,11,6,0,5,5,1,0,4,17,4,1,12,17,1,2,14,22,2,0,20,11,0,0,11
The Long Dark,17,0,1,16,8,2,0,6,21,0,1,20,31,10,5,16,57,43,7,7,14,0,0,14,21,9,0,12,34,10,3,21,14,4,3,7,14,1,0,13,9,2,0,7,35,7,2,26,11,0,0,11,27,2,3,22,18,2,2,14,19,1,0,18,29,0,0,29
Stranded Deep,19,1,0,18,5,2,0,3,26,0,0,26,18,10,0,8,49,41,2,6,5,0,0,5,9,8,1,0,16,8,3,5,4,1,3,0,2,1,1,0,2,1,0,1,8,5,0,3,3,0,0,3,28,2,3,23,18,1,1,16,21,2,0,19,16,0,0,16
Geometry Dash,3,0,0,3,3,2,0,1,3,0,0,3,9,6,2,1,51,49,1,1,6,0,0,6,2,1,1,0,6,5,0,1,3,2,0,1,1,0,0,1,1,0,0,1,1,1,0,0,1,0,0,1,7,3,1,3,15,0,3,12,4,0,0,4,7,0,0,7
Don't Starve Together,4,1,0,3,2,2,0,0,4,0,0,4,14,10,1,3,63,59,3,1,10,1,0,9,9,8,0,1,10,10,0,0,8,7,1,0,5,5,0,0,3,3,0,0,8,7,0,1,1,0,0,1,9,6,0,3,23,2,2,19,19,2,0,17,19,1,0,18
Frostpunk,5,0,0,5,4,3,0,1,6,0,1,5,9,7,1,1,73,68,4,1,11,0,0,11,13,9,2,2,15,12,1,2,6,4,1,1,1,1,0,0,1,1,0,0,12,7,4,1,0,0,0,0,5,2,0,3,16,5,0,11,13,1,0,12,12,0,1,11
Total War: ATTILA,8,0,0,8,3,1,0,2,8,0,0,8,11,4,1,6,47,41,3,3,15,0,0,15,15,13,1,1,13,8,3,2,11,8,0,3,1,0,0,1,3,1,0,2,11,6,3,2,2,0,0,2,8,4,2,2,13,0,3,10,13,1,0,12,6,0,0,6
Five Nights at Freddy's 2,5,0,0,5,3,1,0,2,5,0,0,5,1,1,0,0,43,41,2,0,17,1,1,15,9,7,0,2,6,2,2,2,5,5,0,0,5,4,0,1,0,0,0,0,1,1,0,0,1,0,0,1,4,0,0,4,19,2,1,16,7,0,0,7,4,0,0,4
Keep Talking and Nobody Explodes,7,0,1,6,11,3,1,7,13,0,0,13,13,6,1,6,47,46,0,1,14,0,1,13,12,11,0,1,15,9,2,4,13,8,1,4,6,1,1,4,6,4,0,2,4,3,1,0,2,1,0,1,4,1,1,2,25,3,2,20,28,2,0,26,14,0,0,14
Besiege,6,0,1,5,6,1,1,4,11,0,0,11,6,4,1,1,54,47,3,4,17,1,2,14,15,8,4,3,19,12,5,2,10,5,2,3,8,4,2,2,5,1,1,3,7,1,3,3,0,0,0,0,3,0,0,3,18,1,3,14,13,0,2,11,12,0,0,12
Middle-earth™: Shadow of War™,10,2,1,7,12,5,2,5,13,0,0,13,33,17,4,12,70,59,8,3,26,1,1,24,22,14,1,7,22,13,2,7,26,15,2,9,27,11,2,14,15,8,0,7,30,12,4,14,8,0,0,8,20,8,0,12,28,1,4,23,24,1,1,22,31,0,0,31
Elite Dangerous,13,0,2,11,7,5,0,2,13,0,0,13,31,19,3,9,58,50,4,4,19,1,0,18,24,11,2,11,22,13,4,5,15,9,4,2,7,1,1,5,8,3,0,5,9,3,1,5,7,0,0,7,31,4,2,25,22,1,1,20,32,2,0,30,20,0,0,20
Tom Clancy's Rainbow Six Siege,3,0,0,3,4,1,0,3,9,0,0,9,9,7,2,0,43,37,4,2,16,1,0,15,12,10,1,1,9,6,2,1,7,4,1,2,5,2,1,2,2,0,0,2,7,3,2,2,7,0,0,7,11,2,0,9,10,1,1,8,13,3,0,10,7,0,0,7
Romance of the Three Kingdoms XIII,1,0,1,0,1,0,1,0,7,0,1,6,15,11,2,2,65,53,7,5,13,0,0,13,15,12,1,2,13,9,2,2,3,1,1,1,2,0,1,1,1,1,0,0,6,4,2,0,1,0,1,0,15,4,1,10,9,0,0,9,10,0,0,10,8,0,1,7
Total War: WARHAMMER,9,0,1,8,5,3,1,1,12,0,0,12,17,12,2,3,56,52,3,1,8,0,0,8,18,11,3,4,11,8,1,2,3,3,0,0,1,0,1,0,3,3,0,0,6,3,2,1,3,0,0,3,20,6,2,12,7,2,0,5,15,3,0,12,5,1,0,4
Battle Brothers,14,2,1,11,17,13,1,3,12,0,0,12,36,23,4,9,71,57,11,3,25,0,0,25,30,20,2,8,25,16,4,5,20,10,8,2,12,5,1,6,15,12,0,3,15,8,1,6,4,1,0,3,27,7,3,17,28,5,2,21,29,3,1,25,19,1,0,18
Assassin's Creed® Syndicate,26,3,4,19,21,12,2,7,27,1,1,25,30,19,4,7,71,58,8,5,18,1,2,15,38,24,4,10,37,27,4,6,38,22,10,6,23,14,4,5,24,14,2,8,30,17,7,6,9,2,1,6,15,3,1,11,20,5,5,10,21,3,2,16,21,2,1,18
Far Cry® Primal,9,1,1,7,9,5,0,4,14,0,2,12,16,10,0,6,67,60,3,4,19,0,1,18,23,18,2,3,23,14,5,4,19,8,6,5,14,4,5,5,9,6,0,3,19,10,4,5,4,0,0,4,10,1,2,7,20,1,2,17,18,2,1,15,20,1,0,19
Divinity: Original Sin - Enhanced Edition,20,1,0,19,11,5,0,6,20,0,0,20,28,22,0,6,72,58,8,6,23,0,0,23,26,19,3,4,32,21,2,9,13,6,5,2,3,0,0,3,6,2,0,4,25,11,6,8,6,0,0,6,19,2,3,14,28,1,3,24,36,0,0,36,27,0,0,27
The Isle,11,1,1,9,3,1,0,2,15,0,1,14,15,13,0,2,53,49,1,3,16,1,1,14,11,7,0,4,8,5,1,2,4,3,1,0,2,2,0,0,2,2,0,0,4,1,0,3,13,0,0,13,14,3,1,10,13,1,0,12,17,1,1,15,12,0,0,12
Dead by Daylight,12,0,0,12,4,1,0,3,13,0,0,13,13,8,0,5,50,40,3,7,29,0,0,29,11,7,0,4,14,8,1,5,0,0,0,0,1,1,0,0,1,0,0,1,6,3,1,2,10,0,0,10,18,2,1,15,20,1,0,19,25,0,0,25,18,1,0,17
X4: Foundations,21,2,4,15,14,6,1,7,20,0,3,17,36,26,2,8,76,71,1,4,30,1,2,27,35,30,2,3,35,26,0,9,15,12,2,1,9,6,2,1,9,8,0,1,16,10,1,5,6,0,0,6,20,8,4,8,37,2,3,32,42,2,0,40,32,0,0,32
Squad,17,1,0,16,8,1,1,6,13,0,0,13,8,5,1,2,58,50,2,6,16,1,0,15,11,8,1,2,7,6,0,1,11,6,0,5,2,1,0,1,1,1,0,0,5,2,0,3,5,0,0,5,12,5,0,7,18,0,1,17,24,1,0,23,12,0,0,12
Hearts of Iron IV,9,1,1,7,3,1,0,2,6,0,0,6,10,5,3,2,60,53,2,5,8,0,0,8,5,5,0,0,6,5,0,1,3,0,1,2,0,0,0,0,1,1,0,0,5,3,0,2,0,0,0,0,11,0,2,9,11,0,0,11,9,0,1,8,3,0,0,3
Factorio,4,1,0,3,3,1,0,2,4,0,0,4,24,14,2,8,66,54,5,7,10,0,0,10,10,8,1,1,11,10,1,0,3,2,0,1,1,1,0,0,0,0,0,0,4,3,0,1,0,0,0,0,10,3,3,4,14,2,1,11,11,1,0,10,14,2,0,12
Who's Your Daddy?!,12,0,0,12,1,0,0,1,23,0,1,22,3,1,0,2,41,33,2,6,8,0,0,8,1,0,0,1,1,1,0,0,3,2,0,1,2,2,0,0,0,0,0,0,2,1,1,0,4,0,0,4,8,1,1,6,7,0,2,5,13,0,0,13,7,0,0,7
Feed and Grow: Fish,8,0,0,8,1,0,0,1,22,0,0,22,9,6,1,2,44,42,1,1,8,1,0,7,7,6,0,1,9,7,0,2,4,2,1,1,1,0,0,1,1,1,0,0,5,3,1,1,0,0,0,0,12,1,2,9,7,1,0,6,6,1,0,5,11,0,0,11
Divinity: Original Sin 2 - Definitive Edition,4,0,1,3,7,6,0,1,3,0,0,3,26,19,3,4,76,68,6,2,9,1,0,8,18,10,2,6,20,15,2,3,10,8,1,1,5,2,2,1,7,6,0,1,16,10,2,4,3,0,0,3,7,4,0,3,19,7,3,9,18,3,0,15,13,1,0,12
World of Tanks Blitz,10,1,0,9,1,0,0,1,10,1,0,9,9,7,1,1,47,39,2,6,23,0,0,23,8,4,1,3,7,5,1,1,2,1,0,1,1,1,0,0,0,0,0,0,4,1,2,1,3,0,0,3,15,1,0,14,15,0,2,13,13,0,1,12,14,1,0,13
Oxygen Not Included,6,1,0,5,4,1,0,3,11,0,0,11,15,8,3,4,59,56,1,2,12,0,0,12,12,8,2,2,15,9,3,3,7,5,1,1,6,4,1,1,4,3,0,1,8,7,1,0,2,0,0,2,10,2,2,6,17,1,0,16,16,3,0,13,15,0,0,15
Tom Clancy's Ghost Recon® Wildlands,18,2,2,14,9,3,2,4,22,0,1,21,22,14,3,5,66,54,8,4,20,0,0,20,23,15,2,6,26,15,3,8,17,11,2,4,10,6,1,3,8,4,1,3,18,9,3,6,4,0,0,4,17,4,2,11,29,0,3,26,23,0,0,23,32,0,0,32
Northgard: Definitive Edition,13,1,3,9,6,4,1,1,17,1,1,15,22,9,9,4,67,60,2,5,13,1,1,11,21,15,2,4,27,15,5,7,9,6,1,2,5,4,1,0,5,3,1,1,11,5,4,2,0,0,0,0,20,3,6,11,17,0,4,13,20,1,2,17,17,0,1,16
Planet Coaster,6,0,0,6,2,0,0,2,5,0,0,5,18,12,3,3,67,54,9,4,16,0,0,16,17,13,1,3,23,15,3,5,7,3,1,3,5,2,1,2,2,0,0,2,4,2,2,0,4,0,0,4,12,5,2,5,24,1,1,22,22,1,0,21,18,0,0,18
Foxhole,6,0,0,6,4,1,0,3,8,0,0,8,19,12,1,6,65,57,4,4,23,2,1,20,21,17,2,2,20,15,3,2,6,3,1,2,2,1,0,1,2,0,0,2,11,6,3,2,6,0,0,6,16,2,1,13,17,2,0,15,28,1,0,27,21,1,0,20
Totally Accurate Battle Simulator,8,0,2,6,3,1,1,1,8,0,0,8,12,6,1,5,56,52,1,3,11,0,1,10,9,6,2,1,8,6,0,2,4,3,1,0,4,2,0,2,1,1,0,0,2,1,1,0,1,0,0,1,20,1,1,18,5,0,1,4,6,0,0,6,4,0,0,4
theHunter: Call of the Wild™,16,3,2,11,12,5,1,6,13,1,1,11,27,19,1,7,54,49,3,2,25,2,1,22,16,14,1,1,19,11,2,6,18,15,2,1,9,6,2,1,9,7,0,2,11,7,3,1,2,0,0,2,22,3,2,17,23,4,2,17,25,4,1,20,23,3,0,20
Satisfactory,8,1,2,5,3,1,0,2,8,0,1,7,25,16,3,6,68,65,0,3,19,0,2,17,9,8,0,1,19,16,0,3,5,1,1,3,2,0,1,1,2,1,0,1,4,3,0,1,1,0,0,1,17,4,4,9,21,2,4,15,24,1,2,21,22,1,1,20
For The King,8,0,0,8,3,0,0,3,12,0,0,12,13,7,3,3,59,54,1,4,25,0,1,24,13,9,1,3,10,5,2,3,1,0,1,0,1,1,0,0,0,0,0,0,1,0,1,0,3,0,0,3,16,1,0,15,21,1,3,17,16,2,0,14,11,0,0,11
Victoria 3,14,0,0,14,5,2,0,3,15,0,0,15,14,7,0,7,52,45,2,5,22,0,0,22,14,7,3,4,8,3,2,3,9,5,1,3,2,0,0,2,2,1,0,1,5,4,0,1,6,0,0,6,23,2,2,19,9,1,0,8,16,0,0,16,8,0,0,8
Just Shapes & Beats,6,1,1,4,13,10,2,1,5,0,1,4,34,14,2,18,70,64,6,0,19,3,2,14,28,20,1,7,29,20,3,6,29,24,2,3,18,14,0,4,18,15,1,2,30,20,4,6,5,0,0,5,17,3,4,10,30,5,2,23,23,4,0,19,25,3,1,21
Two Point Hospital,11,2,1,8,6,4,0,2,8,0,0,8,29,24,1,4,76,68,5,3,17,0,0,17,16,10,2,4,18,14,3,1,13,11,2,0,4,3,1,0,3,3,0,0,10,6,3,1,3,0,0,3,23,5,4,14,17,5,0,12,21,4,0,17,20,0,0,20
Black Squad,8,0,0,8,8,5,0,3,10,0,0,10,12,7,1,4,43,36,2,5,16,0,1,15,12,8,2,2,10,9,0,1,11,7,3,1,4,2,1,1,7,5,0,2,5,3,1,1,9,0,0,9,17,2,1,14,15,3,0,12,11,2,0,9,7,0,0,7
Lobotomy Corporation | Monster Management Simulation,5,2,0,3,2,2,0,0,5,0,0,5,10,5,0,5,45,43,0,2,14,1,0,13,8,4,0,4,9,9,0,0,6,5,1,0,3,2,1,0,0,0,0,0,8,4,1,3,5,0,0,5,9,2,3,4,21,2,0,19,16,4,0,12,14,0,0,14
PUBG: BATTLEGROUNDS,6,0,0,6,2,0,0,2,7,0,0,7,8,2,0,6,40,35,0,5,9,0,0,9,9,6,1,2,5,3,1,1,2,2,0,0,4,3,0,1,1,0,0,1,1,0,0,1,6,0,0,6,14,1,0,13,3,0,0,3,6,0,0,6,7,0,0,7
Fallout Shelter,7,1,2,4,7,6,0,1,7,0,1,6,19,12,2,5,54,50,3,1,15,0,1,14,10,8,0,2,11,9,1,1,11,9,1,1,6,5,0,1,6,5,0,1,6,4,2,0,4,0,0,4,13,5,0,8,16,3,1,12,22,2,1,19,16,1,0,15
Holdfast: Nations At War,16,0,1,15,9,3,2,4,13,0,1,12,7,4,1,2,53,49,2,2,18,1,3,14,12,11,0,1,12,10,1,1,6,5,1,0,3,2,1,0,2,1,1,0,6,3,3,0,2,0,1,1,11,5,3,3,16,0,2,14,19,0,1,18,11,0,0,11
Into the Breach,6,0,0,6,3,2,0,1,7,0,0,7,13,8,0,5,57,53,3,1,16,3,0,13,20,18,1,1,23,20,2,1,5,5,0,0,3,3,0,0,1,1,0,0,9,8,0,1,2,0,0,2,13,4,1,8,28,7,2,19,15,3,0,12,14,1,0,13
PixARK,11,0,1,10,3,0,1,2,19,0,2,17,9,3,0,6,58,50,4,4,11,0,1,10,9,5,1,3,6,3,0,3,6,4,0,2,5,4,0,1,3,2,0,1,1,1,0,0,1,0,0,1,9,1,1,7,11,0,0,11,16,1,2,13,8,0,0,8
Total War: WARHAMMER II,5,1,0,4,4,2,0,2,3,0,0,3,14,10,0,4,67,61,5,1,11,2,0,9,22,17,0,5,13,11,0,2,8,6,0,2,8,5,1,2,3,1,0,2,5,5,0,0,1,0,0,1,13,7,1,5,13,2,0,11,16,2,0,14,9,0,0,9
Yu-Gi-Oh! Duel Links,5,0,0,5,4,0,0,4,4,0,0,4,21,13,3,5,57,49,5,3,23,0,0,23,20,16,2,2,18,14,1,3,12,6,2,4,9,4,1,4,3,1,0,2,6,4,0,2,2,0,0,2,17,6,1,10,23,3,2,18,24,5,0,19,15,0,0,15
Barotrauma,7,1,1,5,7,2,0,5,10,0,0,10,21,17,2,2,70,68,2,0,26,0,0,26,22,17,1,4,26,19,3,4,15,11,2,2,9,7,0,2,5,4,0,1,17,9,5,3,4,1,0,3,13,6,3,4,28,3,1,24,25,3,0,22,22,0,0,22
Desperados III,3,0,0,3,5,3,1,1,5,0,0,5,27,18,3,6,82,78,2,2,22,0,1,21,26,19,2,5,30,23,3,4,18,15,2,1,12,10,0,2,5,3,0,2,16,12,1,3,1,0,0,1,21,8,0,13,30,5,1,24,24,2,0,22,19,1,0,18
Stoneshard,9,0,1,8,6,0,0,6,14,0,0,14,20,7,3,10,67,61,5,1,29,1,0,28,13,5,2,6,21,6,5,10,8,1,3,4,5,1,0,4,6,0,0,6,12,2,4,6,10,0,0,10,29,1,4,24,27,1,1,25,24,0,0,24,23,0,0,23
NARUTO TO BORUTO: SHINOBI STRIKER,15,1,2,12,12,6,0,6,15,0,1,14,19,15,2,2,64,58,2,4,24,2,1,21,20,14,0,6,18,14,2,2,15,6,6,3,12,5,3,4,8,4,0,4,4,1,2,1,10,0,0,10,21,7,4,10,12,2,2,8,19,3,0,16,10,0,0,10
Ravenfield,17,6,2,9,11,6,1,4,15,1,1,13,25,18,2,5,60,53,4,3,14,3,4,7,13,12,0,1,28,25,0,3,11,9,1,1,6,6,0,0,5,4,1,0,4,3,1,0,3,0,1,2,21,6,6,9,10,2,3,5,15,4,0,11,12,0,0,12
BATTLETECH,27,3,0,24,11,3,0,8,28,1,0,27,31,12,4,15,74,63,4,7,35,0,2,33,35,26,1,8,34,21,1,12,15,6,7,2,5,1,0,4,6,2,0,4,15,7,1,7,5,0,0,5,39,5,4,30,31,2,4,25,30,1,1,28,28,0,0,28
They Are Billions,5,1,0,4,4,1,0,3,8,0,0,8,14,9,2,3,64,59,2,3,16,0,0,16,6,3,1,2,13,5,4,4,3,2,1,0,2,1,1,0,2,1,0,1,5,1,2,2,6,0,0,6,12,1,2,9,17,2,1,14,15,2,0,13,15,0,0,15
Car Mechanic Simulator 2018,9,3,1,5,5,3,0,2,4,0,0,4,9,8,1,0,58,52,2,4,6,0,0,6,16,11,1,4,13,11,1,1,9,8,0,1,3,3,0,0,2,1,0,1,4,4,0,0,1,0,0,1,8,4,1,3,18,2,1,15,15,3,0,12,14,1,0,13
Slay the Spire,2,0,1,1,1,1,0,0,2,0,0,2,12,9,1,2,73,67,5,1,12,0,0,12,14,14,0,0,11,9,2,0,7,4,3,0,4,3,0,1,2,2,0,0,5,5,0,0,0,0,0,0,6,2,2,2,19,4,1,14,13,2,0,11,11,1,0,10
Jurassic World Evolution,9,0,1,8,5,2,0,3,11,0,1,10,17,12,0,5,60,57,2,1,14,0,0,14,8,3,1,4,13,5,4,4,7,4,3,0,4,2,0,2,3,2,0,1,9,3,2,4,2,0,0,2,14,2,2,10,14,0,2,12,12,0,0,12,16,1,1,14
Raft,1,1,0,0,4,3,0,1,2,0,0,2,11,7,3,1,61,55,3,3,7,0,0,7,6,5,0,1,10,7,2,1,7,5,0,2,3,2,0,1,3,2,0,1,9,3,2,4,0,0,0,0,2,0,0,2,7,0,1,6,10,0,0,10,16,1,0,15
Stick Fight: The Game,4,1,1,2,3,0,0,3,6,0,0,6,6,5,0,1,57,53,2,2,14,2,1,11,7,6,1,0,6,4,1,1,5,2,1,2,2,1,0,1,1,0,0,1,3,1,2,0,3,0,0,3,7,1,2,4,11,4,1,6,9,2,0,7,11,1,0,10
Hell Let Loose,14,4,1,9,10,6,1,3,13,0,1,12,16,9,3,4,65,58,2,5,19,2,1,16,14,11,0,3,14,8,2,4,14,9,2,3,7,3,1,3,6,3,1,2,8,6,1,1,3,0,0,3,11,2,2,7,29,3,3,23,30,4,1,25,15,0,1,14
Planet Zoo,10,1,2,7,10,5,0,5,8,0,2,6,22,15,2,5,79,77,1,1,14,0,1,13,17,11,2,4,23,15,1,7,20,13,3,4,15,11,1,3,5,3,0,2,9,5,1,3,3,0,1,2,15,3,5,7,25,1,3,21,26,3,1,22,19,1,1,17
A Total War Saga: THRONES OF BRITANNIA,6,2,1,3,8,4,1,3,6,0,1,5,25,14,1,10,64,53,5,6,16,1,1,14,28,19,1,8,23,14,1,8,19,9,7,3,7,4,2,1,10,7,0,3,20,11,3,6,1,0,1,0,15,4,1,10,19,1,3,15,20,2,0,18,22,1,1,20
Cultist Simulator,3,1,0,2,4,2,0,2,8,0,0,8,30,17,6,7,64,59,5,0,19,0,1,18,18,13,0,5,25,18,3,4,10,6,3,1,5,0,1,4,6,4,0,2,20,12,1,7,7,0,0,7,13,2,1,10,30,2,5,23,32,0,0,32,29,0,0,29
Overcooked! 2,2,0,0,2,3,2,0,1,1,0,0,1,11,6,1,4,55,48,4,3,9,1,0,8,4,4,0,0,14,9,2,3,4,4,0,0,2,2,0,0,1,1,0,0,3,3,0,0,0,0,0,0,2,0,0,2,18,4,1,13,13,2,0,11,15,0,0,15
Baba Is You,3,0,0,3,3,2,0,1,4,0,0,4,13,10,1,2,59,54,3,2,7,0,0,7,13,11,1,1,14,10,2,2,5,3,2,0,5,4,1,0,2,1,0,1,6,3,1,2,0,0,0,0,6,1,1,4,24,7,3,14,19,1,1,17,18,0,0,18
Albion Online,14,0,0,14,4,1,1,2,14,0,0,14,16,12,0,4,60,57,2,1,7,0,0,7,10,8,2,0,15,14,0,1,5,5,0,0,2,2,0,0,1,1,0,0,6,3,1,2,3,0,0,3,13,2,1,10,12,2,3,7,20,2,0,18,14,1,0,13
Total War: THREE KINGDOMS,20,2,0,18,10,5,0,5,14,0,0,14,16,11,0,5,56,50,4,2,7,0,0,7,17,11,1,5,17,11,1,5,13,10,2,1,4,3,0,1,4,2,0,2,5,4,1,0,3,0,0,3,20,5,0,15,11,1,2,8,16,0,0,16,8,0,0,8
Farming Simulator 19,8,0,1,7,4,2,2,0,17,0,0,17,15,9,1,5,51,48,0,3,4,1,0,3,7,7,0,0,12,6,3,3,5,3,0,2,2,1,0,1,2,1,0,1,4,1,1,2,0,0,0,0,11,4,1,6,7,1,0,6,11,0,1,10,19,0,0,19
Age of Empires II: Definitive Edition,12,0,0,12,9,3,0,6,16,0,0,16,17,12,0,5,67,65,0,2,10,0,0,10,24,19,1,4,14,13,0,1,12,7,1,4,5,3,0,2,5,1,0,4,6,3,0,3,0,0,0,0,16,5,1,10,8,1,0,7,10,0,0,10,7,1,0,6
Iron Harvest,25,1,1,23,28,7,1,20,16,0,0,16,21,13,3,5,72,54,11,7,33,1,0,32,30,17,4,9,26,16,4,6,32,14,5,13,14,9,0,5,24,10,0,14,17,9,1,7,9,0,0,9,21,1,5,15,25,2,2,21,29,3,0,26,24,1,0,23
Conqueror's Blade,5,0,0,5,2,0,0,2,6,0,0,6,4,1,1,2,58,46,5,7,28,0,1,27,15,7,1,7,9,4,0,5,3,0,1,2,2,1,0,1,1,0,0,1,0,0,0,0,8,0,0,8,19,0,0,19,19,0,0,19,17,1,0,16,9,0,0,9
Ultimate Custom Night,5,1,0,4,2,1,0,1,9,0,0,9,13,11,0,2,48,44,2,2,9,0,0,9,6,5,0,1,11,8,1,2,4,3,1,0,4,3,0,1,3,3,0,0,2,1,1,0,4,0,0,4,7,2,0,5,19,1,2,16,14,1,0,13,15,1,0,14
Anno 1800,7,0,0,7,6,2,0,4,7,0,0,7,19,10,2,7,70,66,2,2,9,0,1,8,16,13,1,2,18,11,3,4,9,5,3,1,4,2,2,0,3,1,0,2,5,3,2,0,0,0,0,0,11,7,1,3,15,2,1,12,17,1,0,16,16,0,0,16
Age of Empires III: Definitive Edition,26,2,2,22,10,4,1,5,22,0,0,22,22,12,3,7,60,56,2,2,9,0,0,9,15,12,0,3,16,10,2,4,12,3,6,3,5,1,1,3,6,3,0,3,8,4,1,3,3,0,0,3,22,3,4,15,6,0,0,6,9,1,0,8,9,1,0,8
Cities: Skylines II,32,2,0,30,15,2,1,12,18,0,0,18,17,12,0,5,58,51,3,4,9,1,0,8,11,10,0,1,17,13,0,4,10,5,1,4,2,0,0,2,5,2,0,3,4,2,1,1,0,0,0,0,19,10,1,8,9,0,1,8,11,1,0,10,5,0,0,5
Bloons TD 6,1,1,0,0,1,1,0,0,5,0,0,5,13,7,2,4,61,58,2,1,12,0,0,12,8,5,1,2,13,7,3,3,4,2,0,2,5,2,1,2,0,0,0,0,3,1,2,0,4,0,0,4,10,2,1,7,12,3,0,9,9,1,1,7,13,0,0,13
60 Seconds! Reatomized,3,1,0,2,7,3,1,3,2,0,0,2,18,13,3,2,62,55,6,1,15,0,1,14,6,5,1,0,20,13,5,2,12,9,1,2,7,4,3,0,6,3,0,3,5,4,1,0,1,1,0,0,3,0,0,3,25,3,3,19,16,3,1,12,27,0,0,27
ISLANDERS,5,1,0,4,4,3,0,1,7,0,0,7,24,18,2,4,73,61,10,2,18,0,0,18,21,17,1,3,28,24,3,1,13,7,4,2,10,5,1,4,2,2,0,0,11,8,1,2,3,0,0,3,10,1,1,8,28,8,2,18,33,5,0,28,21,2,0,19
Eternal Return,4,0,0,4,3,0,0,3,4,0,0,4,9,6,1,2,56,50,3,3,16,0,1,15,14,12,0,2,12,10,1,1,4,2,0,2,11,6,1,4,1,0,0,1,6,2,3,1,0,0,0,0,9,3,2,4,13,1,0,12,16,0,0,16,9,0,0,9
Timberborn,7,2,0,5,5,2,0,3,7,0,0,7,19,12,0,7,68,64,2,2,13,2,0,11,15,9,1,5,28,16,7,5,9,4,2,3,8,5,2,1,1,0,0,1,5,3,0,2,2,0,0,2,11,2,2,7,21,1,1,19,15,0,1,14,20,0,0,20
Poly Bridge 2,3,0,1,2,4,2,0,2,1,0,0,1,9,7,1,1,37,30,4,3,8,1,0,7,17,12,1,4,19,12,5,2,6,3,1,2,4,3,1,0,6,3,1,2,11,7,2,2,2,0,0,2,3,1,0,2,15,1,1,13,12,1,0,11,11,0,0,11
Baldur's Gate 3,2,1,0,1,2,1,0,1,3,0,0,3,22,11,5,6,66,57,5,4,5,0,0,5,13,10,2,1,14,10,2,2,10,7,3,0,6,4,2,0,4,2,1,1,12,5,3,4,0,0,0,0,4,1,1,2,10,0,3,7,8,2,0,6,6,0,0,6
Inscryption,2,1,0,1,4,3,0,1,5,0,0,5,21,14,3,4,77,73,4,0,18,1,0,17,26,18,3,5,25,21,1,3,7,6,1,0,3,2,0,1,4,4,0,0,12,7,1,4,1,0,0,1,16,8,3,5,19,3,3,13,15,2,0,13,11,1,0,10
Monster Train,4,1,1,2,5,3,0,2,5,0,0,5,29,19,5,5,77,69,8,0,18,1,1,16,29,23,0,6,26,21,2,3,17,11,3,3,14,7,0,7,9,7,0,2,16,11,3,2,4,0,0,4,14,7,0,7,21,2,4,15,18,1,1,16,19,1,0,18
Persona 4 Golden,5,2,2,1,7,5,2,0,4,0,0,4,24,21,1,2,66,59,3,4,14,0,2,12,29,26,1,2,24,22,0,2,19,14,4,1,19,14,1,4,11,11,0,0,24,20,2,2,6,1,0,5,13,5,1,7,16,3,2,11,18,3,0,15,14,1,0,13
HUMANKIND™,7,0,0,7,7,3,0,4,10,0,0,10,28,13,2,13,63,53,3,7,20,0,0,20,33,15,4,14,30,16,3,11,13,5,1,7,9,2,0,7,6,2,0,4,18,8,0,10,6,0,0,6,18,7,0,11,12,0,1,11,13,0,0,13,15,0,0,15
Mini Motorways,10,1,0,9,9,7,0,2,11,0,0,11,16,11,1,4,70,65,5,0,13,0,2,11,18,16,1,1,21,16,1,4,22,17,2,3,11,6,0,5,8,4,0,4,10,9,0,1,0,0,0,0,14,4,3,7,33,2,3,28,20,3,0,17,20,2,0,18
Ghostrunner,12,1,0,11,9,6,0,3,7,0,0,7,26,14,3,9,62,55,2,5,22,0,0,22,23,17,0,6,29,21,1,7,21,14,3,4,13,6,5,2,13,8,1,4,16,9,1,6,2,0,0,2,18,5,2,11,35,3,2,30,20,1,0,19,16,1,0,15
Total War: WARHAMMER III,7,0,0,7,5,2,0,3,6,0,0,6,20,13,2,5,66,61,3,2,10,0,0,10,22,16,3,3,11,11,0,0,6,3,2,1,2,1,0,1,2,1,0,1,10,9,1,0,3,1,0,2,12,3,1,8,9,0,0,9,21,4,0,17,9,0,0,9
Crusader Kings III,10,1,1,8,7,3,0,4,8,0,0,8,28,20,1,7,60,57,3,0,18,0,0,18,29,19,4,6,22,15,1,6,13,4,2,7,8,3,1,4,6,2,0,4,14,6,3,5,4,0,0,4,21,8,1,12,25,1,0,24,28,1,0,27,16,0,0,16
Pathfinder: Wrath of the Righteous - Enhanced Edition,14,2,3,9,15,8,1,6,13,0,0,13,33,27,3,3,79,72,4,3,29,1,1,27,36,27,3,6,32,26,2,4,27,18,8,1,22,11,3,8,18,13,1,4,19,13,6,0,9,0,0,9,29,11,6,12,30,2,3,25,29,2,0,27,30,1,0,29
Command & Conquer™ Remastered Collection,12,2,1,9,15,10,1,4,14,0,0,14,23,14,2,7,67,64,3,0,21,0,0,21,32,23,3,6,22,10,1,11,25,18,4,3,12,8,0,4,13,11,0,2,14,7,2,5,5,0,0,5,27,5,2,20,19,0,0,19,15,1,0,14,10,0,0,10
Dragon Age™ Inquisition,21,0,1,20,8,2,0,6,24,0,0,24,23,18,1,4,63,53,4,6,21,0,1,20,20,13,2,5,20,15,0,5,19,12,1,6,17,7,1,9,12,8,0,4,21,13,2,6,8,0,0,8,27,7,1,19,23,0,3,20,21,0,0,21,22,0,0,22
Battlefield 4™,21,4,1,16,9,8,0,1,22,0,2,20,19,14,1,4,67,61,0,6,23,1,1,21,19,16,1,2,17,15,1,1,11,9,1,1,3,2,1,0,6,6,0,0,12,6,3,3,5,0,0,5,25,11,4,10,15,1,0,14,20,0,1,19,11,1,0,10
Door Kickers 2: Task Force North,5,1,0,4,9,2,0,7,7,0,0,7,15,12,1,2,66,63,2,1,15,1,1,13,17,17,0,0,21,17,0,4,8,4,1,3,4,2,1,1,6,1,0,5,6,5,1,0,2,0,0,2,10,2,3,5,18,3,0,15,20,3,0,17,8,0,0,8
Jurassic World Evolution 2,3,1,0,2,1,1,0,0,7,1,0,6,13,11,0,2,52,51,0,1,9,0,0,9,14,10,2,2,15,11,3,1,11,11,0,0,12,12,0,0,5,5,0,0,15,14,0,1,4,1,0,3,9,4,2,3,14,2,1,11,11,2,0,9,15,1,0,14
Library Of Ruina,8,0,0,8,6,1,0,5,12,0,0,12,13,8,0,5,59,50,5,4,19,0,0,19,15,8,1,6,10,4,3,3,9,3,3,3,5,1,0,4,6,2,0,4,12,7,2,3,14,0,0,14,20,2,1,17,15,2,1,12,18,1,0,17,9,0,0,9
3on3 FreeStyle: Rebound,13,1,0,12,8,3,0,5,18,0,0,18,13,8,2,3,46,28,8,10,28,0,2,26,18,6,0,12,13,5,0,8,12,4,2,6,8,5,0,3,5,2,0,3,6,1,1,4,11,0,0,11,32,1,1,30,11,1,1,9,22,1,0,21,8,0,0,8
Sid Meier's Civilization VII,17,1,0,16,9,3,0,6,15,0,0,15,23,14,2,7,61,43,4,14,29,1,1,27,29,12,3,14,19,13,2,4,16,6,4,6,11,3,1,7,7,1,0,6,12,6,1,5,7,0,0,7,26,5,4,17,17,2,2,13,20,2,0,18,20,1,0,19
Cult of the Lamb,5,1,0,4,5,2,0,3,7,0,0,7,26,16,3,7,63,59,1,3,16,1,1,14,17,12,1,4,33,22,5,6,18,10,3,5,18,13,1,4,2,0,0,2,9,6,1,2,1,0,0,1,14,5,2,7,22,8,2,12,19,4,0,15,23,2,0,21
shapez,7,2,0,5,8,4,1,3,9,0,0,9,33,26,2,5,71,69,1,1,14,2,2,10,21,17,2,2,27,21,4,2,9,5,2,2,7,4,0,3,6,4,0,2,11,7,2,2,2,0,0,2,12,7,1,4,24,6,5,13,23,6,4,13,36,6,2,28
Against the Storm,11,0,3,8,9,1,1,7,12,0,2,10,24,15,2,7,79,68,9,2,18,0,2,16,20,8,1,11,24,10,0,14,15,2,8,5,12,2,3,7,8,2,1,5,16,5,2,9,4,0,1,3,19,2,3,14,20,2,5,13,25,0,1,24,18,0,2,16
DYNASTY WARRIORS 9 Empires,11,0,1,10,11,4,1,6,10,0,0,10,19,9,1,9,68,52,5,11,31,0,1,30,29,19,0,10,23,12,2,9,17,2,6,9,11,0,1,10,9,2,0,7,8,0,3,5,7,0,0,7,24,2,3,19,17,1,2,14,22,1,1,20,15,0,0,15
SMASH LEGENDS,8,2,0,6,7,4,0,3,6,0,0,6,11,3,1,7,55,46,2,7,31,0,0,31,5,4,0,1,8,3,1,4,7,5,0,2,4,3,0,1,3,3,0,0,1,0,0,1,6,0,0,6,18,1,2,15,14,1,1,12,21,1,0,20,17,1,1,15
In Silence,22,1,1,20,8,2,0,6,25,0,3,22,16,4,4,8,58,43,6,9,18,0,0,18,14,3,3,8,10,2,3,5,10,3,2,5,7,2,0,5,5,1,0,4,5,2,0,3,6,0,0,6,35,3,1,31,8,0,1,7,20,0,0,20,9,0,0,9
Manor Lords,23,4,1,18,16,12,0,4,22,0,0,22,28,17,3,8,60,55,3,2,24,0,1,23,26,14,2,10,25,17,3,5,13,11,1,1,12,10,1,1,8,7,0,1,8,6,1,1,7,1,0,6,49,8,7,34,17,1,1,15,26,1,0,25,17,0,1,16
Dyson Sphere Program,12,4,1,7,8,6,1,1,11,1,0,10,17,11,3,3,71,66,4,1,25,0,3,22,20,16,1,3,16,13,3,0,20,14,1,5,11,6,1,4,9,7,0,2,11,6,2,3,8,1,0,7,21,4,4,13,19,1,2,16,23,0,1,22,15,0,0,15
World of Tanks,14,0,0,14,6,2,0,4,17,0,1,16,14,9,0,5,60,42,8,10,34,0,0,34,14,6,1,7,11,7,1,3,6,3,1,2,3,0,0,3,3,1,0,2,3,2,0,1,8,0,0,8,36,7,2,27,13,1,0,12,22,1,0,21,10,0,0,10
Uncharted Waters IV HD Version,20,0,1,19,7,2,1,4,25,0,1,24,15,8,2,5,61,55,4,2,10,0,0,10,14,11,0,3,11,6,2,3,9,4,5,0,4,0,3,1,5,4,0,1,8,4,2,2,3,0,0,3,30,3,4,23,9,0,1,8,14,0,0,14,5,0,0,5
Age of Darkness: Final Stand,17,0,1,16,11,3,2,6,19,0,0,19,17,4,5,8,53,40,4,9,39,0,1,38,12,4,3,5,20,10,2,8,10,5,2,3,6,2,1,3,8,1,1,6,4,0,1,3,2,0,0,2,31,1,5,25,28,0,4,24,22,0,1,21,15,0,0,15
Yu-Gi-Oh! Master Duel,4,0,0,4,1,0,0,1,6,0,0,6,8,7,1,0,42,38,3,1,18,0,0,18,11,10,1,0,17,14,1,2,1,1,0,0,0,0,0,0,0,0,0,0,5,5,0,0,5,0,0,5,8,2,2,4,8,1,0,7,11,0,1,10,15,1,0,14
Cookie Clicker,2,0,0,2,4,2,0,2,6,0,0,6,22,19,1,2,62,54,7,1,13,0,0,13,13,12,0,1,19,15,2,2,11,8,2,1,9,5,2,2,4,3,0,1,8,4,4,0,1,0,0,1,7,2,0,5,18,0,2,16,15,1,0,14,22,1,0,21
Dorfromantik,6,1,0,5,9,6,0,3,4,0,0,4,23,16,1,6,82,72,6,4,15,0,0,15,30,24,1,5,26,22,1,3,25,13,4,8,15,6,2,7,7,5,0,2,13,7,3,3,2,0,0,2,15,4,1,10,26,6,2,18,26,5,0,21,21,0,1,20
Age of Empires IV: Anniversary Edition,13,0,0,13,4,1,0,3,14,0,0,14,29,14,3,12,68,58,7,3,18,0,0,18,20,10,0,10,18,10,3,5,10,4,3,3,7,3,0,4,4,2,0,2,11,7,3,1,2,0,0,2,22,1,2,19,17,0,1,16,21,2,0,19,24,2,0,22
Wartales,2,0,0,2,0,0,0,0,3,0,0,3,10,6,4,0,66,60,4,2,9,0,0,9,5,4,1,0,7,3,1,3,0,0,0,0,0,0,0,0,0,0,0,0,3,2,1,0,3,0,0,3,7,2,1,4,9,1,0,8,11,0,0,11,5,0,0,5
Goose Goose Duck,3,0,1,2,5,2,1,2,4,0,0,4,11,8,1,2,52,50,2,0,14,0,0,14,7,4,2,1,9,6,1,2,2,1,1,0,0,0,0,0,2,2,0,0,3,2,0,1,2,0,0,2,3,1,0,2,10,0,2,8,13,0,1,12,12,0,0,12
PlateUp!,8,0,0,8,6,2,0,4,10,0,0,10,27,14,3,10,64,53,5,6,24,1,0,23,24,12,1,11,24,12,3,9,17,6,5,6,8,2,3,3,9,5,0,4,14,6,4,4,3,0,0,3,19,2,1,16,22,1,0,21,22,0,0,22,23,0,0,23
Frostpunk 2,17,1,0,16,4,0,1,3,22,0,0,22,17,8,1,8,60,45,6,9,19,1,0,18,22,11,2,9,22,8,4,10,6,3,2,1,2,2,0,0,5,3,0,2,13,5,4,4,10,0,0,10,32,4,2,26,12,0,1,11,20,0,0,20,13,1,0,12
Broken Arrow,22,1,1,20,8,2,2,4,25,0,1,24,19,11,2,6,62,51,6,5,50,0,0,50,30,21,0,9,23,15,1,7,13,7,4,2,9,3,1,5,8,4,1,3,13,7,4,2,17,1,0,16,50,4,4,42,27,0,1,26,33,0,0,33,18,0,0,18
"Warhammer 40,000: Chaos Gate - Daemonhunters",13,2,0,11,7,3,0,4,16,0,0,16,26,14,4,8,63,54,5,4,37,1,1,35,28,17,4,7,24,16,3,5,13,7,3,3,8,3,1,4,6,3,0,3,12,7,2,3,3,0,0,3,40,11,6,23,27,2,2,23,25,0,0,25,22,0,0,22
The Bazaar,12,0,2,10,4,1,0,3,12,0,1,11,18,12,1,5,68,53,7,8,37,1,1,35,15,10,1,4,17,10,0,7,6,3,0,3,4,0,1,3,5,3,0,2,3,0,1,2,6,0,0,6,32,6,5,21,14,2,2,10,15,3,0,12,13,0,0,13
For The King II,13,0,2,11,6,1,0,5,19,0,1,18,19,8,2,9,56,41,6,9,28,0,1,27,27,10,5,12,15,8,3,4,10,6,1,3,6,1,1,4,5,1,0,4,5,1,1,3,6,0,0,6,32,10,4,18,14,0,2,12,18,0,0,18,11,0,0,11
Company of Heroes 3,11,1,0,10,9,3,1,5,13,0,0,13,17,6,3,8,62,49,4,9,33,0,0,33,29,21,0,8,15,9,2,4,16,8,5,3,15,8,2,5,7,3,1,3,11,5,3,3,11,0,0,11,42,6,4,32,13,0,1,12,18,0,0,18,7,0,0,7
Persona 3 Portable,9,0,0,9,9,0,0,9,14,0,1,13,34,22,2,10,69,60,5,4,26,0,0,26,29,18,2,9,32,19,2,11,22,13,3,6,18,6,4,8,12,7,0,5,21,15,1,5,7,0,0,7,32,6,6,20,30,1,1,28,22,0,0,22,31,0,0,31
Bellwright,17,2,1,14,15,7,0,8,19,0,1,18,35,22,2,11,79,61,8,10,29,1,0,28,25,18,2,5,42,25,4,13,25,7,8,10,19,5,1,13,12,5,0,7,22,8,4,10,7,0,0,7,23,4,3,16,20,1,3,16,24,1,1,22,34,0,0,34
Dragon Age™: The Veilguard,16,3,3,10,15,9,2,4,17,0,0,17,51,27,4,20,90,57,17,16,33,1,1,31,47,22,3,22,49,21,11,17,38,14,17,7,35,9,7,19,25,11,2,12,47,16,13,18,12,0,0,12,27,4,8,15,30,2,3,25,34,2,2,30,37,0,1,36
TRIANGLE STRATEGY,4,0,1,3,2,1,0,1,3,0,0,3,39,27,4,8,77,64,9,4,14,0,0,14,16,12,0,4,26,16,4,6,17,11,4,2,13,9,1,3,8,7,0,1,22,11,3,8,3,0,0,3,11,3,0,8,24,4,1,19,24,0,0,24,24,1,0,23
Stacklands,9,1,0,8,5,2,0,3,13,0,0,13,18,13,0,5,59,54,3,2,15,0,0,15,11,8,0,3,21,13,1,7,8,7,0,1,10,5,0,5,1,1,0,0,7,5,0,2,3,0,0,3,21,1,1,19,18,5,1,12,17,3,0,14,18,3,0,15
Riichi City - Japanese Mahjong,5,0,1,4,5,3,0,2,9,0,2,7,9,5,1,3,38,32,2,4,22,0,0,22,16,7,1,8,16,12,0,4,17,12,1,4,14,7,2,5,2,2,0,0,18,12,2,4,7,0,0,7,23,3,0,20,11,1,1,9,14,1,0,13,8,1,0,7
Limbus Company,8,0,0,8,1,0,0,1,13,0,0,13,20,13,1,6,56,50,3,3,27,1,0,26,13,6,2,5,16,11,1,4,9,9,0,0,11,9,1,1,2,2,0,0,15,13,2,0,8,1,0,7,27,6,3,18,17,3,1,13,19,2,0,17,9,0,0,9
MARVEL SNAP,14,2,1,11,2,1,0,1,16,0,1,15,19,15,1,3,47,41,2,4,28,2,4,22,21,16,1,4,20,16,1,3,5,5,0,0,3,2,0,1,0,0,0,0,6,3,2,1,3,0,0,3,34,7,3,24,20,2,2,16,26,3,1,22,16,1,0,15
The Farmer Was Replaced,7,2,2,3,7,4,1,2,7,0,1,6,20,13,2,5,63,58,4,1,10,0,0,10,25,16,3,6,22,17,2,3,11,10,1,0,6,6,0,0,5,5,0,0,18,11,4,3,2,0,0,2,20,9,2,9,19,2,2,15,16,2,0,14,22,2,0,20
Persona 3 Reload,12,3,1,8,13,7,2,4,6,2,0,4,27,21,3,3,72,68,4,0,19,3,1,15,30,23,2,5,26,20,4,2,20,16,3,1,13,9,2,2,11,9,0,2,23,12,8,3,0,0,0,0,14,8,0,6,22,3,4,15,21,3,0,18,26,1,0,25
shapez 2 - Factory,19,7,3,9,15,10,1,4,16,0,2,14,40,31,3,6,87,82,5,0,18,0,2,16,26,22,2,2,33,27,1,5,17,15,1,1,10,7,0,3,9,9,0,0,13,11,1,1,4,0,0,4,27,11,5,11,27,5,8,14,29,3,1,25,27,0,2,25
Two Point Museum,6,4,1,1,8,7,0,1,5,0,2,3,33,26,2,5,81,79,2,0,11,2,3,6,22,21,1,0,26,24,1,1,18,15,3,0,14,13,0,1,7,7,0,0,11,10,1,0,2,0,1,1,16,12,1,3,20,9,3,8,19,10,1,8,16,3,0,13
Thronefall,9,1,1,7,8,6,0,2,6,0,0,6,14,12,1,1,76,73,2,1,25,3,1,21,22,20,1,1,25,22,2,1,12,11,1,0,5,5,0,0,5,4,0,1,7,6,0,1,2,0,0,2,13,7,2,4,30,10,1,19,24,5,0,19,14,1,0,13
Balatro,3,2,0,1,5,3,0,2,1,0,0,1,11,10,0,1,83,80,2,1,16,4,0,12,20,16,0,4,15,12,0,3,14,13,0,1,7,6,0,1,4,2,0,2,3,2,0,1,5,0,0,5,15,6,2,7,12,4,1,7,19,5,0,14,7,1,0,6
Storm Striker,11,1,1,9,10,8,0,2,10,0,1,9,16,11,0,5,76,69,4,3,26,3,0,23,15,11,1,3,16,10,0,6,14,11,0,3,13,7,0,6,6,4,0,2,8,5,0,3,11,0,0,11,31,11,0,20,17,2,3,12,26,7,1,18,13,1,0,12
Sword of Convallaria,12,0,0,12,5,2,0,3,16,0,0,16,18,10,3,5,60,53,3,4,19,0,0,19,21,16,0,5,17,9,3,5,11,7,3,1,9,6,1,2,5,2,0,3,17,9,4,4,11,0,0,11,28,2,2,24,11,0,1,10,23,3,0,20,13,0,0,13
Shadowverse: Worlds Beyond,7,1,1,5,8,3,1,4,2,0,0,2,33,16,3,14,59,46,7,6,27,1,1,25,26,15,1,10,30,19,1,10,17,8,5,4,16,6,2,8,12,5,0,7,22,13,1,8,5,0,0,5,21,2,4,15,22,2,0,20,21,1,0,20,22,0,0,22
Dispatch,6,1,2,3,5,3,2,0,5,0,1,4,23,13,2,8,76,74,2,0,19,0,1,18,23,17,2,4,23,16,1,6,24,18,4,2,19,11,1,7,8,7,0,1,24,17,3,4,4,1,0,3,14,6,3,5,16,2,3,11,15,3,1,11,15,0,0,15
Spectral Scream,12,1,0,11,4,3,0,1,12,0,0,12,21,15,1,5,58,44,7,7,23,1,2,20,14,9,1,4,17,9,3,5,10,5,3,2,13,8,4,1,3,3,0,0,4,1,1,2,7,0,0,7,17,5,2,10,19,3,4,12,24,1,0,23,19,1,0,18
Astral Party,2,0,0,2,2,0,0,2,6,0,0,6,17,11,0,6,63,56,3,4,30,1,1,28,12,10,0,2,20,14,4,2,14,10,2,2,18,13,1,4,4,2,0,2,4,3,0,1,4,0,0,4,22,5,3,14,24,2,5,17,19,1,1,17,21,1,1,19
Rusty's Retirement,10,1,1,8,13,12,0,1,7,0,0,7,44,25,9,10,82,72,6,4,20,0,0,20,30,21,1,8,35,26,4,5,27,18,6,3,25,15,2,8,18,15,0,3,25,12,5,8,4,0,0,4,13,3,2,8,31,4,3,24,32,6,0,26,36,0,0,36
Metaphor: ReFantazio,22,4,2,16,16,7,1,8,20,1,2,17,37,22,4,11,63,56,4,3,20,0,0,20,33,20,4,9,30,19,5,6,25,15,6,4,20,6,3,11,18,12,0,6,24,15,5,4,5,0,0,5,25,4,3,18,25,5,2,18,26,2,0,24,24,1,0,23
Planet Coaster 2,27,4,2,21,16,9,0,7,19,0,1,18,15,9,0,6,55,43,4,8,24,2,1,21,23,14,1,8,18,13,1,4,21,14,0,7,11,7,1,3,13,6,0,7,7,5,0,2,7,0,0,7,20,4,1,15,15,1,3,11,13,0,0,13,11,0,0,11
Marvel Rivals,3,0,0,3,7,1,0,6,4,0,0,4,18,12,2,4,50,48,0,2,22,2,0,20,11,7,1,3,15,11,1,3,23,15,2,6,18,12,3,3,6,2,0,4,12,5,3,4,2,1,0,1,11,2,3,6,14,2,0,12,11,0,0,11,14,0,0,14
The WereCleaner,2,0,0,2,2,2,0,0,3,0,0,3,13,11,0,2,53,53,0,0,17,0,1,16,13,12,0,1,15,14,1,0,24,21,3,0,21,18,0,3,2,2,0,0,6,5,0,1,1,0,0,1,8,5,0,3,22,6,1,15,21,3,1,17,12,0,0,12
Buckshot Roulette,1,0,1,0,1,0,0,1,5,0,0,5,10,4,3,3,48,45,1,2,28,1,1,26,6,3,0,3,8,4,1,3,3,1,0,2,4,0,0,4,1,1,0,0,3,1,0,2,1,0,0,1,15,2,0,13,19,2,1,16,12,0,0,12,7,1,0,6
Slay the Spire 2,6,1,0,5,0,0,0,0,8,0,0,8,8,4,2,2,51,46,2,3,22,0,0,22,9,3,1,5,8,3,2,3,1,1,0,0,2,1,1,0,0,0,0,0,2,1,1,0,3,0,0,3,21,1,2,18,13,1,1,11,8,0,0,8,7,0,0,7
Liar's Bar,6,0,1,5,2,1,0,1,10,0,0,10,9,4,0,5,47,41,5,1,20,0,1,19,10,7,0,3,9,8,0,1,5,3,1,1,6,2,0,4,2,1,0,1,5,2,2,1,3,0,0,3,14,1,4,9,15,0,1,14,12,1,0,11,9,0,0,9
Schedule I,7,0,0,7,2,1,0,1,9,0,1,8,25,15,6,4,68,59,5,4,20,0,0,20,18,15,0,3,20,13,0,7,9,7,0,2,7,6,0,1,2,1,0,1,9,6,2,1,3,0,0,3,22,6,5,11,16,0,4,12,19,3,0,16,20,0,1,19
Vampire Crawlers: The Turbo Wildcard from Vampire Survivors,7,2,2,3,5,2,0,3,6,0,1,5,33,16,2,15,86,72,6,8,21,0,2,19,30,19,2,9,26,19,3,4,11,8,1,2,9,2,2,5,6,3,0,3,8,4,0,4,1,0,0,1,21,6,3,12,22,5,3,14,25,2,1,22,23,0,0,23
Anno 117: Pax Romana,16,0,1,15,8,3,1,4,16,0,1,15,33,16,6,11,69,56,4,9,23,0,0,23,29,14,2,13,26,12,3,11,23,12,4,7,20,10,2,8,8,3,1,4,15,7,2,6,12,0,0,12,32,6,5,21,18,2,2,14,24,1,0,23,16,0,0,16
GIRLS' FRONTLINE 2: EXILIUM,5,0,0,5,2,1,0,1,6,0,0,6,19,12,2,5,48,38,5,5,25,0,0,25,21,9,0,12,25,14,4,7,12,9,1,2,18,7,2,9,1,1,0,0,7,4,1,2,9,0,0,9,28,4,1,23,15,2,3,10,15,1,0,14,19,1,1,17
CloverPit,12,0,0,12,6,2,0,4,20,0,0,20,20,10,3,7,59,49,3,7,22,0,0,22,24,8,2,14,22,9,4,9,8,4,1,3,7,3,1,3,7,2,0,5,14,5,4,5,1,0,0,1,25,1,2,22,11,1,0,10,12,0,0,12,17,0,0,17
Europa Universalis V,31,0,1,30,13,1,0,12,30,0,0,30,20,9,2,9,49,25,10,14,25,0,1,24,19,4,1,14,14,2,3,9,13,1,4,8,12,2,0,10,9,1,0,8,10,0,0,10,9,0,0,9,44,4,5,35,8,0,0,8,19,0,0,19,13,0,0,13
Football Manager 26,22,0,2,20,17,1,2,14,28,1,0,27,18,7,2,9,43,26,6,11,27,1,0,26,20,8,0,12,19,3,3,13,19,3,4,12,13,1,4,8,12,3,1,8,9,3,1,5,11,0,0,11,34,3,5,26,18,0,1,17,23,1,0,22,11,0,0,11
StarSavior,12,4,0,8,8,6,0,2,12,1,0,11,30,21,2,7,64,51,3,10,19,1,0,18,23,12,4,7,17,12,0,5,19,9,2,8,18,9,1,8,11,5,0,6,15,9,1,5,5,0,0,5,29,8,5,16,14,3,2,9,15,6,0,9,13,1,1,11
Shelldiver,1,0,0,1,1,1,0,0,0,0,0,0,23,17,3,3,57,57,0,0,5,1,0,4,4,3,1,0,9,8,0,1,3,3,0,0,1,1,0,0,1,1,0,0,2,1,0,1,0,0,0,0,4,3,1,0,4,1,1,2,6,0,0,6,10,3,1,6
