game_name,total_review_count,최적화#프레임_negative_count,최적화#프레임_mention_count,최적화#프레임_negative_ratio_all_reviews,최적화#조작감_negative_count,최적화#조작감_mention_count,최적화#조작감_negative_ratio_all_reviews,시스템#버그_negative_count,시스템#버그_mention_count,시스템#버그_negative_ratio_all_reviews,콘텐츠#볼륨_negative_count,콘텐츠#볼륨_mention_count,콘텐츠#볼륨_negative_ratio_all_reviews,콘텐츠#몰입도_negative_count,콘텐츠#몰입도_mention_count,콘텐츠#몰입도_negative_ratio_all_reviews,시스템#밸런스_negative_count,시스템#밸런스_mention_count,시스템#밸런스_negative_ratio_all_reviews,시스템#독창성_negative_count,시스템#독창성_mention_count,시스템#독창성_negative_ratio_all_reviews,시스템#자유도_negative_count,시스템#자유도_mention_count,시스템#자유도_negative_ratio_all_reviews,UX#그래픽_negative_count,UX#그래픽_mention_count,UX#그래픽_negative_ratio_all_reviews,UX#캐릭터디자인_negative_count,UX#캐릭터디자인_mention_count,UX#캐릭터디자인_negative_ratio_all_reviews,UX#사운드_negative_count,UX#사운드_mention_count,UX#사운드_negative_ratio_all_reviews,스토리#내러티브_negative_count,스토리#내러티브_mention_count,스토리#내러티브_negative_ratio_all_reviews,운영#핵/치트_negative_count,운영#핵/치트_mention_count,운영#핵/치트_negative_ratio_all_reviews,운영#업데이트_negative_count,운영#업데이트_mention_count,운영#업데이트_negative_ratio_all_reviews,콘텐츠#난이도_negative_count,콘텐츠#난이도_mention_count,콘텐츠#난이도_negative_ratio_all_reviews,시스템#진입장벽_negative_count,시스템#진입장벽_mention_count,시스템#진입장벽_negative_ratio_all_reviews,콘텐츠#피로도_negative_count,콘텐츠#피로도_mention_count,콘텐츠#피로도_negative_ratio_all_reviews
3on3 FreeStyle: Rebound,100,12,13,0.12,5,8,0.05,18,18,0.18,3,13,0.03,10,46,0.1,26,28,0.26,12,18,0.12,8,13,0.08,6,12,0.06,3,8,0.03,3,5,0.03,4,6,0.04,11,11,0.11,30,32,0.3,9,11,0.09,21,22,0.21,8,8,0.08
60 Seconds! Reatomized,100,2,3,0.02,3,7,0.03,2,2,0.02,2,18,0.02,1,62,0.01,14,15,0.14,0,6,0.0,2,20,0.02,2,12,0.02,0,7,0.0,3,6,0.03,0,5,0.0,0,1,0.0,3,3,0.03,19,25,0.19,12,16,0.12,27,27,0.27
7 Days to Die,100,15,15,0.15,4,6,0.04,14,14,0.14,4,19,0.04,1,71,0.01,17,18,0.17,2,16,0.02,5,22,0.05,0,4,0.0,3,4,0.03,0,2,0.0,2,8,0.02,3,3,0.03,16,23,0.16,11,13,0.11,15,16,0.15,21,21,0.21
A Total War Saga: THRONES OF BRITANNIA,100,3,6,0.03,3,8,0.03,5,6,0.05,10,25,0.1,6,64,0.06,14,16,0.14,8,28,0.08,8,23,0.08,3,19,0.03,1,7,0.01,3,10,0.03,6,20,0.06,0,1,0.0,10,15,0.1,15,19,0.15,18,20,0.18,20,22,0.2
Against the Storm,100,8,11,0.08,7,9,0.07,10,12,0.1,7,24,0.07,2,79,0.02,16,18,0.16,11,20,0.11,14,24,0.14,5,15,0.05,7,12,0.07,5,8,0.05,9,16,0.09,3,4,0.03,14,19,0.14,13,20,0.13,24,25,0.24,16,18,0.16
Age of Darkness: Final Stand,100,16,17,0.16,6,11,0.06,19,19,0.19,8,17,0.08,9,53,0.09,38,39,0.38,5,12,0.05,8,20,0.08,3,10,0.03,3,6,0.03,6,8,0.06,3,4,0.03,2,2,0.02,25,31,0.25,24,28,0.24,21,22,0.21,15,15,0.15
Age of Empires II: Definitive Edition,100,12,12,0.12,6,9,0.06,16,16,0.16,5,17,0.05,2,67,0.02,10,10,0.1,4,24,0.04,1,14,0.01,4,12,0.04,2,5,0.02,4,5,0.04,3,6,0.03,0,0,0.0,10,16,0.1,7,8,0.07,10,10,0.1,6,7,0.06
Age of Empires III: Definitive Edition,100,22,26,0.22,5,10,0.05,22,22,0.22,7,22,0.07,2,60,0.02,9,9,0.09,3,15,0.03,4,16,0.04,3,12,0.03,3,5,0.03,3,6,0.03,3,8,0.03,3,3,0.03,15,22,0.15,6,6,0.06,8,9,0.08,8,9,0.08
Age of Empires IV: Anniversary Edition,100,13,13,0.13,3,4,0.03,14,14,0.14,12,29,0.12,3,68,0.03,18,18,0.18,10,20,0.1,5,18,0.05,3,10,0.03,4,7,0.04,2,4,0.02,1,11,0.01,2,2,0.02,19,22,0.19,16,17,0.16,19,21,0.19,22,24,0.22
Albion Online,100,14,14,0.14,2,4,0.02,14,14,0.14,4,16,0.04,1,60,0.01,7,7,0.07,0,10,0.0,1,15,0.01,0,5,0.0,0,2,0.0,0,1,0.0,2,6,0.02,3,3,0.03,10,13,0.1,7,12,0.07,18,20,0.18,13,14,0.13
Anno 117: Pax Romana,100,15,16,0.15,4,8,0.04,15,16,0.15,11,33,0.11,9,69,0.09,23,23,0.23,13,29,0.13,11,26,0.11,7,23,0.07,8,20,0.08,4,8,0.04,6,15,0.06,12,12,0.12,21,32,0.21,14,18,0.14,23,24,0.23,16,16,0.16
Anno 1800,100,7,7,0.07,4,6,0.04,7,7,0.07,7,19,0.07,2,70,0.02,8,9,0.08,2,16,0.02,4,18,0.04,1,9,0.01,0,4,0.0,2,3,0.02,0,5,0.0,0,0,0.0,3,11,0.03,12,15,0.12,16,17,0.16,16,16,0.16
Arma 3,100,7,7,0.07,3,4,0.03,10,10,0.1,7,17,0.07,5,51,0.05,11,12,0.11,4,11,0.04,4,13,0.04,2,5,0.02,1,2,0.01,0,1,0.0,1,4,0.01,2,2,0.02,11,12,0.11,10,12,0.1,16,19,0.16,6,7,0.06
Assassin's Creed® Syndicate,100,19,26,0.19,7,21,0.07,25,27,0.25,7,30,0.07,5,71,0.05,15,18,0.15,10,38,0.1,6,37,0.06,6,38,0.06,5,23,0.05,8,24,0.08,6,30,0.06,6,9,0.06,11,15,0.11,10,20,0.1,16,21,0.16,18,21,0.18
Astral Party,100,2,2,0.02,2,2,0.02,6,6,0.06,6,17,0.06,4,63,0.04,28,30,0.28,2,12,0.02,2,20,0.02,2,14,0.02,4,18,0.04,2,4,0.02,1,4,0.01,4,4,0.04,14,22,0.14,17,24,0.17,17,19,0.17,19,21,0.19
BATTLETECH,100,24,27,0.24,8,11,0.08,27,28,0.27,15,31,0.15,7,74,0.07,33,35,0.33,8,35,0.08,12,34,0.12,2,15,0.02,4,5,0.04,4,6,0.04,7,15,0.07,5,5,0.05,30,39,0.3,25,31,0.25,28,30,0.28,28,28,0.28
Baba Is You,100,3,3,0.03,1,3,0.01,4,4,0.04,2,13,0.02,2,59,0.02,7,7,0.07,1,13,0.01,2,14,0.02,0,5,0.0,0,5,0.0,1,2,0.01,2,6,0.02,0,0,0.0,4,6,0.04,14,24,0.14,17,19,0.17,18,18,0.18
Balatro,100,1,3,0.01,2,5,0.02,1,1,0.01,1,11,0.01,1,83,0.01,12,16,0.12,4,20,0.04,3,15,0.03,1,14,0.01,1,7,0.01,2,4,0.02,1,3,0.01,5,5,0.05,7,15,0.07,7,12,0.07,14,19,0.14,6,7,0.06
Baldur's Gate 3,100,1,2,0.01,1,2,0.01,3,3,0.03,6,22,0.06,4,66,0.04,5,5,0.05,1,13,0.01,2,14,0.02,0,10,0.0,0,6,0.0,1,4,0.01,4,12,0.04,0,0,0.0,2,4,0.02,7,10,0.07,6,8,0.06,6,6,0.06
Barotrauma,100,5,7,0.05,5,7,0.05,10,10,0.1,2,21,0.02,0,70,0.0,26,26,0.26,4,22,0.04,4,26,0.04,2,15,0.02,2,9,0.02,1,5,0.01,3,17,0.03,3,4,0.03,4,13,0.04,24,28,0.24,22,25,0.22,22,22,0.22
Batman™: Arkham Knight,100,8,11,0.08,4,10,0.04,11,13,0.11,5,17,0.05,2,66,0.02,15,15,0.15,5,23,0.05,6,22,0.06,3,23,0.03,7,18,0.07,4,16,0.04,5,20,0.05,3,3,0.03,9,11,0.09,16,18,0.16,11,13,0.11,16,16,0.16
Battle Brothers,100,11,14,0.11,3,17,0.03,12,12,0.12,9,36,0.09,3,71,0.03,25,25,0.25,8,30,0.08,5,25,0.05,2,20,0.02,6,12,0.06,3,15,0.03,6,15,0.06,3,4,0.03,17,27,0.17,21,28,0.21,25,29,0.25,18,19,0.18
Battlefield 4™,100,16,21,0.16,1,9,0.01,20,22,0.2,4,19,0.04,6,67,0.06,21,23,0.21,2,19,0.02,1,17,0.01,1,11,0.01,0,3,0.0,0,6,0.0,3,12,0.03,5,5,0.05,10,25,0.1,14,15,0.14,19,20,0.19,10,11,0.1
Bellwright,100,14,17,0.14,8,15,0.08,18,19,0.18,11,35,0.11,10,79,0.1,28,29,0.28,5,25,0.05,13,42,0.13,10,25,0.1,13,19,0.13,7,12,0.07,10,22,0.1,7,7,0.07,16,23,0.16,16,20,0.16,22,24,0.22,34,34,0.34
Besiege,100,5,6,0.05,4,6,0.04,11,11,0.11,1,6,0.01,4,54,0.04,14,17,0.14,3,15,0.03,2,19,0.02,3,10,0.03,2,8,0.02,3,5,0.03,3,7,0.03,0,0,0.0,3,3,0.03,14,18,0.14,11,13,0.11,12,12,0.12
Black Squad,100,8,8,0.08,3,8,0.03,10,10,0.1,4,12,0.04,5,43,0.05,15,16,0.15,2,12,0.02,1,10,0.01,1,11,0.01,1,4,0.01,2,7,0.02,1,5,0.01,9,9,0.09,14,17,0.14,12,15,0.12,9,11,0.09,7,7,0.07
Bloons TD 6,100,0,1,0.0,0,1,0.0,5,5,0.05,4,13,0.04,1,61,0.01,12,12,0.12,2,8,0.02,3,13,0.03,2,4,0.02,2,5,0.02,0,0,0.0,0,3,0.0,4,4,0.04,7,10,0.07,9,12,0.09,7,9,0.07,13,13,0.13
Broken Arrow,100,20,22,0.2,4,8,0.04,24,25,0.24,6,19,0.06,5,62,0.05,50,50,0.5,9,30,0.09,7,23,0.07,2,13,0.02,5,9,0.05,3,8,0.03,2,13,0.02,16,17,0.16,42,50,0.42,26,27,0.26,33,33,0.33,18,18,0.18
Buckshot Roulette,100,0,1,0.0,1,1,0.01,5,5,0.05,3,10,0.03,2,48,0.02,26,28,0.26,3,6,0.03,3,8,0.03,2,3,0.02,4,4,0.04,0,1,0.0,2,3,0.02,1,1,0.01,13,15,0.13,16,19,0.16,12,12,0.12,6,7,0.06
Call of Duty®: Modern Warfare® 2 (2009),100,3,4,0.03,2,5,0.02,5,5,0.05,1,9,0.01,1,62,0.01,6,6,0.06,2,29,0.02,0,13,0.0,2,21,0.02,3,13,0.03,2,9,0.02,2,21,0.02,0,0,0.0,5,7,0.05,6,7,0.06,7,9,0.07,3,3,0.03
Car Mechanic Simulator 2018,100,5,9,0.05,2,5,0.02,4,4,0.04,0,9,0.0,4,58,0.04,6,6,0.06,4,16,0.04,1,13,0.01,1,9,0.01,0,3,0.0,1,2,0.01,0,4,0.0,1,1,0.01,3,8,0.03,15,18,0.15,12,15,0.12,13,14,0.13
Cities: Skylines,100,11,12,0.11,2,3,0.02,13,14,0.13,5,17,0.05,4,63,0.04,9,9,0.09,2,15,0.02,3,14,0.03,1,6,0.01,3,7,0.03,0,2,0.0,2,4,0.02,4,4,0.04,16,18,0.16,8,8,0.08,11,12,0.11,12,12,0.12
Cities: Skylines II,100,30,32,0.3,12,15,0.12,18,18,0.18,5,17,0.05,4,58,0.04,8,9,0.08,1,11,0.01,4,17,0.04,4,10,0.04,2,2,0.02,3,5,0.03,1,4,0.01,0,0,0.0,8,19,0.08,8,9,0.08,10,11,0.1,5,5,0.05
CloverPit,100,12,12,0.12,4,6,0.04,20,20,0.2,7,20,0.07,7,59,0.07,22,22,0.22,14,24,0.14,9,22,0.09,3,8,0.03,3,7,0.03,5,7,0.05,5,14,0.05,1,1,0.01,22,25,0.22,10,11,0.1,12,12,0.12,17,17,0.17
Command & Conquer™ Remastered Collection,100,9,12,0.09,4,15,0.04,14,14,0.14,7,23,0.07,0,67,0.0,21,21,0.21,6,32,0.06,11,22,0.11,3,25,0.03,4,12,0.04,2,13,0.02,5,14,0.05,5,5,0.05,20,27,0.2,19,19,0.19,14,15,0.14,10,10,0.1
Company of Heroes 2,100,5,8,0.05,1,3,0.01,8,8,0.08,2,12,0.02,6,53,0.06,22,23,0.22,6,25,0.06,1,12,0.01,1,8,0.01,2,5,0.02,0,3,0.0,0,2,0.0,4,4,0.04,12,17,0.12,16,17,0.16,15,16,0.15,7,7,0.07
Company of Heroes 3,100,10,11,0.1,5,9,0.05,13,13,0.13,8,17,0.08,9,62,0.09,33,33,0.33,8,29,0.08,4,15,0.04,3,16,0.03,5,15,0.05,3,7,0.03,3,11,0.03,11,11,0.11,32,42,0.32,12,13,0.12,18,18,0.18,7,7,0.07
Conqueror's Blade,100,5,5,0.05,2,2,0.02,6,6,0.06,2,4,0.02,7,58,0.07,27,28,0.27,7,15,0.07,5,9,0.05,2,3,0.02,1,2,0.01,1,1,0.01,0,0,0.0,8,8,0.08,19,19,0.19,19,19,0.19,16,17,0.16,9,9,0.09
Cookie Clicker,100,2,2,0.02,2,4,0.02,6,6,0.06,2,22,0.02,1,62,0.01,13,13,0.13,1,13,0.01,2,19,0.02,1,11,0.01,2,9,0.02,1,4,0.01,0,8,0.0,1,1,0.01,5,7,0.05,16,18,0.16,14,15,0.14,21,22,0.21
Counter-Strike,100,4,5,0.04,2,3,0.02,3,3,0.03,0,4,0.0,0,43,0.0,3,3,0.03,2,13,0.02,0,6,0.0,2,6,0.02,1,2,0.01,0,0,0.0,0,1,0.0,0,0,0.0,5,7,0.05,2,2,0.02,4,5,0.04,1,1,0.01
Counter-Strike 2,100,1,1,0.01,0,1,0.0,2,2,0.02,0,1,0.0,2,31,0.02,7,7,0.07,1,6,0.01,1,5,0.01,1,2,0.01,1,1,0.01,0,1,0.0,0,3,0.0,17,18,0.17,2,5,0.02,2,2,0.02,3,4,0.03,4,4,0.04
Counter-Strike: Source,100,1,4,0.01,1,3,0.01,3,3,0.03,0,10,0.0,2,51,0.02,6,9,0.06,0,9,0.0,0,9,0.0,2,5,0.02,2,5,0.02,0,2,0.0,0,1,0.0,4,4,0.04,4,13,0.04,1,2,0.01,7,8,0.07,3,3,0.03
Crusader Kings II,100,1,1,0.01,2,2,0.02,0,0,0.0,2,18,0.02,0,58,0.0,10,11,0.1,2,16,0.02,3,11,0.03,2,8,0.02,2,7,0.02,1,1,0.01,0,8,0.0,1,1,0.01,4,8,0.04,11,13,0.11,11,12,0.11,7,7,0.07
Crusader Kings III,100,8,10,0.08,4,7,0.04,8,8,0.08,7,28,0.07,0,60,0.0,18,18,0.18,6,29,0.06,6,22,0.06,7,13,0.07,4,8,0.04,4,6,0.04,5,14,0.05,4,4,0.04,12,21,0.12,24,25,0.24,27,28,0.27,16,16,0.16
Cult of the Lamb,100,4,5,0.04,3,5,0.03,7,7,0.07,7,26,0.07,3,63,0.03,14,16,0.14,4,17,0.04,6,33,0.06,5,18,0.05,4,18,0.04,2,2,0.02,2,9,0.02,1,1,0.01,7,14,0.07,12,22,0.12,15,19,0.15,21,23,0.21
Cultist Simulator,100,2,3,0.02,2,4,0.02,8,8,0.08,7,30,0.07,0,64,0.0,18,19,0.18,5,18,0.05,4,25,0.04,1,10,0.01,4,5,0.04,2,6,0.02,7,20,0.07,7,7,0.07,10,13,0.1,23,30,0.23,32,32,0.32,29,29,0.29
DCS World Steam Edition,100,7,8,0.07,1,3,0.01,12,12,0.12,5,15,0.05,2,56,0.02,9,9,0.09,2,10,0.02,2,12,0.02,0,9,0.0,1,2,0.01,1,3,0.01,1,1,0.01,4,4,0.04,12,16,0.12,19,22,0.19,25,29,0.25,10,11,0.1
DYNASTY WARRIORS 9 Empires,100,10,11,0.1,6,11,0.06,10,10,0.1,9,19,0.09,11,68,0.11,30,31,0.3,10,29,0.1,9,23,0.09,9,17,0.09,10,11,0.1,7,9,0.07,5,8,0.05,7,7,0.07,19,24,0.19,14,17,0.14,20,22,0.2,15,15,0.15
Darkest Dungeon®,100,2,3,0.02,2,4,0.02,2,2,0.02,2,9,0.02,3,63,0.03,12,12,0.12,2,9,0.02,2,13,0.02,2,7,0.02,1,4,0.01,0,1,0.0,2,8,0.02,1,1,0.01,1,5,0.01,19,24,0.19,13,13,0.13,22,23,0.22
Dead by Daylight,100,12,12,0.12,3,4,0.03,13,13,0.13,5,13,0.05,7,50,0.07,29,29,0.29,4,11,0.04,5,14,0.05,0,0,0.0,0,1,0.0,1,1,0.01,2,6,0.02,10,10,0.1,15,18,0.15,19,20,0.19,25,25,0.25,17,18,0.17
Desperados III,100,3,3,0.03,1,5,0.01,5,5,0.05,6,27,0.06,2,82,0.02,21,22,0.21,5,26,0.05,4,30,0.04,1,18,0.01,2,12,0.02,2,5,0.02,3,16,0.03,1,1,0.01,13,21,0.13,24,30,0.24,22,24,0.22,18,19,0.18
Dispatch,100,3,6,0.03,0,5,0.0,4,5,0.04,8,23,0.08,0,76,0.0,18,19,0.18,4,23,0.04,6,23,0.06,2,24,0.02,7,19,0.07,1,8,0.01,4,24,0.04,3,4,0.03,5,14,0.05,11,16,0.11,11,15,0.11,15,15,0.15
Divinity: Original Sin - Enhanced Edition,100,19,20,0.19,6,11,0.06,20,20,0.2,6,28,0.06,6,72,0.06,23,23,0.23,4,26,0.04,9,32,0.09,2,13,0.02,3,3,0.03,4,6,0.04,8,25,0.08,6,6,0.06,14,19,0.14,24,28,0.24,36,36,0.36,27,27,0.27
Divinity: Original Sin 2 - Definitive Edition,100,3,4,0.03,1,7,0.01,3,3,0.03,4,26,0.04,2,76,0.02,8,9,0.08,6,18,0.06,3,20,0.03,1,10,0.01,1,5,0.01,1,7,0.01,4,16,0.04,3,3,0.03,3,7,0.03,9,19,0.09,15,18,0.15,12,13,0.12
Don't Starve Together,100,3,4,0.03,0,2,0.0,4,4,0.04,3,14,0.03,1,63,0.01,9,10,0.09,1,9,0.01,0,10,0.0,0,8,0.0,0,5,0.0,0,3,0.0,1,8,0.01,1,1,0.01,3,9,0.03,19,23,0.19,17,19,0.17,18,19,0.18
Door Kickers 2: Task Force North,100,4,5,0.04,7,9,0.07,7,7,0.07,2,15,0.02,1,66,0.01,13,15,0.13,0,17,0.0,4,21,0.04,3,8,0.03,1,4,0.01,5,6,0.05,0,6,0.0,2,2,0.02,5,10,0.05,15,18,0.15,17,20,0.17,8,8,0.08
Dorfromantik,100,5,6,0.05,3,9,0.03,4,4,0.04,6,23,0.06,4,82,0.04,15,15,0.15,5,30,0.05,3,26,0.03,8,25,0.08,7,15,0.07,2,7,0.02,3,13,0.03,2,2,0.02,10,15,0.1,18,26,0.18,21,26,0.21,20,21,0.2
Dota 2,100,0,0,0.0,1,2,0.01,2,2,0.02,1,3,0.01,6,36,0.06,11,12,0.11,2,4,0.02,2,4,0.02,1,3,0.01,1,2,0.01,1,2,0.01,0,0,0.0,5,5,0.05,5,8,0.05,3,3,0.03,8,9,0.08,3,3,0.03
Dragon Age™ Inquisition,100,20,21,0.2,6,8,0.06,24,24,0.24,4,23,0.04,6,63,0.06,20,21,0.2,5,20,0.05,5,20,0.05,6,19,0.06,9,17,0.09,4,12,0.04,6,21,0.06,8,8,0.08,19,27,0.19,20,23,0.2,21,21,0.21,22,22,0.22
Dragon Age™: The Veilguard,100,10,16,0.1,4,15,0.04,17,17,0.17,20,51,0.2,16,90,0.16,31,33,0.31,22,47,0.22,17,49,0.17,7,38,0.07,19,35,0.19,12,25,0.12,18,47,0.18,12,12,0.12,15,27,0.15,25,30,0.25,30,34,0.3,36,37,0.36
Dyson Sphere Program,100,7,12,0.07,1,8,0.01,10,11,0.1,3,17,0.03,1,71,0.01,22,25,0.22,3,20,0.03,0,16,0.0,5,20,0.05,4,11,0.04,2,9,0.02,3,11,0.03,7,8,0.07,13,21,0.13,16,19,0.16,22,23,0.22,15,15,0.15
EVE Online,100,2,3,0.02,1,5,0.01,4,4,0.04,5,17,0.05,3,68,0.03,12,12,0.12,4,11,0.04,4,10,0.04,1,11,0.01,1,6,0.01,1,5,0.01,3,7,0.03,1,1,0.01,6,8,0.06,16,18,0.16,35,36,0.35,10,11,0.1
Elite Dangerous,100,11,13,0.11,2,7,0.02,13,13,0.13,9,31,0.09,4,58,0.04,18,19,0.18,11,24,0.11,5,22,0.05,2,15,0.02,5,7,0.05,5,8,0.05,5,9,0.05,7,7,0.07,25,31,0.25,20,22,0.2,30,32,0.3,20,20,0.2
Eternal Return,100,4,4,0.04,3,3,0.03,4,4,0.04,2,9,0.02,3,56,0.03,15,16,0.15,2,14,0.02,1,12,0.01,2,4,0.02,4,11,0.04,1,1,0.01,1,6,0.01,0,0,0.0,4,9,0.04,12,13,0.12,16,16,0.16,9,9,0.09
Europa Universalis IV,100,6,8,0.06,2,5,0.02,7,7,0.07,6,28,0.06,2,63,0.02,12,12,0.12,2,18,0.02,1,9,0.01,0,6,0.0,0,2,0.0,0,4,0.0,0,7,0.0,4,4,0.04,10,22,0.1,9,11,0.09,18,21,0.18,9,10,0.09
Europa Universalis V,100,30,31,0.3,12,13,0.12,30,30,0.3,9,20,0.09,14,49,0.14,24,25,0.24,14,19,0.14,9,14,0.09,8,13,0.08,10,12,0.1,8,9,0.08,10,10,0.1,9,9,0.09,35,44,0.35,8,8,0.08,19,19,0.19,13,13,0.13
FOR HONOR™,100,5,10,0.05,1,4,0.01,11,12,0.11,4,15,0.04,5,46,0.05,30,30,0.3,2,13,0.02,3,13,0.03,2,8,0.02,2,4,0.02,0,4,0.0,5,11,0.05,4,5,0.04,12,17,0.12,14,17,0.14,20,22,0.2,11,11,0.11
FTL: Faster Than Light,100,3,4,0.03,0,2,0.0,8,8,0.08,1,19,0.01,1,64,0.01,20,21,0.2,1,27,0.01,2,19,0.02,0,6,0.0,1,5,0.01,0,4,0.0,0,8,0.0,3,3,0.03,5,11,0.05,20,23,0.2,13,15,0.13,12,12,0.12
Factorio,100,3,4,0.03,2,3,0.02,4,4,0.04,8,24,0.08,7,66,0.07,10,10,0.1,1,10,0.01,0,11,0.0,1,3,0.01,0,1,0.0,0,0,0.0,1,4,0.01,0,0,0.0,4,10,0.04,11,14,0.11,10,11,0.1,12,14,0.12
Fallout Shelter,100,4,7,0.04,1,7,0.01,6,7,0.06,5,19,0.05,1,54,0.01,14,15,0.14,2,10,0.02,1,11,0.01,1,11,0.01,1,6,0.01,1,6,0.01,0,6,0.0,4,4,0.04,8,13,0.08,12,16,0.12,19,22,0.19,15,16,0.15
Far Cry® Primal,100,7,9,0.07,4,9,0.04,12,14,0.12,6,16,0.06,4,67,0.04,18,19,0.18,3,23,0.03,4,23,0.04,5,19,0.05,5,14,0.05,3,9,0.03,5,19,0.05,4,4,0.04,7,10,0.07,17,20,0.17,15,18,0.15,19,20,0.19
Farming Simulator 19,100,7,8,0.07,0,4,0.0,17,17,0.17,5,15,0.05,3,51,0.03,3,4,0.03,0,7,0.0,3,12,0.03,2,5,0.02,1,2,0.01,1,2,0.01,2,4,0.02,0,0,0.0,6,11,0.06,6,7,0.06,10,11,0.1,19,19,0.19
Feed and Grow: Fish,100,8,8,0.08,1,1,0.01,22,22,0.22,2,9,0.02,1,44,0.01,7,8,0.07,1,7,0.01,2,9,0.02,1,4,0.01,1,1,0.01,0,1,0.0,1,5,0.01,0,0,0.0,9,12,0.09,6,7,0.06,5,6,0.05,11,11,0.11
Five Nights at Freddy's 2,100,5,5,0.05,2,3,0.02,5,5,0.05,0,1,0.0,0,43,0.0,15,17,0.15,2,9,0.02,2,6,0.02,0,5,0.0,1,5,0.01,0,0,0.0,0,1,0.0,1,1,0.01,4,4,0.04,16,19,0.16,7,7,0.07,4,4,0.04
Football Manager 26,100,20,22,0.2,14,17,0.14,27,28,0.27,9,18,0.09,11,43,0.11,26,27,0.26,12,20,0.12,13,19,0.13,12,19,0.12,8,13,0.08,8,12,0.08,5,9,0.05,11,11,0.11,26,34,0.26,17,18,0.17,22,23,0.22,11,11,0.11
For The King,100,8,8,0.08,3,3,0.03,12,12,0.12,3,13,0.03,4,59,0.04,24,25,0.24,3,13,0.03,3,10,0.03,0,1,0.0,0,1,0.0,0,0,0.0,0,1,0.0,3,3,0.03,15,16,0.15,17,21,0.17,14,16,0.14,11,11,0.11
For The King II,100,11,13,0.11,5,6,0.05,18,19,0.18,9,19,0.09,9,56,0.09,27,28,0.27,12,27,0.12,4,15,0.04,3,10,0.03,4,6,0.04,4,5,0.04,3,5,0.03,6,6,0.06,18,32,0.18,12,14,0.12,18,18,0.18,11,11,0.11
Foxhole,100,6,6,0.06,3,4,0.03,8,8,0.08,6,19,0.06,4,65,0.04,20,23,0.2,2,21,0.02,2,20,0.02,2,6,0.02,1,2,0.01,2,2,0.02,2,11,0.02,6,6,0.06,13,16,0.13,15,17,0.15,27,28,0.27,20,21,0.2
Frostpunk,100,5,5,0.05,1,4,0.01,5,6,0.05,1,9,0.01,1,73,0.01,11,11,0.11,2,13,0.02,2,15,0.02,1,6,0.01,0,1,0.0,0,1,0.0,1,12,0.01,0,0,0.0,3,5,0.03,11,16,0.11,12,13,0.12,11,12,0.11
Frostpunk 2,100,16,17,0.16,3,4,0.03,22,22,0.22,8,17,0.08,9,60,0.09,18,19,0.18,9,22,0.09,10,22,0.1,1,6,0.01,0,2,0.0,2,5,0.02,4,13,0.04,10,10,0.1,26,32,0.26,11,12,0.11,20,20,0.2,12,13,0.12
GIRLS' FRONTLINE 2: EXILIUM,100,5,5,0.05,1,2,0.01,6,6,0.06,5,19,0.05,5,48,0.05,25,25,0.25,12,21,0.12,7,25,0.07,2,12,0.02,9,18,0.09,0,1,0.0,2,7,0.02,9,9,0.09,23,28,0.23,10,15,0.1,14,15,0.14,17,19,0.17
GROUND BRANCH,100,13,14,0.13,8,15,0.08,10,10,0.1,10,23,0.1,4,56,0.04,20,22,0.2,6,21,0.06,7,22,0.07,5,17,0.05,4,12,0.04,5,13,0.05,3,7,0.03,3,3,0.03,14,28,0.14,18,21,0.18,17,19,0.17,15,15,0.15
Geometry Dash,100,3,3,0.03,1,3,0.01,3,3,0.03,1,9,0.01,1,51,0.01,6,6,0.06,0,2,0.0,1,6,0.01,1,3,0.01,1,1,0.01,1,1,0.01,0,1,0.0,1,1,0.01,3,7,0.03,12,15,0.12,4,4,0.04,7,7,0.07
Getting Over It with Bennett Foddy,100,1,3,0.01,0,4,0.0,3,4,0.03,1,11,0.01,1,59,0.01,4,4,0.04,1,12,0.01,1,9,0.01,0,7,0.0,1,2,0.01,0,2,0.0,0,6,0.0,0,0,0.0,2,4,0.02,10,20,0.1,10,13,0.1,11,12,0.11
Ghostrunner,100,11,12,0.11,3,9,0.03,7,7,0.07,9,26,0.09,5,62,0.05,22,22,0.22,6,23,0.06,7,29,0.07,4,21,0.04,2,13,0.02,4,13,0.04,6,16,0.06,2,2,0.02,11,18,0.11,30,35,0.3,19,20,0.19,15,16,0.15
Goose Goose Duck,100,2,3,0.02,2,5,0.02,4,4,0.04,2,11,0.02,0,52,0.0,14,14,0.14,1,7,0.01,2,9,0.02,0,2,0.0,0,0,0.0,0,2,0.0,1,3,0.01,2,2,0.02,2,3,0.02,8,10,0.08,12,13,0.12,12,12,0.12
HUMANKIND™,100,7,7,0.07,4,7,0.04,10,10,0.1,13,28,0.13,7,63,0.07,20,20,0.2,14,33,0.14,11,30,0.11,7,13,0.07,7,9,0.07,4,6,0.04,10,18,0.1,6,6,0.06,11,18,0.11,11,12,0.11,13,13,0.13,15,15,0.15
Hearts of Iron IV,100,7,9,0.07,2,3,0.02,6,6,0.06,2,10,0.02,5,60,0.05,8,8,0.08,0,5,0.0,1,6,0.01,2,3,0.02,0,0,0.0,0,1,0.0,2,5,0.02,0,0,0.0,9,11,0.09,11,11,0.11,8,9,0.08,3,3,0.03
Hell Let Loose,100,9,14,0.09,3,10,0.03,12,13,0.12,4,16,0.04,5,65,0.05,16,19,0.16,3,14,0.03,4,14,0.04,3,14,0.03,3,7,0.03,2,6,0.02,1,8,0.01,3,3,0.03,7,11,0.07,23,29,0.23,25,30,0.25,14,15,0.14
Hitman: Absolution™,100,4,8,0.04,4,9,0.04,6,7,0.06,1,14,0.01,0,62,0.0,16,18,0.16,1,18,0.01,1,14,0.01,4,12,0.04,2,10,0.02,2,6,0.02,1,13,0.01,4,5,0.04,8,13,0.08,8,12,0.08,11,14,0.11,8,10,0.08
Holdfast: Nations At War,100,15,16,0.15,4,9,0.04,12,13,0.12,2,7,0.02,2,53,0.02,14,18,0.14,1,12,0.01,1,12,0.01,0,6,0.0,0,3,0.0,0,2,0.0,0,6,0.0,1,2,0.01,3,11,0.03,14,16,0.14,18,19,0.18,11,11,0.11
ISLANDERS,100,4,5,0.04,1,4,0.01,7,7,0.07,4,24,0.04,2,73,0.02,18,18,0.18,3,21,0.03,1,28,0.01,2,13,0.02,4,10,0.04,0,2,0.0,2,11,0.02,3,3,0.03,8,10,0.08,18,28,0.18,28,33,0.28,19,21,0.19
In Silence,100,20,22,0.2,6,8,0.06,22,25,0.22,8,16,0.08,9,58,0.09,18,18,0.18,8,14,0.08,5,10,0.05,5,10,0.05,5,7,0.05,4,5,0.04,3,5,0.03,6,6,0.06,31,35,0.31,7,8,0.07,20,20,0.2,9,9,0.09
Insaniquarium Deluxe,100,17,21,0.17,3,4,0.03,27,29,0.27,4,14,0.04,1,68,0.01,2,3,0.02,2,12,0.02,2,9,0.02,1,8,0.01,0,4,0.0,1,2,0.01,1,6,0.01,3,3,0.03,6,12,0.06,8,10,0.08,14,15,0.14,13,13,0.13
Inscryption,100,1,2,0.01,1,4,0.01,5,5,0.05,4,21,0.04,0,77,0.0,17,18,0.17,5,26,0.05,3,25,0.03,0,7,0.0,1,3,0.01,0,4,0.0,4,12,0.04,1,1,0.01,5,16,0.05,13,19,0.13,13,15,0.13,10,11,0.1
Into the Breach,100,6,6,0.06,1,3,0.01,7,7,0.07,5,13,0.05,1,57,0.01,13,16,0.13,1,20,0.01,1,23,0.01,0,5,0.0,0,3,0.0,0,1,0.0,1,9,0.01,2,2,0.02,8,13,0.08,19,28,0.19,12,15,0.12,13,14,0.13
Iron Harvest,100,23,25,0.23,20,28,0.2,16,16,0.16,5,21,0.05,7,72,0.07,32,33,0.32,9,30,0.09,6,26,0.06,13,32,0.13,5,14,0.05,14,24,0.14,7,17,0.07,9,9,0.09,15,21,0.15,21,25,0.21,26,29,0.26,23,24,0.23
Jurassic World Evolution,100,8,9,0.08,3,5,0.03,10,11,0.1,5,17,0.05,1,60,0.01,14,14,0.14,4,8,0.04,4,13,0.04,0,7,0.0,2,4,0.02,1,3,0.01,4,9,0.04,2,2,0.02,10,14,0.1,12,14,0.12,12,12,0.12,14,16,0.14
Jurassic World Evolution 2,100,2,3,0.02,0,1,0.0,6,7,0.06,2,13,0.02,1,52,0.01,9,9,0.09,2,14,0.02,1,15,0.01,0,11,0.0,0,12,0.0,0,5,0.0,1,15,0.01,3,4,0.03,3,9,0.03,11,14,0.11,9,11,0.09,14,15,0.14
Just Shapes & Beats,100,4,6,0.04,1,13,0.01,4,5,0.04,18,34,0.18,0,70,0.0,14,19,0.14,7,28,0.07,6,29,0.06,3,29,0.03,4,18,0.04,2,18,0.02,6,30,0.06,5,5,0.05,10,17,0.1,23,30,0.23,19,23,0.19,21,25,0.21
Keep Talking and Nobody Explodes,100,6,7,0.06,7,11,0.07,13,13,0.13,6,13,0.06,1,47,0.01,13,14,0.13,1,12,0.01,4,15,0.04,4,13,0.04,4,6,0.04,2,6,0.02,0,4,0.0,1,2,0.01,2,4,0.02,20,25,0.2,26,28,0.26,14,14,0.14
Kerbal Space Program,100,6,7,0.06,3,5,0.03,3,4,0.03,2,7,0.02,0,50,0.0,6,6,0.06,0,13,0.0,0,11,0.0,2,6,0.02,0,2,0.0,3,4,0.03,2,4,0.02,0,0,0.0,3,7,0.03,10,12,0.1,7,8,0.07,6,7,0.06
Kingdom Rush  - Tower Defense,100,1,3,0.01,1,5,0.01,2,2,0.02,4,20,0.04,0,68,0.0,11,15,0.11,2,21,0.02,2,17,0.02,0,9,0.0,0,6,0.0,0,3,0.0,1,8,0.01,0,0,0.0,2,9,0.02,12,23,0.12,14,20,0.14,10,10,0.1
Liar's Bar,100,5,6,0.05,1,2,0.01,10,10,0.1,5,9,0.05,1,47,0.01,19,20,0.19,3,10,0.03,1,9,0.01,1,5,0.01,4,6,0.04,1,2,0.01,1,5,0.01,3,3,0.03,9,14,0.09,14,15,0.14,11,12,0.11,9,9,0.09
Library Of Ruina,100,8,8,0.08,5,6,0.05,12,12,0.12,5,13,0.05,4,59,0.04,19,19,0.19,6,15,0.06,3,10,0.03,3,9,0.03,4,5,0.04,4,6,0.04,3,12,0.03,14,14,0.14,17,20,0.17,12,15,0.12,17,18,0.17,9,9,0.09
Limbus Company,100,8,8,0.08,1,1,0.01,13,13,0.13,6,20,0.06,3,56,0.03,26,27,0.26,5,13,0.05,4,16,0.04,0,9,0.0,1,11,0.01,0,2,0.0,0,15,0.0,7,8,0.07,18,27,0.18,13,17,0.13,17,19,0.17,9,9,0.09
Lobotomy Corporation | Monster Management Simulation,100,3,5,0.03,0,2,0.0,5,5,0.05,5,10,0.05,2,45,0.02,13,14,0.13,4,8,0.04,0,9,0.0,0,6,0.0,0,3,0.0,0,0,0.0,3,8,0.03,5,5,0.05,4,9,0.04,19,21,0.19,12,16,0.12,14,14,0.14
MARVEL SNAP,100,11,14,0.11,1,2,0.01,15,16,0.15,3,19,0.03,4,47,0.04,22,28,0.22,4,21,0.04,3,20,0.03,0,5,0.0,1,3,0.01,0,0,0.0,1,6,0.01,3,3,0.03,24,34,0.24,16,20,0.16,22,26,0.22,15,16,0.15
Manor Lords,100,18,23,0.18,4,16,0.04,22,22,0.22,8,28,0.08,2,60,0.02,23,24,0.23,10,26,0.1,5,25,0.05,1,13,0.01,1,12,0.01,1,8,0.01,1,8,0.01,6,7,0.06,34,49,0.34,15,17,0.15,25,26,0.25,16,17,0.16
Marvel Rivals,100,3,3,0.03,6,7,0.06,4,4,0.04,4,18,0.04,2,50,0.02,20,22,0.2,3,11,0.03,3,15,0.03,6,23,0.06,3,18,0.03,4,6,0.04,4,12,0.04,1,2,0.01,6,11,0.06,12,14,0.12,11,11,0.11,14,14,0.14
Metaphor: ReFantazio,100,16,22,0.16,8,16,0.08,17,20,0.17,11,37,0.11,3,63,0.03,20,20,0.2,9,33,0.09,6,30,0.06,4,25,0.04,11,20,0.11,6,18,0.06,4,24,0.04,5,5,0.05,18,25,0.18,18,25,0.18,24,26,0.24,23,24,0.23
Middle-earth™: Shadow of War™,100,7,10,0.07,5,12,0.05,13,13,0.13,12,33,0.12,3,70,0.03,24,26,0.24,7,22,0.07,7,22,0.07,9,26,0.09,14,27,0.14,7,15,0.07,14,30,0.14,8,8,0.08,12,20,0.12,23,28,0.23,22,24,0.22,31,31,0.31
Mini Metro,100,4,9,0.04,5,9,0.05,5,7,0.05,5,17,0.05,6,63,0.06,11,12,0.11,4,15,0.04,3,13,0.03,3,10,0.03,2,5,0.02,2,5,0.02,1,5,0.01,0,0,0.0,7,10,0.07,13,23,0.13,15,22,0.15,14,16,0.14
Mini Motorways,100,9,10,0.09,2,9,0.02,11,11,0.11,4,16,0.04,0,70,0.0,11,13,0.11,1,18,0.01,4,21,0.04,3,22,0.03,5,11,0.05,4,8,0.04,1,10,0.01,0,0,0.0,7,14,0.07,28,33,0.28,17,20,0.17,18,20,0.18
Monster Train,100,2,4,0.02,2,5,0.02,5,5,0.05,5,29,0.05,0,77,0.0,16,18,0.16,6,29,0.06,3,26,0.03,3,17,0.03,7,14,0.07,2,9,0.02,2,16,0.02,4,4,0.04,7,14,0.07,15,21,0.15,16,18,0.16,18,19,0.18
Mount & Blade II: Bannerlord,100,6,6,0.06,3,3,0.03,6,6,0.06,3,15,0.03,6,62,0.06,14,15,0.14,4,13,0.04,4,11,0.04,2,4,0.02,1,3,0.01,1,1,0.01,2,5,0.02,4,4,0.04,7,12,0.07,11,13,0.11,8,9,0.08,12,13,0.12
Mount & Blade: Warband,100,3,7,0.03,0,3,0.0,4,5,0.04,0,15,0.0,2,64,0.02,8,10,0.08,3,18,0.03,0,18,0.0,0,6,0.0,2,3,0.02,0,1,0.0,1,5,0.01,1,1,0.01,2,8,0.02,3,6,0.03,3,5,0.03,3,5,0.03
NARUTO TO BORUTO: SHINOBI STRIKER,100,12,15,0.12,6,12,0.06,14,15,0.14,2,19,0.02,4,64,0.04,21,24,0.21,6,20,0.06,2,18,0.02,3,15,0.03,4,12,0.04,4,8,0.04,1,4,0.01,10,10,0.1,10,21,0.1,8,12,0.08,16,19,0.16,10,10,0.1
Northgard: Definitive Edition,100,9,13,0.09,1,6,0.01,15,17,0.15,4,22,0.04,5,67,0.05,11,13,0.11,4,21,0.04,7,27,0.07,2,9,0.02,0,5,0.0,1,5,0.01,2,11,0.02,0,0,0.0,11,20,0.11,13,17,0.13,17,20,0.17,16,17,0.16
Overcooked! 2,100,2,2,0.02,1,3,0.01,1,1,0.01,4,11,0.04,3,55,0.03,8,9,0.08,0,4,0.0,3,14,0.03,0,4,0.0,0,2,0.0,0,1,0.0,0,3,0.0,0,0,0.0,2,2,0.02,13,18,0.13,11,13,0.11,15,15,0.15
Oxygen Not Included,100,5,6,0.05,3,4,0.03,11,11,0.11,4,15,0.04,2,59,0.02,12,12,0.12,2,12,0.02,3,15,0.03,1,7,0.01,1,6,0.01,1,4,0.01,0,8,0.0,2,2,0.02,6,10,0.06,16,17,0.16,13,16,0.13,15,15,0.15
PAYDAY 2,100,9,11,0.09,3,3,0.03,10,10,0.1,4,10,0.04,0,59,0.0,4,5,0.04,2,7,0.02,0,7,0.0,2,5,0.02,1,2,0.01,1,2,0.01,0,2,0.0,4,4,0.04,10,17,0.1,6,8,0.06,9,10,0.09,1,1,0.01
PUBG: BATTLEGROUNDS,100,6,6,0.06,2,2,0.02,7,7,0.07,6,8,0.06,5,40,0.05,9,9,0.09,2,9,0.02,1,5,0.01,0,2,0.0,1,4,0.01,1,1,0.01,1,1,0.01,6,6,0.06,13,14,0.13,3,3,0.03,6,6,0.06,7,7,0.07
"Papers, Please",100,3,5,0.03,1,2,0.01,4,4,0.04,1,14,0.01,1,51,0.01,14,14,0.14,2,13,0.02,0,11,0.0,1,3,0.01,1,2,0.01,0,1,0.0,0,11,0.0,2,2,0.02,6,9,0.06,7,9,0.07,10,11,0.1,9,13,0.09
Pathfinder: Wrath of the Righteous - Enhanced Edition,100,9,14,0.09,6,15,0.06,13,13,0.13,3,33,0.03,3,79,0.03,27,29,0.27,6,36,0.06,4,32,0.04,1,27,0.01,8,22,0.08,4,18,0.04,0,19,0.0,9,9,0.09,12,29,0.12,25,30,0.25,27,29,0.27,29,30,0.29
Persona 3 Portable,100,9,9,0.09,9,9,0.09,13,14,0.13,10,34,0.1,4,69,0.04,26,26,0.26,9,29,0.09,11,32,0.11,6,22,0.06,8,18,0.08,5,12,0.05,5,21,0.05,7,7,0.07,20,32,0.2,28,30,0.28,22,22,0.22,31,31,0.31
Persona 3 Reload,100,8,12,0.08,4,13,0.04,4,6,0.04,3,27,0.03,0,72,0.0,15,19,0.15,5,30,0.05,2,26,0.02,1,20,0.01,2,13,0.02,2,11,0.02,3,23,0.03,0,0,0.0,6,14,0.06,15,22,0.15,18,21,0.18,25,26,0.25
Persona 4 Golden,100,1,5,0.01,0,7,0.0,4,4,0.04,2,24,0.02,4,66,0.04,12,14,0.12,2,29,0.02,2,24,0.02,1,19,0.01,4,19,0.04,0,11,0.0,2,24,0.02,5,6,0.05,7,13,0.07,11,16,0.11,15,18,0.15,13,14,0.13
PixARK,100,10,11,0.1,2,3,0.02,17,19,0.17,6,9,0.06,4,58,0.04,10,11,0.1,3,9,0.03,3,6,0.03,2,6,0.02,1,5,0.01,1,3,0.01,0,1,0.0,1,1,0.01,7,9,0.07,11,11,0.11,13,16,0.13,8,8,0.08
Plague Inc: Evolved,100,2,2,0.02,2,3,0.02,3,3,0.03,2,11,0.02,1,53,0.01,13,14,0.13,5,15,0.05,2,13,0.02,1,8,0.01,0,1,0.0,1,2,0.01,0,4,0.0,3,3,0.03,9,11,0.09,15,19,0.15,12,13,0.12,13,13,0.13
Planet Coaster,100,6,6,0.06,2,2,0.02,5,5,0.05,3,18,0.03,4,67,0.04,16,16,0.16,3,17,0.03,5,23,0.05,3,7,0.03,2,5,0.02,2,2,0.02,0,4,0.0,4,4,0.04,5,12,0.05,22,24,0.22,21,22,0.21,18,18,0.18
Planet Coaster 2,100,21,27,0.21,7,16,0.07,18,19,0.18,6,15,0.06,8,55,0.08,21,24,0.21,8,23,0.08,4,18,0.04,7,21,0.07,3,11,0.03,7,13,0.07,2,7,0.02,7,7,0.07,15,20,0.15,11,15,0.11,13,13,0.13,11,11,0.11
Planet Zoo,100,7,10,0.07,5,10,0.05,6,8,0.06,5,22,0.05,1,79,0.01,13,14,0.13,4,17,0.04,7,23,0.07,4,20,0.04,3,15,0.03,2,5,0.02,3,9,0.03,2,3,0.02,7,15,0.07,21,25,0.21,22,26,0.22,17,19,0.17
PlanetSide 2,100,11,11,0.11,3,6,0.03,11,11,0.11,5,15,0.05,3,54,0.03,16,17,0.16,1,11,0.01,1,9,0.01,1,5,0.01,0,3,0.0,3,5,0.03,0,3,0.0,16,16,0.16,19,25,0.19,8,9,0.08,15,17,0.15,6,7,0.06
Plants vs. Zombies GOTY Edition,100,1,1,0.01,1,1,0.01,3,3,0.03,1,8,0.01,1,64,0.01,5,6,0.05,3,13,0.03,1,7,0.01,1,5,0.01,0,4,0.0,0,1,0.0,0,1,0.0,0,0,0.0,8,10,0.08,5,6,0.05,3,3,0.03,4,4,0.04
PlateUp!,100,8,8,0.08,4,6,0.04,10,10,0.1,10,27,0.1,6,64,0.06,23,24,0.23,11,24,0.11,9,24,0.09,6,17,0.06,3,8,0.03,4,9,0.04,4,14,0.04,3,3,0.03,16,19,0.16,21,22,0.21,22,22,0.22,23,23,0.23
Poly Bridge 2,100,2,3,0.02,2,4,0.02,1,1,0.01,1,9,0.01,3,37,0.03,7,8,0.07,4,17,0.04,2,19,0.02,2,6,0.02,0,4,0.0,2,6,0.02,2,11,0.02,2,2,0.02,2,3,0.02,13,15,0.13,11,12,0.11,11,11,0.11
Prison Architect,100,13,16,0.13,3,6,0.03,20,20,0.2,4,22,0.04,3,61,0.03,13,13,0.13,3,18,0.03,3,21,0.03,1,9,0.01,3,6,0.03,4,6,0.04,2,6,0.02,3,3,0.03,11,18,0.11,18,21,0.18,26,27,0.26,21,21,0.21
Raft,100,0,1,0.0,1,4,0.01,2,2,0.02,1,11,0.01,3,61,0.03,7,7,0.07,1,6,0.01,1,10,0.01,2,7,0.02,1,3,0.01,1,3,0.01,4,9,0.04,0,0,0.0,2,2,0.02,6,7,0.06,10,10,0.1,15,16,0.15
Ravenfield,100,9,17,0.09,4,11,0.04,13,15,0.13,5,25,0.05,3,60,0.03,7,14,0.07,1,13,0.01,3,28,0.03,1,11,0.01,0,6,0.0,0,5,0.0,0,4,0.0,2,3,0.02,9,21,0.09,5,10,0.05,11,15,0.11,12,12,0.12
Riichi City - Japanese Mahjong,100,4,5,0.04,2,5,0.02,7,9,0.07,3,9,0.03,4,38,0.04,22,22,0.22,8,16,0.08,4,16,0.04,4,17,0.04,5,14,0.05,0,2,0.0,4,18,0.04,7,7,0.07,20,23,0.2,9,11,0.09,13,14,0.13,7,8,0.07
RimWorld,100,2,2,0.02,0,0,0.0,4,4,0.04,5,18,0.05,10,62,0.1,5,6,0.05,3,8,0.03,1,11,0.01,0,2,0.0,1,1,0.01,0,0,0.0,1,5,0.01,2,2,0.02,3,4,0.03,7,12,0.07,12,15,0.12,9,10,0.09
Romance of the Three Kingdoms XIII,100,0,1,0.0,0,1,0.0,6,7,0.06,2,15,0.02,5,65,0.05,13,13,0.13,2,15,0.02,2,13,0.02,1,3,0.01,1,2,0.01,0,1,0.0,0,6,0.0,0,1,0.0,10,15,0.1,9,9,0.09,10,10,0.1,7,8,0.07
Rusty's Retirement,100,8,10,0.08,1,13,0.01,7,7,0.07,10,44,0.1,4,82,0.04,20,20,0.2,8,30,0.08,5,35,0.05,3,27,0.03,8,25,0.08,3,18,0.03,8,25,0.08,4,4,0.04,8,13,0.08,24,31,0.24,26,32,0.26,36,36,0.36
SMASH LEGENDS,100,6,8,0.06,3,7,0.03,6,6,0.06,7,11,0.07,7,55,0.07,31,31,0.31,1,5,0.01,4,8,0.04,2,7,0.02,1,4,0.01,0,3,0.0,1,1,0.01,6,6,0.06,15,18,0.15,12,14,0.12,20,21,0.2,15,17,0.15
Satisfactory,100,5,8,0.05,2,3,0.02,7,8,0.07,6,25,0.06,3,68,0.03,17,19,0.17,1,9,0.01,3,19,0.03,3,5,0.03,1,2,0.01,1,2,0.01,1,4,0.01,1,1,0.01,9,17,0.09,15,21,0.15,21,24,0.21,20,22,0.2
Schedule I,100,7,7,0.07,1,2,0.01,8,9,0.08,4,25,0.04,4,68,0.04,20,20,0.2,3,18,0.03,7,20,0.07,2,9,0.02,1,7,0.01,1,2,0.01,1,9,0.01,3,3,0.03,11,22,0.11,12,16,0.12,16,19,0.16,19,20,0.19
Shadowverse: Worlds Beyond,100,5,7,0.05,4,8,0.04,2,2,0.02,14,33,0.14,6,59,0.06,25,27,0.25,10,26,0.1,10,30,0.1,4,17,0.04,8,16,0.08,7,12,0.07,8,22,0.08,5,5,0.05,15,21,0.15,20,22,0.2,20,21,0.2,22,22,0.22
Shelldiver,65,1,1,0.015384615384615385,0,1,0.0,0,0,0.0,3,23,0.046153846153846156,0,57,0.0,4,5,0.06153846153846154,0,4,0.0,1,9,0.015384615384615385,0,3,0.0,0,1,0.0,0,1,0.0,1,2,0.015384615384615385,0,0,0.0,0,4,0.0,2,4,0.03076923076923077,6,6,0.09230769230769231,6,10,0.09230769230769231
Sid Meier's Civilization VII,100,16,17,0.16,6,9,0.06,15,15,0.15,7,23,0.07,14,61,0.14,27,29,0.27,14,29,0.14,4,19,0.04,6,16,0.06,7,11,0.07,6,7,0.06,5,12,0.05,7,7,0.07,17,26,0.17,13,17,0.13,18,20,0.18,19,20,0.19
Sid Meier's Civilization® V,100,1,2,0.01,0,2,0.0,4,4,0.04,3,12,0.03,1,62,0.01,2,3,0.02,1,9,0.01,0,4,0.0,0,4,0.0,0,2,0.0,0,2,0.0,0,6,0.0,0,0,0.0,3,5,0.03,5,9,0.05,8,9,0.08,9,9,0.09
Sid Meier’s Civilization® VI,100,1,2,0.01,0,0,0.0,2,2,0.02,4,12,0.04,2,61,0.02,4,6,0.04,0,2,0.0,0,2,0.0,0,0,0.0,1,3,0.01,0,0,0.0,0,2,0.0,1,2,0.01,3,6,0.03,4,7,0.04,8,12,0.08,4,5,0.04
Slay the Spire,100,1,2,0.01,0,1,0.0,2,2,0.02,2,12,0.02,1,73,0.01,12,12,0.12,0,14,0.0,0,11,0.0,0,7,0.0,1,4,0.01,0,2,0.0,0,5,0.0,0,0,0.0,2,6,0.02,14,19,0.14,11,13,0.11,10,11,0.1
Slay the Spire 2,100,5,6,0.05,0,0,0.0,8,8,0.08,2,8,0.02,3,51,0.03,22,22,0.22,5,9,0.05,3,8,0.03,0,1,0.0,0,2,0.0,0,0,0.0,0,2,0.0,3,3,0.03,18,21,0.18,11,13,0.11,8,8,0.08,7,7,0.07
Space Engineers,100,8,11,0.08,4,8,0.04,7,8,0.07,9,26,0.09,1,58,0.01,14,16,0.14,4,17,0.04,4,26,0.04,3,9,0.03,1,3,0.01,2,6,0.02,2,8,0.02,2,2,0.02,11,19,0.11,18,24,0.18,27,29,0.27,16,17,0.16
Spectral Scream,100,11,12,0.11,1,4,0.01,12,12,0.12,5,21,0.05,7,58,0.07,20,23,0.2,4,14,0.04,5,17,0.05,2,10,0.02,1,13,0.01,0,3,0.0,2,4,0.02,7,7,0.07,10,17,0.1,12,19,0.12,23,24,0.23,18,19,0.18
Squad,100,16,17,0.16,6,8,0.06,13,13,0.13,2,8,0.02,6,58,0.06,15,16,0.15,2,11,0.02,1,7,0.01,5,11,0.05,1,2,0.01,0,1,0.0,3,5,0.03,5,5,0.05,7,12,0.07,17,18,0.17,23,24,0.23,12,12,0.12
Stacklands,100,8,9,0.08,3,5,0.03,13,13,0.13,5,18,0.05,2,59,0.02,15,15,0.15,3,11,0.03,7,21,0.07,1,8,0.01,5,10,0.05,0,1,0.0,2,7,0.02,3,3,0.03,19,21,0.19,12,18,0.12,14,17,0.14,15,18,0.15
StarSavior,100,8,12,0.08,2,8,0.02,11,12,0.11,7,30,0.07,10,64,0.1,18,19,0.18,7,23,0.07,5,17,0.05,8,19,0.08,8,18,0.08,6,11,0.06,5,15,0.05,5,5,0.05,16,29,0.16,9,14,0.09,9,15,0.09,11,13,0.11
Stellaris,100,3,4,0.03,2,3,0.02,4,4,0.04,7,23,0.07,2,58,0.02,15,16,0.15,2,18,0.02,4,18,0.04,1,3,0.01,0,0,0.0,0,0,0.0,1,9,0.01,1,1,0.01,10,15,0.1,16,18,0.16,15,16,0.15,10,10,0.1
Stick Fight: The Game,100,2,4,0.02,3,3,0.03,6,6,0.06,1,6,0.01,2,57,0.02,11,14,0.11,0,7,0.0,1,6,0.01,2,5,0.02,1,2,0.01,1,1,0.01,0,3,0.0,3,3,0.03,4,7,0.04,6,11,0.06,7,9,0.07,10,11,0.1
Stoneshard,100,8,9,0.08,6,6,0.06,14,14,0.14,10,20,0.1,1,67,0.01,28,29,0.28,6,13,0.06,10,21,0.1,4,8,0.04,4,5,0.04,6,6,0.06,6,12,0.06,10,10,0.1,24,29,0.24,25,27,0.25,24,24,0.24,23,23,0.23
Storm Striker,100,9,11,0.09,2,10,0.02,9,10,0.09,5,16,0.05,3,76,0.03,23,26,0.23,3,15,0.03,6,16,0.06,3,14,0.03,6,13,0.06,2,6,0.02,3,8,0.03,11,11,0.11,20,31,0.2,12,17,0.12,18,26,0.18,12,13,0.12
Stranded Deep,100,18,19,0.18,3,5,0.03,26,26,0.26,8,18,0.08,6,49,0.06,5,5,0.05,0,9,0.0,5,16,0.05,0,4,0.0,0,2,0.0,1,2,0.01,3,8,0.03,3,3,0.03,23,28,0.23,16,18,0.16,19,21,0.19,16,16,0.16
Sword of Convallaria,100,12,12,0.12,3,5,0.03,16,16,0.16,5,18,0.05,4,60,0.04,19,19,0.19,5,21,0.05,5,17,0.05,1,11,0.01,2,9,0.02,3,5,0.03,4,17,0.04,11,11,0.11,24,28,0.24,10,11,0.1,20,23,0.2,13,13,0.13
TRIANGLE STRATEGY,100,3,4,0.03,1,2,0.01,3,3,0.03,8,39,0.08,4,77,0.04,14,14,0.14,4,16,0.04,6,26,0.06,2,17,0.02,3,13,0.03,1,8,0.01,8,22,0.08,3,3,0.03,8,11,0.08,19,24,0.19,24,24,0.24,23,24,0.23
Tabletop Simulator,100,4,5,0.04,1,4,0.01,3,4,0.03,2,17,0.02,1,56,0.01,6,7,0.06,0,5,0.0,0,11,0.0,0,2,0.0,0,1,0.0,0,0,0.0,0,1,0.0,1,1,0.01,5,8,0.05,7,8,0.07,14,16,0.14,1,1,0.01
The Bazaar,100,10,12,0.1,3,4,0.03,11,12,0.11,5,18,0.05,8,68,0.08,35,37,0.35,4,15,0.04,7,17,0.07,3,6,0.03,3,4,0.03,2,5,0.02,2,3,0.02,6,6,0.06,21,32,0.21,10,14,0.1,12,15,0.12,13,13,0.13
The Farmer Was Replaced,100,3,7,0.03,2,7,0.02,6,7,0.06,5,20,0.05,1,63,0.01,10,10,0.1,6,25,0.06,3,22,0.03,0,11,0.0,0,6,0.0,0,5,0.0,3,18,0.03,2,2,0.02,9,20,0.09,15,19,0.15,14,16,0.14,20,22,0.2
The Isle,100,9,11,0.09,2,3,0.02,14,15,0.14,2,15,0.02,3,53,0.03,14,16,0.14,4,11,0.04,2,8,0.02,0,4,0.0,0,2,0.0,0,2,0.0,3,4,0.03,13,13,0.13,10,14,0.1,12,13,0.12,15,17,0.15,12,12,0.12
The Long Dark,100,16,17,0.16,6,8,0.06,20,21,0.2,16,31,0.16,7,57,0.07,14,14,0.14,12,21,0.12,21,34,0.21,7,14,0.07,13,14,0.13,7,9,0.07,26,35,0.26,11,11,0.11,22,27,0.22,14,18,0.14,18,19,0.18,29,29,0.29
The Sims™ 3,100,19,21,0.19,2,7,0.02,23,24,0.23,4,20,0.04,0,69,0.0,5,5,0.05,0,18,0.0,1,15,0.01,2,13,0.02,3,8,0.03,1,4,0.01,1,10,0.01,1,2,0.01,8,16,0.08,6,8,0.06,14,14,0.14,3,3,0.03
The WereCleaner,100,2,2,0.02,0,2,0.0,3,3,0.03,2,13,0.02,0,53,0.0,16,17,0.16,1,13,0.01,0,15,0.0,0,24,0.0,3,21,0.03,0,2,0.0,1,6,0.01,1,1,0.01,3,8,0.03,15,22,0.15,17,21,0.17,12,12,0.12
They Are Billions,100,4,5,0.04,3,4,0.03,8,8,0.08,3,14,0.03,3,64,0.03,16,16,0.16,2,6,0.02,4,13,0.04,0,3,0.0,0,2,0.0,1,2,0.01,2,5,0.02,6,6,0.06,9,12,0.09,14,17,0.14,13,15,0.13,15,15,0.15
This War of Mine,100,6,8,0.06,4,6,0.04,8,9,0.08,1,11,0.01,4,61,0.04,11,11,0.11,3,18,0.03,3,15,0.03,2,7,0.02,3,5,0.03,1,5,0.01,0,12,0.0,2,2,0.02,6,7,0.06,11,15,0.11,10,13,0.1,5,5,0.05
Thronefall,100,7,9,0.07,2,8,0.02,6,6,0.06,1,14,0.01,1,76,0.01,21,25,0.21,1,22,0.01,1,25,0.01,0,12,0.0,0,5,0.0,1,5,0.01,1,7,0.01,2,2,0.02,4,13,0.04,19,30,0.19,19,24,0.19,13,14,0.13
Timberborn,100,5,7,0.05,3,5,0.03,7,7,0.07,7,19,0.07,2,68,0.02,11,13,0.11,5,15,0.05,5,28,0.05,3,9,0.03,1,8,0.01,1,1,0.01,2,5,0.02,2,2,0.02,7,11,0.07,19,21,0.19,14,15,0.14,20,20,0.2
Tom Clancy's Ghost Recon® Wildlands,100,14,18,0.14,4,9,0.04,21,22,0.21,5,22,0.05,4,66,0.04,20,20,0.2,6,23,0.06,8,26,0.08,4,17,0.04,3,10,0.03,3,8,0.03,6,18,0.06,4,4,0.04,11,17,0.11,26,29,0.26,23,23,0.23,32,32,0.32
Tom Clancy's Rainbow Six Siege,100,3,3,0.03,3,4,0.03,9,9,0.09,0,9,0.0,2,43,0.02,15,16,0.15,1,12,0.01,1,9,0.01,2,7,0.02,2,5,0.02,2,2,0.02,2,7,0.02,7,7,0.07,9,11,0.09,8,10,0.08,10,13,0.1,7,7,0.07
Tom Clancy’s Splinter Cell Blacklist,100,24,28,0.24,3,7,0.03,29,31,0.29,3,13,0.03,2,59,0.02,10,12,0.1,3,17,0.03,3,17,0.03,1,14,0.01,3,9,0.03,1,7,0.01,1,9,0.01,1,1,0.01,11,14,0.11,7,12,0.07,8,11,0.08,12,12,0.12
Total War: ATTILA,100,8,8,0.08,2,3,0.02,8,8,0.08,6,11,0.06,3,47,0.03,15,15,0.15,1,15,0.01,2,13,0.02,3,11,0.03,1,1,0.01,2,3,0.02,2,11,0.02,2,2,0.02,2,8,0.02,10,13,0.1,12,13,0.12,6,6,0.06
Total War: EMPIRE – Definitive Edition,100,11,13,0.11,3,9,0.03,12,14,0.12,4,15,0.04,3,56,0.03,15,17,0.15,5,27,0.05,5,22,0.05,3,13,0.03,3,7,0.03,2,6,0.02,2,11,0.02,4,5,0.04,14,22,0.14,11,15,0.11,13,15,0.13,7,8,0.07
Total War: MEDIEVAL II – Definitive Edition,100,13,16,0.13,3,12,0.03,11,12,0.11,2,16,0.02,0,56,0.0,12,12,0.12,3,25,0.03,5,18,0.05,3,18,0.03,3,8,0.03,3,9,0.03,1,8,0.01,3,3,0.03,12,20,0.12,12,13,0.12,16,19,0.16,11,11,0.11
Total War: ROME II - Emperor Edition,100,5,6,0.05,0,1,0.0,9,9,0.09,3,9,0.03,2,60,0.02,13,14,0.13,2,14,0.02,1,8,0.01,0,4,0.0,0,1,0.0,0,2,0.0,0,4,0.0,1,2,0.01,5,12,0.05,5,6,0.05,5,7,0.05,10,10,0.1
Total War: SHOGUN 2,100,4,6,0.04,1,3,0.01,7,7,0.07,3,9,0.03,0,55,0.0,13,15,0.13,3,15,0.03,1,12,0.01,2,7,0.02,2,4,0.02,0,2,0.0,1,7,0.01,1,1,0.01,8,11,0.08,10,13,0.1,15,20,0.15,7,7,0.07
Total War: THREE KINGDOMS,100,18,20,0.18,5,10,0.05,14,14,0.14,5,16,0.05,2,56,0.02,7,7,0.07,5,17,0.05,5,17,0.05,1,13,0.01,1,4,0.01,2,4,0.02,0,5,0.0,3,3,0.03,15,20,0.15,8,11,0.08,16,16,0.16,8,8,0.08
Total War: WARHAMMER,100,8,9,0.08,1,5,0.01,12,12,0.12,3,17,0.03,1,56,0.01,8,8,0.08,4,18,0.04,2,11,0.02,0,3,0.0,0,1,0.0,0,3,0.0,1,6,0.01,3,3,0.03,12,20,0.12,5,7,0.05,12,15,0.12,4,5,0.04
Total War: WARHAMMER II,100,4,5,0.04,2,4,0.02,3,3,0.03,4,14,0.04,1,67,0.01,9,11,0.09,5,22,0.05,2,13,0.02,2,8,0.02,2,8,0.02,2,3,0.02,0,5,0.0,1,1,0.01,5,13,0.05,11,13,0.11,14,16,0.14,9,9,0.09
Total War: WARHAMMER III,100,7,7,0.07,3,5,0.03,6,6,0.06,5,20,0.05,2,66,0.02,10,10,0.1,3,22,0.03,0,11,0.0,1,6,0.01,1,2,0.01,1,2,0.01,0,10,0.0,2,3,0.02,8,12,0.08,9,9,0.09,17,21,0.17,9,9,0.09
Totally Accurate Battle Simulator,100,6,8,0.06,1,3,0.01,8,8,0.08,5,12,0.05,3,56,0.03,10,11,0.1,1,9,0.01,2,8,0.02,0,4,0.0,2,4,0.02,0,1,0.0,0,2,0.0,1,1,0.01,18,20,0.18,4,5,0.04,6,6,0.06,4,4,0.04
Two Point Hospital,100,8,11,0.08,2,6,0.02,8,8,0.08,4,29,0.04,3,76,0.03,17,17,0.17,4,16,0.04,1,18,0.01,0,13,0.0,0,4,0.0,0,3,0.0,1,10,0.01,3,3,0.03,14,23,0.14,12,17,0.12,17,21,0.17,20,20,0.2
Two Point Museum,100,1,6,0.01,1,8,0.01,3,5,0.03,5,33,0.05,0,81,0.0,6,11,0.06,0,22,0.0,1,26,0.01,0,18,0.0,1,14,0.01,0,7,0.0,0,11,0.0,1,2,0.01,3,16,0.03,8,20,0.08,8,19,0.08,13,16,0.13
Ultimate Custom Night,100,4,5,0.04,1,2,0.01,9,9,0.09,2,13,0.02,2,48,0.02,9,9,0.09,1,6,0.01,2,11,0.02,0,4,0.0,1,4,0.01,0,3,0.0,0,2,0.0,4,4,0.04,5,7,0.05,16,19,0.16,13,14,0.13,14,15,0.14
Uncharted Waters IV HD Version,100,19,20,0.19,4,7,0.04,24,25,0.24,5,15,0.05,2,61,0.02,10,10,0.1,3,14,0.03,3,11,0.03,0,9,0.0,1,4,0.01,1,5,0.01,2,8,0.02,3,3,0.03,23,30,0.23,8,9,0.08,14,14,0.14,5,5,0.05
Vampire Crawlers: The Turbo Wildcard from Vampire Survivors,100,3,7,0.03,3,5,0.03,5,6,0.05,15,33,0.15,8,86,0.08,19,21,0.19,9,30,0.09,4,26,0.04,2,11,0.02,5,9,0.05,3,6,0.03,4,8,0.04,1,1,0.01,12,21,0.12,14,22,0.14,22,25,0.22,23,23,0.23
Victoria 3,100,14,14,0.14,3,5,0.03,15,15,0.15,7,14,0.07,5,52,0.05,22,22,0.22,4,14,0.04,3,8,0.03,3,9,0.03,2,2,0.02,1,2,0.01,1,5,0.01,6,6,0.06,19,23,0.19,8,9,0.08,16,16,0.16,8,8,0.08
"Warhammer 40,000: Chaos Gate - Daemonhunters",100,11,13,0.11,4,7,0.04,16,16,0.16,8,26,0.08,4,63,0.04,35,37,0.35,7,28,0.07,5,24,0.05,3,13,0.03,4,8,0.04,3,6,0.03,3,12,0.03,3,3,0.03,23,40,0.23,23,27,0.23,25,25,0.25,22,22,0.22
"Warhammer 40,000: Dawn of War III",100,14,15,0.14,2,3,0.02,13,13,0.13,14,25,0.14,15,62,0.15,23,23,0.23,17,25,0.17,9,20,0.09,4,10,0.04,5,9,0.05,3,4,0.03,8,12,0.08,6,6,0.06,25,32,0.25,18,18,0.18,21,21,0.21,14,14,0.14
Wartales,100,2,2,0.02,0,0,0.0,3,3,0.03,0,10,0.0,2,66,0.02,9,9,0.09,0,5,0.0,3,7,0.03,0,0,0.0,0,0,0.0,0,0,0.0,0,3,0.0,3,3,0.03,4,7,0.04,8,9,0.08,11,11,0.11,5,5,0.05
Who's Your Daddy?!,100,12,12,0.12,1,1,0.01,22,23,0.22,2,3,0.02,6,41,0.06,8,8,0.08,1,1,0.01,0,1,0.0,1,3,0.01,0,2,0.0,0,0,0.0,0,2,0.0,4,4,0.04,6,8,0.06,5,7,0.05,13,13,0.13,7,7,0.07
World of Tanks,100,14,14,0.14,4,6,0.04,16,17,0.16,5,14,0.05,10,60,0.1,34,34,0.34,7,14,0.07,3,11,0.03,2,6,0.02,3,3,0.03,2,3,0.02,1,3,0.01,8,8,0.08,27,36,0.27,12,13,0.12,21,22,0.21,10,10,0.1
World of Tanks Blitz,100,9,10,0.09,1,1,0.01,9,10,0.09,1,9,0.01,6,47,0.06,23,23,0.23,3,8,0.03,1,7,0.01,1,2,0.01,0,1,0.0,0,0,0.0,1,4,0.01,3,3,0.03,14,15,0.14,13,15,0.13,12,13,0.12,13,14,0.13
X4: Foundations,100,15,21,0.15,7,14,0.07,17,20,0.17,8,36,0.08,4,76,0.04,27,30,0.27,3,35,0.03,9,35,0.09,1,15,0.01,1,9,0.01,1,9,0.01,5,16,0.05,6,6,0.06,8,20,0.08,32,37,0.32,40,42,0.4,32,32,0.32
XCOM: Enemy Unknown,100,11,12,0.11,3,6,0.03,16,17,0.16,1,11,0.01,1,58,0.01,19,21,0.19,1,14,0.01,1,11,0.01,1,9,0.01,0,1,0.0,2,4,0.02,1,6,0.01,2,2,0.02,7,17,0.07,17,22,0.17,14,17,0.14,13,13,0.13
XCOM® 2,100,3,3,0.03,2,2,0.02,7,7,0.07,3,17,0.03,1,63,0.01,15,16,0.15,4,13,0.04,2,16,0.02,0,4,0.0,1,3,0.01,0,0,0.0,1,5,0.01,0,0,0.0,7,14,0.07,16,20,0.16,10,11,0.1,12,12,0.12
Yu-Gi-Oh! Duel Links,100,5,5,0.05,4,4,0.04,4,4,0.04,5,21,0.05,3,57,0.03,23,23,0.23,2,20,0.02,3,18,0.03,4,12,0.04,4,9,0.04,2,3,0.02,2,6,0.02,2,2,0.02,10,17,0.1,18,23,0.18,19,24,0.19,15,15,0.15
Yu-Gi-Oh! Master Duel,100,4,4,0.04,1,1,0.01,6,6,0.06,0,8,0.0,1,42,0.01,18,18,0.18,0,11,0.0,2,17,0.02,0,1,0.0,0,0,0.0,0,0,0.0,0,5,0.0,5,5,0.05,4,8,0.04,7,8,0.07,10,11,0.1,14,15,0.14
shapez,100,5,7,0.05,3,8,0.03,9,9,0.09,5,33,0.05,1,71,0.01,10,14,0.1,2,21,0.02,2,27,0.02,2,9,0.02,3,7,0.03,2,6,0.02,2,11,0.02,2,2,0.02,4,12,0.04,13,24,0.13,13,23,0.13,28,36,0.28
shapez 2 - Factory,100,9,19,0.09,4,15,0.04,14,16,0.14,6,40,0.06,0,87,0.0,16,18,0.16,2,26,0.02,5,33,0.05,1,17,0.01,3,10,0.03,0,9,0.0,1,13,0.01,4,4,0.04,11,27,0.11,14,27,0.14,25,29,0.25,25,27,0.25
theHunter: Call of the Wild™,100,11,16,0.11,6,12,0.06,11,13,0.11,7,27,0.07,2,54,0.02,22,25,0.22,1,16,0.01,6,19,0.06,1,18,0.01,1,9,0.01,2,9,0.02,1,11,0.01,2,2,0.02,17,22,0.17,17,23,0.17,20,25,0.2,20,23,0.2
