tag_id,tag_name,appid,name,overall_rating_bin,overall_positive_review_percent,search_total_reviews,korean_reviews,korean_positive_percent,search_rank,search_sort
492,Indie,3678970,TBH: Task Bar Hero,40-050,43.0,2111,1117,23.99,42,Reviews_ASC
492,Indie,269210,Hero Siege,60-070,60.0,12727,2030,69.66,116,Reviews_ASC
492,Indie,382140,SKYHILL,60-070,69.0,639,876,76.6,750,Reviews_ASC
492,Indie,291550,Brawlhalla,70-080,78.0,175351,2111,79.11,165,Reviews_ASC
492,Indie,376210,The Isle,70-080,77.0,58027,1159,78.08,148,Reviews_ASC
492,Indie,313120,Stranded Deep,70-080,74.0,23355,514,66.93,254,Reviews_ASC
492,Indie,625960,Stoneshard,70-080,74.0,11235,1031,73.81,59,Reviews_ASC
492,Indie,858820,Tribes of Midgard,70-080,74.0,6735,654,75.69,645,Reviews_ASC
492,Indie,2695940,PANICORE,70-080,75.0,4326,507,77.91,152,Reviews_ASC
492,Indie,677160,We Were Here Too,70-080,78.0,3565,702,88.32,266,Reviews_ASC
492,Indie,2827200,MIMESIS,70-080,79.0,1875,764,89.53,24,Reviews_ASC
492,Indie,2665680,Tower of Babel: Survivors of Chaos,70-080,77.0,1381,1336,75.37,125,Reviews_ASC
492,Indie,1933700,Smilemo,70-080,74.0,1144,607,72.65,817,Reviews_ASC
492,Indie,3757210,Agreeee,70-080,75.0,1045,633,80.09,258,Reviews_ASC
492,Indie,252490,Rust,80-090,86.0,522852,9328,77.28,6,Reviews_ASC
492,Indie,346110,ARK: Survival Evolved,80-090,80.0,254608,20738,80.25,31,Reviews_ASC
492,Indie,275850,No Man's Sky,80-090,81.0,181292,3072,75.94,18,Reviews_ASC
492,Indie,671860,BattleBit Remastered,80-090,82.0,78141,857,75.38,971,_ASC
492,Indie,379430,Kingdom Come: Deliverance,80-090,83.0,62400,4275,86.46,81,Reviews_ASC
492,Indie,686810,Hell Let Loose,80-090,83.0,61792,1006,73.46,119,Reviews_ASC
492,Indie,1721470,Poppy Playtime,80-090,88.0,60781,5288,78.88,103,Reviews_ASC
492,Indie,581320,Insurgency: Sandstorm,80-090,86.0,59460,1673,73.46,262,Reviews_ASC
492,Indie,899770,Last Epoch,80-090,80.0,59423,2979,75.09,109,Reviews_ASC
492,Indie,848450,Subnautica: Below Zero,80-090,89.0,54786,1572,81.36,74,Reviews_ASC
492,Indie,211820,Starbound,80-090,88.0,51755,1846,83.32,588,Reviews_ASC
492,Indie,1203620,Enshrouded,80-090,87.0,47325,2127,77.86,27,Reviews_ASC
492,Indie,240720,Getting Over It with Bennett Foddy,80-090,84.0,41107,3906,75.17,285,Reviews_ASC
492,Indie,305620,The Long Dark,80-090,87.0,40361,3849,87.53,203,Reviews_ASC
492,Indie,1943950,Escape the Backrooms,80-090,89.0,38304,2704,86.02,2,_ASC
492,Indie,233450,Prison Architect,80-090,88.0,33865,1197,86.97,437,Reviews_ASC
492,Indie,3949040,RV There Yet?,80-090,89.0,28805,720,85.14,20,Reviews_ASC
492,Indie,1222700,A Way Out,80-090,88.0,25439,2025,90.37,144,Reviews_ASC
492,Indie,285900,Gang Beasts,80-090,85.0,25073,2224,68.44,30,Reviews_ASC
492,Indie,644930,They Are Billions,80-090,80.0,18807,1956,83.9,224,Reviews_ASC
492,Indie,599140,Graveyard Keeper,80-090,84.0,17240,1197,72.01,236,Reviews_ASC
492,Indie,1260320,Party Animals,80-090,89.0,16754,2559,91.01,43,Reviews_ASC
492,Indie,3097560,Liar's Bar,80-090,89.0,14993,588,89.29,66,Reviews_ASC
492,Indie,880940,Pummel Party,80-090,87.0,14337,1007,88.68,35,Reviews_ASC
492,Indie,1158160,Coral Island,80-090,89.0,13612,662,81.12,183,Reviews_ASC
492,Indie,751780,Forager,80-090,88.0,13361,2797,84.84,264,Reviews_ASC
492,Indie,1527950,Wartales,80-090,85.0,13281,1857,91.28,55,Reviews_ASC
492,Indie,429050,Feed and Grow: Fish,80-090,80.0,12566,1345,76.28,146,Reviews_ASC
492,Indie,1049590,Eternal Return,80-090,80.0,12507,35306,75.03,4,Reviews_ASC
492,Indie,527230,For The King,80-090,88.0,11591,2311,91.95,192,Reviews_ASC
492,Indie,704850,Thief Simulator,80-090,88.0,11242,579,80.48,344,Reviews_ASC
492,Indie,291650,Pillars of Eternity,80-090,87.0,10712,537,89.2,319,Reviews_ASC
492,Indie,1296610,Peglin,80-090,88.0,10118,733,72.85,251,Reviews_ASC
492,Indie,210970,The Witness,80-090,82.0,8807,538,83.09,284,Reviews_ASC
492,Indie,1139980,Travellers Rest,80-090,89.0,8023,796,84.3,67,Reviews_ASC
492,Indie,1113120,IXION,80-090,81.0,7840,618,69.26,511,_ASC
492,Indie,105600,Terraria,90-100,97.0,592878,17745,96.0,33,Reviews_ASC
492,Indie,4000,Garry's Mod,90-100,97.0,529043,11427,93.48,121,Reviews_ASC
492,Indie,413150,Stardew Valley,90-100,98.0,387065,35251,98.07,7,_ASC
492,Indie,739630,Phasmophobia,90-100,94.0,355939,5815,92.19,37,Reviews_ASC
492,Indie,322170,Geometry Dash,90-100,93.0,280064,6878,88.78,68,_ASC
492,Indie,892970,Valheim,90-100,94.0,255518,7593,92.6,44,_ASC
492,Indie,304930,Unturned,90-100,90.0,220816,4945,84.97,500,Reviews_ASC
492,Indie,3164500,Schedule I,90-100,97.0,192032,508,94.29,113,Reviews_ASC
492,Indie,264710,Subnautica,90-100,96.0,185058,5772,93.97,21,Reviews_ASC
492,Indie,367520,Hollow Knight,90-100,97.0,178177,12550,95.58,85,Reviews_ASC
492,Indie,242760,The Forest,90-100,95.0,175910,9315,91.74,23,Reviews_ASC
492,Indie,1118200,People Playground,90-100,98.0,174055,1269,97.48,29,Reviews_DESC
492,Indie,632360,Risk of Rain 2,90-100,95.0,161210,4302,90.1,36,Reviews_ASC
492,Indie,391540,Undertale,90-100,96.0,157493,10348,96.59,104,Reviews_ASC
492,Indie,1623730,Palworld,90-100,95.0,151351,21804,95.06,3,Reviews_ASC
492,Indie,108600,Project Zomboid,90-100,94.0,149124,12072,88.27,13,Reviews_ASC
492,Indie,250900,The Binding of Isaac: Rebirth,90-100,97.0,145158,11816,96.45,48,Reviews_ASC
492,Indie,227300,Euro Truck Simulator 2,90-100,97.0,141728,11806,96.44,17,Reviews_ASC
492,Indie,1030300,Hollow Knight: Silksong,90-100,93.0,140927,6646,83.89,108,Reviews_ASC
492,Indie,1145360,Hades,90-100,98.0,140601,6799,96.9,97,_ASC
492,Indie,526870,Satisfactory,90-100,97.0,133630,3907,96.78,10,Reviews_ASC
492,Indie,648800,Raft,90-100,93.0,128631,10557,90.68,15,Reviews_ASC
492,Indie,698780,Doki Doki Literature Club!,90-100,96.0,127539,4786,94.88,381,Reviews_DESC
492,Indie,1794680,Vampire Survivors,90-100,98.0,126607,15973,98.21,31,Reviews_DESC
492,Indie,294100,RimWorld,90-100,97.0,117010,8057,98.09,11,Reviews_ASC
492,Indie,427520,Factorio,90-100,98.0,115555,4050,98.35,38,Reviews_ASC
492,Indie,2592160,Dispatch,90-100,97.0,103908,1132,96.2,69,Reviews_ASC
492,Indie,2379780,Balatro,90-100,98.0,101153,2339,97.56,120,Reviews_ASC
492,Indie,1903340,Clair Obscur: Expedition 33,90-100,96.0,99098,5783,95.31,52,_ASC
492,Indie,508440,Totally Accurate Battle Simulator,90-100,98.0,82957,3034,95.85,145,_ASC
492,Indie,322330,Don't Starve Together,90-100,95.0,80911,12831,93.41,25,Reviews_ASC
492,Indie,220200,Kerbal Space Program,90-100,96.0,80837,1073,95.62,139,Reviews_ASC
492,Indie,1332010,Stray,90-100,97.0,77812,2150,95.53,133,Reviews_ASC
492,Indie,319630,Life is Strange - Episode 1,90-100,95.0,75826,2439,95.0,259,Reviews_ASC
492,Indie,646570,Slay the Spire,90-100,97.0,75260,10097,98.2,118,Reviews_ASC
492,Indie,362890,Black Mesa,90-100,94.0,69553,1720,90.58,885,Reviews_ASC
492,Indie,433340,Slime Rancher,90-100,98.0,64784,2647,94.79,32,Reviews_DESC
492,Indie,1145350,Hades II,90-100,96.0,63734,1985,95.52,45,Reviews_ASC
492,Indie,268910,Cuphead,90-100,96.0,63282,3555,94.26,22,Reviews_ASC
492,Indie,504230,Celeste,90-100,97.0,59467,1642,96.89,173,Reviews_DESC
492,Indie,244210,Assetto Corsa,90-100,93.0,58914,1344,92.41,107,_ASC
492,Indie,632470,Disco Elysium - The Final Cut,90-100,92.0,56287,1991,84.73,135,Reviews_ASC
492,Indie,262060,Darkest Dungeon®,90-100,90.0,56109,9198,85.77,127,Reviews_ASC
492,Indie,3405340,Megabonk,90-100,94.0,55986,852,89.2,192,_ASC
492,Indie,48700,Mount & Blade: Warband,90-100,97.0,54776,2370,97.09,171,Reviews_DESC
492,Indie,1289310,Helltaker,90-100,97.0,53827,5384,98.33,172,Reviews_DESC
492,Indie,1150690,OMORI,90-100,97.0,53498,1890,92.75,176,Reviews_DESC
492,Indie,361420,ASTRONEER,90-100,91.0,53468,4918,87.78,143,Reviews_ASC
492,Indie,2868840,Slay the Spire 2,90-100,94.0,53301,4013,87.76,1,Reviews_ASC
492,Indie,620980,Beat Saber,90-100,95.0,52937,1459,95.82,174,Reviews_ASC
492,Indie,1454400,Cookie Clicker,90-100,96.0,52931,609,95.73,391,Reviews_DESC
492,Indie,674940,Stick Fight: The Game,90-100,94.0,52484,858,91.03,373,Reviews_ASC
492,Indie,753640,Outer Wilds,90-100,95.0,50797,1382,92.26,126,Reviews_ASC
492,Indie,457140,Oxygen Not Included,90-100,95.0,48588,4759,95.59,87,Reviews_ASC
492,Indie,1868140,DAVE THE DIVER,90-100,96.0,48306,11588,97.19,47,_ASC
492,Indie,2995920,It Takes Two Friend's Pass,90-100,95.0,46883,8270,96.72,26,Reviews_ASC
492,Indie,881100,Noita,90-100,95.0,46639,1325,92.75,239,Reviews_ASC
113,Free To Play,2357570,Overwatch®,30-040,39.0,158544,5681,47.53,20,Reviews_ASC
113,Free To Play,1367080,MOBILE SUIT GUNDAM BATTLE OPERATION 2,30-040,34.0,6815,1116,30.56,55,Reviews_ASC
113,Free To Play,2584990,Shadowverse: Worlds Beyond,30-040,37.0,6428,1624,22.11,64,Reviews_ASC
113,Free To Play,1665460,eFootball™,40-050,48.0,28575,1172,44.8,18,Reviews_ASC
113,Free To Play,3678970,TBH: Task Bar Hero,40-050,43.0,2111,1120,24.02,33,Reviews_ASC
113,Free To Play,674020,World War 3,50-060,53.0,23202,1259,47.42,724,Reviews_ASC
113,Free To Play,4025700,Heartopia,50-060,58.0,7238,858,76.69,3,Reviews_ASC
113,Free To Play,3679080,The Seven Deadly Sins: Origin,50-060,58.0,3979,783,55.17,11,Reviews_ASC
113,Free To Play,3308670,GIRLS' FRONTLINE 2: EXILIUM,50-060,52.0,1019,674,35.46,44,Reviews_ASC
113,Free To Play,1240440,Halo Infinite,60-070,68.0,138604,709,67.14,96,Reviews_ASC
113,Free To Play,2507950,Delta Force,60-070,65.0,66376,4201,62.32,14,Reviews_ASC
113,Free To Play,2074920,The First Descendant,60-070,64.0,50413,7060,48.5,12,Reviews_ASC
113,Free To Play,2016590,Dark and Darker,60-070,66.0,46526,1494,53.88,60,Reviews_ASC
113,Free To Play,2524890,Pixel Gun 3D: PC Edition,60-070,62.0,22987,736,63.99,48,_ASC
113,Free To Play,1974050,Torchlight: Infinite,60-070,62.0,7976,1810,86.8,27,Reviews_ASC
113,Free To Play,1254120,Bless Unleashed,60-070,63.0,7395,1938,70.64,111,Reviews_ASC
113,Free To Play,985810,GrandChase,60-070,64.0,5228,2578,45.58,16,Reviews_ASC
113,Free To Play,2668080,Snowbreak: Containment Zone,60-070,64.0,4509,654,73.55,108,Reviews_ASC
113,Free To Play,311730,DEAD OR ALIVE 5 Last Round: Core Fighters,60-070,68.0,3559,547,53.56,118,Reviews_ASC
113,Free To Play,1352080,SMASH LEGENDS,60-070,66.0,2926,1227,56.64,179,Reviews_ASC
113,Free To Play,1825750,Soulworker : Your Destiny Awaits,60-070,65.0,2669,2649,65.27,32,Reviews_ASC
113,Free To Play,2349820,Hero's Land,60-070,66.0,1457,2390,75.56,49,Reviews_ASC
113,Free To Play,1172470,Apex Legends™,70-080,76.0,443558,17997,72.0,2,Reviews_ASC
113,Free To Play,1085660,Destiny 2,70-080,78.0,380893,14452,73.91,28,Reviews_ASC
113,Free To Play,236390,War Thunder,70-080,73.0,312505,10221,67.57,15,Reviews_ASC
113,Free To Play,2767030,Marvel Rivals,70-080,77.0,283260,2065,74.09,21,Reviews_ASC
113,Free To Play,291550,Brawlhalla,70-080,78.0,175351,2111,79.11,68,Reviews_ASC
113,Free To Play,438100,VRChat,70-080,71.0,174266,7207,77.94,13,Reviews_ASC
113,Free To Play,2139460,Once Human,70-080,79.0,83865,7281,85.14,7,Reviews_ASC
113,Free To Play,1449850,Yu-Gi-Oh! Master Duel,70-080,73.0,48123,8314,75.02,1,Reviews_ASC
113,Free To Play,304050,Trove,70-080,76.0,42294,852,74.65,130,Reviews_ASC
113,Free To Play,1961460,PROJECT: PLAYTIME,70-080,78.0,29531,683,69.84,487,Reviews_ASC
113,Free To Play,761890,Albion Online,70-080,74.0,26896,2117,81.96,50,Reviews_ASC
113,Free To Play,2073620,Arena Breakout: Infinite,70-080,75.0,25636,528,73.11,26,Reviews_ASC
113,Free To Play,550650,Black Squad,70-080,70.0,25422,3742,73.49,89,Reviews_ASC
113,Free To Play,1407200,World of Tanks,70-080,73.0,24728,1256,76.35,30,Reviews_ASC
113,Free To Play,444200,World of Tanks Blitz,70-080,74.0,24353,1298,64.02,43,Reviews_ASC
113,Free To Play,2943650,FragPunk,70-080,75.0,23563,732,73.5,78,Reviews_ASC
113,Free To Play,2923300,Banana,70-080,78.0,21296,862,78.65,342,Reviews_ASC
113,Free To Play,2051620,Enlisted,70-080,78.0,18725,597,70.85,59,Reviews_ASC
113,Free To Play,2452280,Mecha BREAK,70-080,70.0,11433,633,48.34,54,Reviews_ASC
113,Free To Play,1282270,Strinova,70-080,77.0,10901,778,57.07,37,Reviews_ASC
113,Free To Play,766570,Russian Fishing 4,70-080,79.0,7351,1101,84.29,36,Reviews_ASC
113,Free To Play,835570,Conqueror's Blade,70-080,73.0,6715,2905,75.28,29,Reviews_ASC
113,Free To Play,1590320,Bro Falls,70-080,74.0,5107,2384,81.71,256,Reviews_ASC
113,Free To Play,570,Dota 2,80-090,88.0,829305,5170,76.09,24,Reviews_ASC
113,Free To Play,440,Team Fortress 2,80-090,89.0,734803,13686,88.61,4,Reviews_ASC
113,Free To Play,2073850,THE FINALS,80-090,80.0,152714,4979,64.63,38,Reviews_ASC
113,Free To Play,444090,Paladins®,80-090,82.0,127546,2340,81.54,263,Reviews_ASC
113,Free To Play,1222670,The Sims™ 4,80-090,87.0,104284,2687,86.38,23,Reviews_ASC
113,Free To Play,3564740,Where Winds Meet,80-090,86.0,61663,3069,87.16,5,Reviews_ASC
113,Free To Play,1721470,Poppy Playtime,80-090,88.0,60781,5288,78.88,52,Reviews_ASC
113,Free To Play,552990,World of Warships,80-090,80.0,48787,2542,81.24,17,Reviews_ASC
113,Free To Play,218230,PlanetSide 2,80-090,81.0,47371,802,76.43,155,Reviews_ASC
113,Free To Play,1046930,Dota Underlords,80-090,84.0,33504,649,75.5,362,Reviews_ASC
113,Free To Play,588430,Fallout Shelter,80-090,85.0,32586,569,82.6,133,Reviews_ASC
113,Free To Play,224260,No More Room in Hell,80-090,89.0,30362,1933,86.7,369,Reviews_ASC
113,Free To Play,3513350,Wuthering Waves,80-090,89.0,25014,1690,90.89,9,Reviews_ASC
113,Free To Play,504370,Battlerite,80-090,83.0,23852,500,78.6,442,Reviews_ASC
113,Free To Play,1203220,NARAKA: BLADEPOINT,80-090,81.0,23491,1109,80.79,25,Reviews_ASC
113,Free To Play,223750,DCS World Steam Edition,80-090,84.0,22826,550,90.73,72,Reviews_ASC
113,Free To Play,601510,Yu-Gi-Oh! Duel Links,80-090,81.0,20338,1366,74.6,51,Reviews_ASC
113,Free To Play,933110,Age of Empires III: Definitive Edition,80-090,84.0,18550,624,72.76,73,Reviews_ASC
113,Free To Play,582500,We Were Here,80-090,89.0,15934,2248,92.08,586,Reviews_ASC
113,Free To Play,1869590,Omega Strikers,80-090,85.0,14565,957,79.1,295,Reviews_ASC
113,Free To Play,1049590,Eternal Return,80-090,80.0,12507,35306,75.03,10,Reviews_ASC
113,Free To Play,332950,Dark Deception,80-090,88.0,7679,821,80.15,156,Reviews_ASC
113,Free To Play,230410,Warframe,90-100,91.0,294445,11133,88.23,8,Reviews_ASC
113,Free To Play,304930,Unturned,90-100,90.0,220816,4945,84.97,137,Reviews_ASC
113,Free To Play,698780,Doki Doki Literature Club!,90-100,96.0,127539,4786,94.88,118,Reviews_DESC
113,Free To Play,1625450,Muck,90-100,93.0,102246,2886,90.68,786,Reviews_DESC
113,Free To Play,700330,SCP: Secret Laboratory,90-100,92.0,90880,5834,84.32,853,Reviews_ASC
113,Free To Play,1782210,Crab Game,90-100,91.0,83247,623,83.63,449,_ASC
113,Free To Play,714010,Aimlabs,90-100,90.0,65574,1870,93.26,66,Reviews_ASC
113,Free To Play,1289310,Helltaker,90-100,97.0,53826,5384,98.33,52,Reviews_DESC
113,Free To Play,203770,Crusader Kings II,90-100,91.0,47695,1054,91.37,210,Reviews_ASC
113,Free To Play,1973530,Limbus Company,90-100,92.0,45853,17317,83.77,6,Reviews_ASC
113,Free To Play,2709570,Supermarket Together,90-100,94.0,33003,1170,93.16,149,Reviews_ASC
113,Free To Play,3419430,Bongo Cat,90-100,96.0,26397,1248,97.68,119,Reviews_DESC
113,Free To Play,2420510,HoloCure - Save the Fans!,90-100,99.0,26226,895,99.11,1,Reviews_DESC
113,Free To Play,843380,Super Animal Royale,90-100,92.0,18059,1292,91.95,134,Reviews_ASC
113,Free To Play,1568590,Goose Goose Duck,90-100,90.0,12992,4125,90.52,42,Reviews_ASC
113,Free To Play,980610,Quaver,90-100,91.0,10851,679,88.51,328,Reviews_ASC
113,Free To Play,2263010,Pineapple on pizza,90-100,97.0,10595,547,97.62,53,Reviews_DESC
113,Free To Play,3274300,Awaria,90-100,96.0,8654,625,95.84,121,Reviews_DESC
113,Free To Play,2313250,Travellin Cats in Paris,90-100,99.0,7561,629,99.36,12,Reviews_DESC
113,Free To Play,563560,Alien Swarm: Reactive Drop,90-100,94.0,6671,733,93.72,616,Reviews_DESC
19,Action,2357570,Overwatch®,30-040,39.0,158544,5681,47.53,65,Reviews_ASC
19,Action,1367080,MOBILE SUIT GUNDAM BATTLE OPERATION 2,30-040,34.0,6815,1116,30.56,256,Reviews_ASC
19,Action,1517290,Battlefield™ 2042,40-050,46.0,106419,6539,44.75,736,Reviews_ASC
19,Action,1272080,PAYDAY 3,40-050,43.0,31205,1284,32.48,299,Reviews_ASC
19,Action,393080,Call of Duty®: Modern Warfare® Remastered (2017),40-050,42.0,6224,932,64.91,295,Reviews_ASC
19,Action,1938090,Call of Duty®,50-060,57.0,232451,5079,44.18,20,Reviews_ASC
19,Action,1716740,Starfield,50-060,57.0,84995,1877,32.34,393,Reviews_ASC
19,Action,1778820,TEKKEN 8,50-060,57.0,26468,10176,36.53,29,Reviews_ASC
19,Action,209650,Call of Duty®: Advanced Warfare - Gold Edition,50-060,58.0,5831,549,69.4,643,Reviews_ASC
19,Action,3679080,The Seven Deadly Sins: Origin,50-060,58.0,3979,783,55.17,26,Reviews_ASC
19,Action,578080,PUBG: BATTLEGROUNDS,60-070,66.0,446138,146847,71.5,3,Reviews_ASC
19,Action,2807960,Battlefield™ 6,60-070,67.0,144578,3876,47.29,60,Reviews_ASC
19,Action,1240440,Halo Infinite,60-070,68.0,138604,709,67.14,548,Reviews_ASC
19,Action,2246340,Monster Hunter Wilds,60-070,69.0,81918,17673,55.2,10,Reviews_ASC
19,Action,2507950,Delta Force,60-070,65.0,66376,4201,62.32,40,Reviews_ASC
19,Action,304390,FOR HONOR™,60-070,69.0,57478,4051,59.07,202,Reviews_ASC
19,Action,2399830,ARK: Survival Ascended,60-070,60.0,54836,906,51.88,84,_ASC
19,Action,2074920,The First Descendant,60-070,64.0,50413,7060,48.5,39,Reviews_ASC
19,Action,1774580,STAR WARS Jedi: Survivor™,60-070,69.0,49201,1069,69.78,453,Reviews_ASC
19,Action,2054970,Dragon's Dogma 2,60-070,67.0,43440,3189,54.28,430,Reviews_ASC
19,Action,1285190,Borderlands 4,60-070,61.0,41518,1316,57.75,117,Reviews_ASC
19,Action,680420,OUTRIDERS,60-070,68.0,30525,822,54.62,893,Reviews_ASC
19,Action,2524890,Pixel Gun 3D: PC Edition,60-070,62.0,22987,736,63.99,205,Reviews_ASC
19,Action,360430,Mafia III: Definitive Edition,60-070,60.0,16139,748,45.99,664,Reviews_ASC
19,Action,476600,Call of Duty®: WWII,60-070,66.0,13887,1584,58.46,211,Reviews_ASC
19,Action,1677280,Company of Heroes 3,60-070,62.0,12940,1581,43.96,100,Reviews_ASC
19,Action,269210,Hero Siege,60-070,60.0,12727,2030,69.66,265,Reviews_ASC
19,Action,2369390,Far Cry® 6,60-070,67.0,12541,655,61.07,757,Reviews_ASC
19,Action,3932890,Escape from Tarkov,60-070,60.0,10734,1548,34.24,31,_ASC
19,Action,292730,Call of Duty®: Infinite Warfare,60-070,62.0,9434,843,52.08,763,Reviews_ASC
19,Action,1974050,Torchlight: Infinite,60-070,62.0,7976,1810,86.8,93,Reviews_ASC
19,Action,1254120,Bless Unleashed,60-070,63.0,7395,1938,70.64,658,Reviews_ASC
19,Action,985810,GrandChase,60-070,64.0,5228,2578,45.58,49,Reviews_ASC
19,Action,2668080,Snowbreak: Containment Zone,60-070,64.0,4509,654,73.55,663,Reviews_ASC
19,Action,311730,DEAD OR ALIVE 5 Last Round: Core Fighters,60-070,68.0,3559,547,53.56,599,Reviews_ASC
19,Action,1825750,Soulworker : Your Destiny Awaits,60-070,65.0,2669,2649,65.27,97,Reviews_ASC
19,Action,1424800,Uncharted Waters IV HD Version,60-070,66.0,1881,523,69.22,592,Reviews_ASC
19,Action,1635450,Longvinter,60-070,62.0,1812,3898,71.34,339,Reviews_ASC
19,Action,2349820,Hero's Land,60-070,66.0,1457,2390,75.56,220,Reviews_ASC
19,Action,1172470,Apex Legends™,70-080,76.0,443558,17997,72.0,7,Reviews_ASC
19,Action,1085660,Destiny 2,70-080,78.0,380893,14452,73.91,103,Reviews_ASC
19,Action,236390,War Thunder,70-080,73.0,312501,10221,67.57,38,Reviews_ASC
19,Action,2767030,Marvel Rivals,70-080,77.0,283260,2065,74.09,69,Reviews_ASC
19,Action,381210,Dead by Daylight,70-080,79.0,256229,23820,73.16,24,Reviews_ASC
19,Action,221100,DayZ,70-080,74.0,176197,2936,52.96,362,Reviews_ASC
19,Action,291550,Brawlhalla,70-080,78.0,175351,2111,79.11,358,Reviews_ASC
19,Action,438100,VRChat,70-080,71.0,174267,7207,77.94,43,Reviews_ASC
19,Action,1144200,Ready or Not,70-080,76.0,146527,8541,84.95,79,Reviews_ASC
19,Action,594650,Hunt: Showdown 1896,70-080,77.0,93457,2016,75.45,194,Reviews_ASC
19,Action,1361210,"Warhammer 40,000: Darktide",70-080,75.0,71950,1823,71.37,177,Reviews_ASC
19,Action,534380,Dying Light 2 Stay Human: Reloaded Edition,70-080,78.0,67747,3323,71.08,398,Reviews_ASC
19,Action,376210,The Isle,70-080,77.0,58027,1159,78.08,323,Reviews_ASC
19,Action,1142710,Total War: WARHAMMER III,70-080,70.0,54570,3685,69.31,86,Reviews_ASC
19,Action,2479810,Gray Zone Warfare,70-080,74.0,45409,542,61.62,95,Reviews_ASC
19,Action,304050,Trove,70-080,76.0,42294,852,74.65,872,Reviews_ASC
19,Action,1643320,S.T.A.L.K.E.R. 2: Heart of Chornobyl,70-080,76.0,41997,1792,60.6,311,Reviews_ASC
19,Action,440900,Conan Exiles Enhanced,70-080,79.0,38876,992,74.5,215,Reviews_ASC
19,Action,513710,SCUM,70-080,74.0,37575,911,51.37,440,Reviews_ASC
19,Action,1238810,Battlefield™ V,70-080,71.0,34855,2994,62.89,434,Reviews_ASC
19,Action,761890,Albion Online,70-080,74.0,26896,2117,81.96,238,Reviews_ASC
19,Action,2073620,Arena Breakout: Infinite,70-080,75.0,25636,528,73.11,90,Reviews_ASC
19,Action,289650,Assassin's Creed® Unity,70-080,75.0,25437,2527,63.59,657,Reviews_ASC
19,Action,550650,Black Squad,70-080,70.0,25422,3742,73.49,489,Reviews_ASC
19,Action,1407200,World of Tanks,70-080,73.0,24729,1256,76.35,106,_ASC
19,Action,444200,World of Tanks Blitz,70-080,74.0,24353,1298,64.02,192,Reviews_ASC
19,Action,2943650,FragPunk,70-080,75.0,23566,732,73.5,397,Reviews_ASC
19,Action,313120,Stranded Deep,70-080,74.0,23355,514,66.93,503,Reviews_ASC
19,Action,2051620,Enlisted,70-080,78.0,18725,597,70.85,252,Reviews_ASC
19,Action,2231380,Tom Clancy's Ghost Recon® Breakpoint,70-080,72.0,18442,849,57.48,394,Reviews_ASC
19,Action,2221490,Tom Clancy’s The Division® 2,70-080,79.0,16570,1303,68.15,121,Reviews_ASC
19,Action,221040,Resident Evil 6,70-080,72.0,15222,1065,77.0,288,Reviews_ASC
19,Action,3159330,Assassin’s Creed Shadows,70-080,77.0,15029,1215,76.21,56,Reviews_ASC
19,Action,668580,Atomic Heart,70-080,78.0,13184,566,70.14,245,Reviews_ASC
19,Action,310950,Street Fighter V,70-080,70.0,12698,1148,69.69,849,Reviews_ASC
19,Action,2515020,FINAL FANTASY XVI,70-080,79.0,12182,1015,78.62,360,Reviews_ASC
19,Action,2452280,Mecha BREAK,70-080,70.0,11433,633,48.34,262,Reviews_ASC
19,Action,1282270,Strinova,70-080,77.0,10901,778,57.07,156,Reviews_ASC
19,Action,368500,Assassin's Creed® Syndicate,70-080,78.0,10009,1208,78.06,490,Reviews_ASC
19,Action,934700,Dead Island 2,70-080,76.0,9522,550,74.55,164,Reviews_ASC
19,Action,730,Counter-Strike 2,80-090,86.0,2549257,25696,80.18,1,Reviews_ASC
19,Action,570,Dota 2,80-090,88.0,829304,5170,76.09,91,Reviews_ASC
19,Action,359550,Tom Clancy's Rainbow Six Siege,80-090,82.0,785492,52580,79.67,32,Reviews_ASC
19,Action,440,Team Fortress 2,80-090,89.0,734803,13686,88.61,12,Reviews_ASC
19,Action,553850,HELLDIVERS™ 2,80-090,80.0,627021,18482,50.68,42,Reviews_ASC
19,Action,252490,Rust,80-090,86.0,522852,9328,77.28,35,Reviews_ASC
19,Action,1091500,Cyberpunk 2077,80-090,88.0,375771,24685,77.39,47,Reviews_ASC
19,Action,346110,ARK: Survival Evolved,80-090,80.0,254608,20738,80.25,99,Reviews_ASC
19,Action,1808500,ARC Raiders,80-090,83.0,192697,3994,81.3,27,Reviews_ASC
19,Action,377160,Fallout 4,80-090,81.0,181780,6802,76.52,357,Reviews_ASC
19,Action,275850,No Man's Sky,80-090,81.0,181292,3072,75.94,62,Reviews_ASC
19,Action,218620,PAYDAY 2,80-090,87.0,174497,8578,80.4,207,Reviews_ASC
19,Action,2073850,THE FINALS,80-090,80.0,152716,4979,64.63,158,Reviews_ASC
19,Action,1172620,Sea of Thieves: 2026 Edition,80-090,88.0,145725,3333,82.96,96,Reviews_ASC
19,Action,251570,7 Days to Die,80-090,85.0,124444,3864,86.18,183,Reviews_ASC
19,Action,1326470,Sons Of The Forest,80-090,88.0,114209,3730,74.48,30,Reviews_ASC
19,Action,261550,Mount & Blade II: Bannerlord,80-090,87.0,96995,4876,82.83,115,Reviews_ASC
19,Action,2183900,"Warhammer 40,000: Space Marine 2",80-090,86.0,92178,3352,77.42,66,Reviews_ASC
19,Action,1551360,Forza Horizon 5,80-090,88.0,90925,5379,88.1,46,Reviews_ASC
19,Action,393380,Squad,80-090,84.0,82675,1117,75.65,336,Reviews_ASC
19,Action,1172380,STAR WARS Jedi: Fallen Order™,80-090,88.0,82495,2898,86.68,483,_ASC
19,Action,306130,The Elder Scrolls® Online,80-090,81.0,73878,1069,72.4,232,Reviews_ASC
19,Action,2622380,ELDEN RING NIGHTREIGN,80-090,87.0,73153,4237,76.23,105,Reviews_ASC
19,Action,12210,Grand Theft Auto IV: The Complete Edition,80-090,81.0,70270,2491,74.79,279,Reviews_ASC
19,Action,552520,Far Cry® 5,80-090,80.0,68990,3160,59.4,551,Reviews_ASC
19,Action,244850,Space Engineers,80-090,89.0,67385,527,85.58,544,Reviews_ASC
19,Action,3240220,Grand Theft Auto V Enhanced,80-090,80.0,62706,3536,82.32,9,Reviews_ASC
19,Action,379430,Kingdom Come: Deliverance,80-090,83.0,62400,4275,86.46,197,Reviews_ASC
19,Action,686810,Hell Let Loose,80-090,83.0,61792,1006,73.46,266,Reviews_ASC
19,Action,3564740,Where Winds Meet,80-090,86.0,61663,3069,87.16,11,Reviews_ASC
19,Action,1721470,Poppy Playtime,80-090,88.0,60781,5288,78.88,241,Reviews_ASC
19,Action,397540,Borderlands 3,80-090,81.0,59803,2552,79.86,467,Reviews_ASC
19,Action,581320,Insurgency: Sandstorm,80-090,86.0,59460,1673,73.46,543,Reviews_ASC
19,Action,899770,Last Epoch,80-090,80.0,59423,2979,75.09,222,Reviews_ASC
19,Action,3321460,Crimson Desert,80-090,86.0,57390,13793,81.48,4,Reviews_ASC
19,Action,848450,Subnautica: Below Zero,80-090,89.0,54786,1572,81.36,190,Reviews_ASC
19,Action,1604030,V Rising,80-090,89.0,54290,3075,89.3,152,Reviews_ASC
19,Action,1151640,Horizon Zero Dawn™ Complete Edition,80-090,89.0,51599,3101,77.59,848,Reviews_ASC
19,Action,1222680,Need for Speed™ Heat,80-090,84.0,50722,1564,75.45,719,Reviews_ASC
19,Action,552990,World of Warships,80-090,80.0,48788,2542,81.24,57,_ASC
19,Action,1203620,Enshrouded,80-090,87.0,47325,2127,77.86,88,Reviews_ASC
19,Action,1238840,Battlefield™ 1,80-090,86.0,44788,3026,86.88,387,Reviews_ASC
19,Action,232090,Killing Floor 2,80-090,88.0,42046,2766,87.49,677,Reviews_ASC
19,Action,240720,Getting Over It with Bennett Foddy,80-090,84.0,41107,3906,75.17,597,Reviews_ASC
19,Action,305620,The Long Dark,80-090,87.0,40361,3849,87.53,436,Reviews_ASC
19,Action,1943950,Escape the Backrooms,80-090,89.0,38304,2704,86.02,13,Reviews_ASC
19,Action,460930,Tom Clancy's Ghost Recon® Wildlands,80-090,80.0,37461,2427,74.7,520,Reviews_ASC
19,Action,582160,Assassin's Creed® Origins,80-090,84.0,36293,3869,85.84,531,Reviews_ASC
19,Action,356190,Middle-earth™: Shadow of War™,80-090,88.0,36122,1798,74.25,494,Reviews_ASC
19,Action,335300,DARK SOULS™ II: Scholar of the First Sin,80-090,83.0,34217,3173,81.94,495,Reviews_ASC
19,Action,412020,Metro Exodus,80-090,87.0,34014,1524,73.16,251,Reviews_ASC
19,Action,1446780,MONSTER HUNTER RISE,80-090,87.0,33783,6237,88.62,98,Reviews_ASC
19,Action,588430,Fallout Shelter,80-090,85.0,32586,569,82.6,949,Reviews_ASC
19,Action,214950,Total War: ROME II - Emperor Edition,80-090,85.0,31774,762,89.9,444,Reviews_ASC
19,Action,105600,Terraria,90-100,97.0,592878,17745,96.0,69,Reviews_DESC
19,Action,4000,Garry's Mod,90-100,97.0,529043,11427,93.48,199,Reviews_DESC
19,Action,1245620,ELDEN RING,90-100,94.0,428811,27569,91.36,41,Reviews_ASC
19,Action,945360,Among Us,90-100,92.0,373746,10071,82.35,277,Reviews_ASC
19,Action,739630,Phasmophobia,90-100,94.0,355939,5815,92.19,116,Reviews_ASC
19,Action,1174180,Red Dead Redemption 2,90-100,91.0,300143,18777,91.47,94,Reviews_ASC
19,Action,230410,Warframe,90-100,91.0,294445,11133,88.23,18,Reviews_ASC
19,Action,322170,Geometry Dash,90-100,93.0,280064,6878,88.78,176,Reviews_ASC
19,Action,1966720,Lethal Company,90-100,97.0,275332,10760,95.7,71,Reviews_ASC
19,Action,892970,Valheim,90-100,94.0,255518,7593,92.6,128,Reviews_ASC
19,Action,292030,The Witcher 3: Wild Hunt,90-100,96.0,236172,16690,94.33,201,Reviews_DESC
19,Action,550,Left 4 Dead 2,90-100,97.0,228023,16450,95.37,70,Reviews_DESC
19,Action,960090,Bloons TD 6,90-100,97.0,226307,1851,95.52,74,Reviews_DESC
19,Action,304930,Unturned,90-100,90.0,220816,4945,84.97,926,_ASC
19,Action,284160,BeamNG.drive,90-100,97.0,200182,1903,93.59,181,Reviews_ASC
19,Action,3164500,Schedule I,90-100,97.0,192032,508,94.29,77,Reviews_DESC
19,Action,264710,Subnautica,90-100,96.0,185058,5772,93.97,70,Reviews_ASC
19,Action,367520,Hollow Knight,90-100,97.0,178177,12550,95.58,202,Reviews_DESC
19,Action,242760,The Forest,90-100,95.0,175911,9315,91.74,387,Reviews_DESC
19,Action,1118200,People Playground,90-100,98.0,174055,1269,97.48,13,Reviews_DESC
19,Action,620,Portal 2,90-100,98.0,170722,8803,98.19,12,Reviews_DESC
19,Action,548430,Deep Rock Galactic,90-100,97.0,169913,3442,95.82,76,Reviews_DESC
19,Action,22380,Fallout: New Vegas,90-100,96.0,167771,2511,92.35,394,Reviews_DESC
19,Action,976730,Halo: The Master Chief Collection,90-100,91.0,162028,1468,86.17,474,Reviews_ASC
19,Action,632360,Risk of Rain 2,90-100,95.0,161210,4302,90.1,109,Reviews_ASC
19,Action,1623730,Palworld,90-100,95.0,151351,21804,95.06,16,Reviews_ASC
19,Action,250900,The Binding of Isaac: Rebirth,90-100,97.0,145158,11816,96.45,73,Reviews_DESC
19,Action,1229490,ULTRAKILL,90-100,97.0,144098,727,98.49,78,Reviews_DESC
19,Action,990080,Hogwarts Legacy,90-100,91.0,141379,6591,84.34,81,Reviews_ASC
19,Action,1030300,Hollow Knight: Silksong,90-100,93.0,140930,6646,83.89,259,Reviews_ASC
19,Action,1145360,Hades,90-100,98.0,140601,6799,96.9,248,Reviews_ASC
19,Action,3241660,R.E.P.O.,90-100,96.0,131102,4703,96.17,23,_ASC
19,Action,3527290,PEAK,90-100,95.0,129093,4689,94.01,33,Reviews_ASC
19,Action,648800,Raft,90-100,93.0,128631,10557,90.68,59,Reviews_ASC
19,Action,489830,The Elder Scrolls V: Skyrim Special Edition,90-100,94.0,126987,5486,87.42,169,Reviews_ASC
19,Action,1794680,Vampire Survivors,90-100,98.0,126607,15973,98.21,15,Reviews_DESC
19,Action,49520,Borderlands 2,90-100,90.0,122312,3920,87.53,886,Reviews_ASC
19,Action,394360,Hearts of Iron IV,90-100,91.0,121882,7428,88.41,51,Reviews_ASC
19,Action,782330,DOOM Eternal,90-100,91.0,120037,3405,91.51,515,Reviews_ASC
19,Action,582010,Monster Hunter: World,90-100,92.0,114286,34309,87.57,50,Reviews_ASC
19,Action,107410,Arma 3,90-100,91.0,110530,2893,81.23,425,Reviews_ASC
19,Action,374320,DARK SOULS™ III,90-100,94.0,106364,18130,93.89,196,Reviews_ASC
19,Action,2592160,Dispatch,90-100,97.0,103908,1132,96.2,81,Reviews_DESC
19,Action,1903340,Clair Obscur: Expedition 33,90-100,96.0,99098,5783,95.31,145,Reviews_ASC
19,Action,239140,Dying Light,90-100,94.0,97272,7149,91.43,306,Reviews_ASC
19,Action,1237970,Titanfall® 2,90-100,95.0,94457,3647,96.82,391,Reviews_DESC
19,Action,220,Half-Life 2,90-100,97.0,89077,2813,94.95,79,Reviews_DESC
19,Action,814380,Sekiro™: Shadows Die Twice - GOTY Edition,90-100,93.0,86127,10754,95.07,224,Reviews_ASC
19,Action,379720,DOOM,90-100,95.0,83739,3444,94.4,398,Reviews_DESC
19,Action,508440,Totally Accurate Battle Simulator,90-100,98.0,82957,3034,95.85,327,Reviews_ASC
19,Action,400,Portal,90-100,98.0,82057,4481,97.99,16,Reviews_DESC
19,Action,322330,Don't Starve Together,90-100,95.0,80911,12831,93.41,87,Reviews_ASC
19,Action,1332010,Stray,90-100,97.0,77812,2150,95.53,313,_ASC
19,Action,319630,Life is Strange - Episode 1,90-100,95.0,75826,2439,95.0,205,Reviews_DESC
19,Action,2358720,Black Myth: Wukong,90-100,93.0,69263,3465,89.12,129,Reviews_ASC
19,Action,2050650,Resident Evil 4,90-100,96.0,65681,4704,98.07,8,Reviews_ASC
19,Action,714010,Aimlabs,90-100,90.0,65574,1870,93.26,301,Reviews_ASC
19,Action,433340,Slime Rancher,90-100,98.0,64784,2647,94.79,17,Reviews_DESC
597,Casual,2357570,Overwatch®,30-040,39.0,158544,5681,47.53,16,Reviews_ASC
597,Casual,1367080,MOBILE SUIT GUNDAM BATTLE OPERATION 2,30-040,34.0,6815,1116,30.56,95,Reviews_ASC
597,Casual,2584990,Shadowverse: Worlds Beyond,30-040,37.0,6428,1624,22.11,104,Reviews_ASC
597,Casual,1517290,Battlefield™ 2042,40-050,46.0,106419,6539,44.75,356,Reviews_ASC
597,Casual,285190,"Warhammer 40,000: Dawn of War III",40-050,47.0,7765,570,32.98,807,_ASC
597,Casual,393080,Call of Duty®: Modern Warfare® Remastered (2017),40-050,42.0,6224,932,64.91,114,_ASC
597,Casual,3678970,TBH: Task Bar Hero,40-050,43.0,2127,1120,24.02,36,_ASC
597,Casual,949230,Cities: Skylines II,50-060,56.0,33272,1923,55.95,21,Reviews_ASC
597,Casual,1778820,TEKKEN 8,50-060,57.0,26468,10176,36.53,5,Reviews_ASC
597,Casual,4025700,Heartopia,50-060,58.0,7238,858,76.69,2,Reviews_ASC
597,Casual,1997040,MARVEL SNAP,60-070,67.0,19847,1219,77.52,200,Reviews_ASC
597,Casual,985810,GrandChase,60-070,64.0,5228,2578,45.58,10,Reviews_ASC
597,Casual,1352080,SMASH LEGENDS,60-070,66.0,2926,1227,56.64,653,Reviews_ASC
597,Casual,291550,Brawlhalla,70-080,78.0,175351,2111,79.11,142,Reviews_ASC
597,Casual,438100,VRChat,70-080,71.0,174266,7207,77.94,8,Reviews_ASC
597,Casual,2456740,inZOI,70-080,78.0,13294,1550,72.06,25,Reviews_ASC
597,Casual,1282270,Strinova,70-080,77.0,10901,778,57.07,48,Reviews_ASC
597,Casual,766570,Russian Fishing 4,70-080,79.0,7351,1101,84.29,46,Reviews_ASC
597,Casual,2695940,PANICORE,70-080,75.0,4326,507,77.91,114,Reviews_ASC
597,Casual,677160,We Were Here Too,70-080,78.0,3566,702,88.32,228,Reviews_ASC
597,Casual,2827200,MIMESIS,70-080,79.0,1875,764,89.53,23,Reviews_ASC
597,Casual,1222670,The Sims™ 4,80-090,87.0,104284,2687,86.38,18,Reviews_ASC
597,Casual,240720,Getting Over It with Bennett Foddy,80-090,84.0,41107,3906,75.17,263,Reviews_ASC
597,Casual,1943950,Escape the Backrooms,80-090,89.0,38304,2704,86.02,3,Reviews_ASC
597,Casual,233450,Prison Architect,80-090,88.0,33865,1197,86.97,401,Reviews_ASC
597,Casual,588430,Fallout Shelter,80-090,85.0,32586,569,82.6,475,Reviews_ASC
597,Casual,3949040,RV There Yet?,80-090,89.0,28805,720,85.14,17,Reviews_ASC
597,Casual,285900,Gang Beasts,80-090,85.0,25073,2224,68.44,27,Reviews_ASC
597,Casual,648350,Jurassic World Evolution,80-090,86.0,23329,1215,81.56,755,Reviews_ASC
597,Casual,47890,The Sims™ 3,80-090,86.0,20405,665,82.86,121,Reviews_ASC
597,Casual,601510,Yu-Gi-Oh! Duel Links,80-090,81.0,20339,1366,74.6,87,Reviews_ASC
597,Casual,454650,DRAGON BALL XENOVERSE 2,80-090,89.0,18672,632,78.96,213,Reviews_ASC
597,Casual,1260320,Party Animals,80-090,89.0,16754,2559,91.01,35,Reviews_ASC
597,Casual,3097560,Liar's Bar,80-090,89.0,14993,588,89.29,54,Reviews_ASC
597,Casual,880940,Pummel Party,80-090,87.0,14337,1007,88.68,29,Reviews_ASC
597,Casual,1158160,Coral Island,80-090,89.0,13612,662,81.12,166,Reviews_ASC
597,Casual,751780,Forager,80-090,88.0,13361,2797,84.84,246,Reviews_ASC
597,Casual,2141730,Backrooms: Escape Together,80-090,89.0,12305,1134,85.63,4,_ASC
597,Casual,1296610,Peglin,80-090,88.0,10117,733,72.85,226,Reviews_ASC
597,Casual,210970,The Witness,80-090,82.0,8807,538,83.09,271,_ASC
597,Casual,921570,OCTOPATH TRAVELER™,80-090,86.0,4942,1008,80.56,203,Reviews_ASC
597,Casual,865360,We Were Here Together,80-090,82.0,4891,1335,82.1,191,Reviews_ASC
597,Casual,374040,Portal Knights,80-090,83.0,4799,726,69.56,821,Reviews_ASC
597,Casual,960170,DJMAX RESPECT V,80-090,87.0,4147,20390,92.08,19,Reviews_ASC
597,Casual,1970580,Backpack Hero,80-090,87.0,4058,669,87.14,464,Reviews_ASC
597,Casual,384180,Prominence Poker,80-090,81.0,4000,1911,90.63,363,Reviews_ASC
597,Casual,4000,Garry's Mod,90-100,97.0,529043,11427,93.48,99,Reviews_ASC
597,Casual,413150,Stardew Valley,90-100,98.0,387065,35251,98.07,6,Reviews_ASC
597,Casual,945360,Among Us,90-100,92.0,373746,10071,82.35,101,Reviews_ASC
597,Casual,322170,Geometry Dash,90-100,93.0,280064,6878,88.78,57,_ASC
597,Casual,960090,Bloons TD 6,90-100,97.0,226304,1851,95.52,103,Reviews_ASC
597,Casual,304930,Unturned,90-100,90.0,220816,4945,84.97,474,Reviews_ASC
597,Casual,1118200,People Playground,90-100,98.0,174055,1269,97.48,39,Reviews_DESC
597,Casual,227300,Euro Truck Simulator 2,90-100,97.0,141728,11806,96.44,13,_ASC
597,Casual,698780,Doki Doki Literature Club!,90-100,96.0,127539,4786,94.88,331,Reviews_DESC
597,Casual,1794680,Vampire Survivors,90-100,98.0,126607,15973,98.21,81,Reviews_ASC
597,Casual,2379780,Balatro,90-100,98.0,101153,2339,97.56,90,Reviews_ASC
597,Casual,255710,Cities: Skylines,90-100,92.0,99687,6551,93.38,52,Reviews_ASC
597,Casual,270880,American Truck Simulator,90-100,97.0,92645,1419,96.05,47,Reviews_ASC
597,Casual,319630,Life is Strange - Episode 1,90-100,95.0,75826,2439,95.0,227,Reviews_ASC
597,Casual,646570,Slay the Spire,90-100,97.0,75260,10097,98.2,83,Reviews_ASC
597,Casual,714010,Aimlabs,90-100,90.0,65574,1870,93.26,107,Reviews_ASC
597,Casual,433340,Slime Rancher,90-100,98.0,64784,2647,94.79,41,Reviews_DESC
597,Casual,1962700,Subnautica 2,90-100,93.0,63643,1266,56.95,1,Reviews_ASC
597,Casual,3405340,Megabonk,90-100,94.0,55986,852,89.2,176,Reviews_ASC
597,Casual,620980,Beat Saber,90-100,95.0,52937,1459,95.82,174,_ASC
597,Casual,1454400,Cookie Clicker,90-100,96.0,52931,609,95.73,337,Reviews_DESC
597,Casual,674940,Stick Fight: The Game,90-100,94.0,52484,858,91.03,319,Reviews_ASC
597,Casual,1868140,DAVE THE DIVER,90-100,96.0,48306,11588,97.19,37,Reviews_ASC
597,Casual,613100,House Flipper,90-100,94.0,45379,3090,91.1,78,Reviews_ASC
597,Casual,204360,Castle Crashers®,90-100,97.0,45049,1486,90.58,282,Reviews_ASC
597,Casual,3590,Plants vs. Zombies GOTY Edition,90-100,98.0,42108,886,92.21,147,Reviews_DESC
597,Casual,703080,Planet Zoo,90-100,91.0,41866,1596,84.15,74,Reviews_ASC
597,Casual,239030,"Papers, Please",90-100,97.0,39089,1813,95.2,149,Reviews_DESC
597,Casual,1290000,PowerWash Simulator,90-100,97.0,38119,2304,94.18,49,Reviews_ASC
597,Casual,17390,SPORE™,90-100,92.0,37716,659,81.03,324,Reviews_ASC
597,Casual,2670630,Supermarket Simulator,90-100,92.0,33554,859,86.15,80,Reviews_ASC
597,Casual,2709570,Supermarket Together,90-100,94.0,33003,1170,93.16,523,Reviews_ASC
597,Casual,1384160,GUILTY GEAR -STRIVE-,90-100,91.0,32290,2703,81.91,50,Reviews_ASC
597,Casual,420530,OneShot,90-100,98.0,31649,2975,97.11,418,Reviews_ASC
597,Casual,286160,Tabletop Simulator,90-100,96.0,31318,2562,95.12,33,Reviews_ASC
597,Casual,493340,Planet Coaster,90-100,90.0,31110,2065,90.07,304,_ASC
597,Casual,1942280,Brotato,90-100,96.0,30877,2525,96.4,112,Reviews_ASC
597,Casual,477160,Human Fall Flat,90-100,95.0,30557,10823,93.94,51,Reviews_ASC
597,Casual,774171,Muse Dash,90-100,94.0,29328,5725,96.07,170,Reviews_ASC
597,Casual,683320,GRIS,90-100,95.0,26855,2022,91.44,338,Reviews_DESC
597,Casual,3419430,Bongo Cat,90-100,96.0,26397,1248,97.68,336,Reviews_DESC
597,Casual,2420510,HoloCure - Save the Fans!,90-100,99.0,26226,895,99.11,1,Reviews_DESC
597,Casual,246620,Plague Inc: Evolved,90-100,93.0,25933,1063,92.47,53,Reviews_ASC
597,Casual,238460,BattleBlock Theater®,90-100,97.0,23507,936,93.06,151,Reviews_DESC
597,Casual,1657630,Slime Rancher 2,90-100,94.0,23229,588,80.95,94,Reviews_ASC
597,Casual,1135690,Unpacking,90-100,93.0,22448,1200,93.0,130,Reviews_ASC
597,Casual,274190,Broforce,90-100,96.0,20458,561,92.87,152,Reviews_DESC
597,Casual,1244460,Jurassic World Evolution 2,90-100,90.0,20008,1047,84.15,250,Reviews_ASC
597,Casual,2567870,Chained Together,90-100,91.0,19830,2492,88.12,22,Reviews_ASC
597,Casual,621060,PC Building Simulator,90-100,94.0,19660,1225,91.27,552,Reviews_ASC
21,Adventure,1517290,Battlefield™ 2042,40-050,46.0,106419,6539,44.75,639,Reviews_ASC
21,Adventure,1716740,Starfield,50-060,57.0,84995,1877,32.34,297,Reviews_ASC
21,Adventure,3679080,The Seven Deadly Sins: Origin,50-060,58.0,3979,783,55.17,16,Reviews_ASC
21,Adventure,1240440,Halo Infinite,60-070,68.0,138604,709,67.14,458,Reviews_ASC
21,Adventure,2246340,Monster Hunter Wilds,60-070,69.0,81918,17673,55.2,7,Reviews_ASC
21,Adventure,2399830,ARK: Survival Ascended,60-070,60.0,54836,906,51.88,60,Reviews_ASC
21,Adventure,2074920,The First Descendant,60-070,64.0,50413,7060,48.5,25,Reviews_ASC
21,Adventure,1774580,STAR WARS Jedi: Survivor™,60-070,69.0,49201,1069,69.78,351,Reviews_ASC
21,Adventure,2054970,Dragon's Dogma 2,60-070,67.0,43440,3189,54.28,330,Reviews_ASC
21,Adventure,1285190,Borderlands 4,60-070,61.0,41518,1316,57.75,78,Reviews_ASC
21,Adventure,680420,OUTRIDERS,60-070,68.0,30525,822,54.62,778,Reviews_ASC
21,Adventure,2524890,Pixel Gun 3D: PC Edition,60-070,62.0,22986,736,63.99,153,Reviews_ASC
21,Adventure,360430,Mafia III: Definitive Edition,60-070,60.0,16139,748,45.99,568,Reviews_ASC
21,Adventure,269210,Hero Siege,60-070,60.0,12727,2030,69.66,194,Reviews_ASC
21,Adventure,2369390,Far Cry® 6,60-070,67.0,12541,655,61.07,640,Reviews_ASC
21,Adventure,292730,Call of Duty®: Infinite Warfare,60-070,62.0,9434,843,52.08,660,Reviews_ASC
21,Adventure,1974050,Torchlight: Infinite,60-070,62.0,7976,1810,86.8,65,_ASC
21,Adventure,1254120,Bless Unleashed,60-070,63.0,7395,1938,70.64,561,Reviews_ASC
21,Adventure,2668080,Snowbreak: Containment Zone,60-070,64.0,4509,654,73.55,580,Reviews_ASC
21,Adventure,1635450,Longvinter,60-070,62.0,1812,3898,71.34,246,Reviews_ASC
21,Adventure,4214820,Game of Thrones Kingsroad,60-070,65.0,359,553,82.28,95,Reviews_ASC
21,Adventure,1085660,Destiny 2,70-080,78.0,380893,14452,73.91,71,Reviews_ASC
21,Adventure,221100,DayZ,70-080,74.0,176197,2936,52.96,267,Reviews_ASC
21,Adventure,438100,VRChat,70-080,71.0,174267,7208,77.94,26,Reviews_ASC
21,Adventure,2139460,Once Human,70-080,79.0,83868,7281,85.14,9,Reviews_ASC
21,Adventure,534380,Dying Light 2 Stay Human: Reloaded Edition,70-080,78.0,67747,3323,71.08,304,Reviews_ASC
21,Adventure,376210,The Isle,70-080,77.0,58027,1159,78.08,227,Reviews_ASC
21,Adventure,1250410,Microsoft Flight Simulator (2020) 40th Anniversary Edition,70-080,78.0,43731,1186,78.75,258,Reviews_ASC
21,Adventure,304050,Trove,70-080,76.0,42294,852,74.65,740,_ASC
21,Adventure,440900,Conan Exiles Enhanced,70-080,79.0,38876,992,74.5,156,Reviews_ASC
21,Adventure,1149460,ICARUS,70-080,76.0,29615,1025,60.88,220,Reviews_ASC
21,Adventure,2073620,Arena Breakout: Infinite,70-080,75.0,25639,528,73.11,64,Reviews_ASC
21,Adventure,289650,Assassin's Creed® Unity,70-080,75.0,25437,2527,63.59,558,Reviews_ASC
21,Adventure,550650,Black Squad,70-080,70.0,25422,3742,73.49,415,Reviews_ASC
21,Adventure,924970,Back 4 Blood,70-080,72.0,25215,2953,53.81,976,Reviews_ASC
21,Adventure,2943650,FragPunk,70-080,75.0,23563,732,73.5,313,Reviews_ASC
21,Adventure,313120,Stranded Deep,70-080,74.0,23355,514,66.93,388,Reviews_ASC
21,Adventure,8500,EVE Online,70-080,72.0,22843,1597,76.83,255,Reviews_ASC
21,Adventure,2231380,Tom Clancy's Ghost Recon® Breakpoint,70-080,72.0,18442,849,57.48,308,Reviews_ASC
21,Adventure,2221490,Tom Clancy’s The Division® 2,70-080,79.0,16570,1303,68.15,80,Reviews_ASC
21,Adventure,794260,Outward Definitive Edition,70-080,73.0,15483,927,69.69,679,Reviews_ASC
21,Adventure,221040,Resident Evil 6,70-080,72.0,15222,1065,77.0,208,Reviews_ASC
21,Adventure,3159330,Assassin’s Creed Shadows,70-080,77.0,15029,1215,76.21,35,Reviews_ASC
21,Adventure,668580,Atomic Heart,70-080,78.0,13185,566,70.14,181,_ASC
21,Adventure,1987080,Inside the Backrooms,70-080,79.0,10175,931,74.76,399,Reviews_ASC
21,Adventure,368500,Assassin's Creed® Syndicate,70-080,78.0,10009,1208,78.06,392,Reviews_ASC
21,Adventure,934700,Dead Island 2,70-080,76.0,9522,550,74.55,113,Reviews_ASC
21,Adventure,766570,Russian Fishing 4,70-080,79.0,7351,1101,84.29,104,Reviews_ASC
21,Adventure,287290,Resident Evil Revelations 2,70-080,75.0,6600,604,80.13,410,Reviews_ASC
21,Adventure,1676840,For The King II,70-080,79.0,5260,582,59.45,149,Reviews_ASC
21,Adventure,252490,Rust,80-090,86.0,522852,9328,77.28,21,Reviews_ASC
21,Adventure,1091500,Cyberpunk 2077,80-090,88.0,375771,24685,77.39,30,Reviews_ASC
21,Adventure,346110,ARK: Survival Evolved,80-090,80.0,254608,20738,80.25,69,Reviews_ASC
21,Adventure,377160,Fallout 4,80-090,81.0,181780,6802,76.52,263,Reviews_ASC
21,Adventure,275850,No Man's Sky,80-090,81.0,181292,3072,75.94,39,Reviews_ASC
21,Adventure,1172620,Sea of Thieves: 2026 Edition,80-090,88.0,145725,3333,82.96,67,Reviews_ASC
21,Adventure,1326470,Sons Of The Forest,80-090,88.0,114211,3730,74.48,17,Reviews_ASC
21,Adventure,1222670,The Sims™ 4,80-090,87.0,104284,2687,86.38,46,Reviews_ASC
21,Adventure,261550,Mount & Blade II: Bannerlord,80-090,87.0,96995,4876,82.83,77,_ASC
21,Adventure,2183900,"Warhammer 40,000: Space Marine 2",80-090,86.0,92178,3352,77.42,45,Reviews_ASC
21,Adventure,1551360,Forza Horizon 5,80-090,88.0,90925,5379,88.1,28,Reviews_ASC
21,Adventure,1172380,STAR WARS Jedi: Fallen Order™,80-090,88.0,82495,2898,86.68,384,Reviews_ASC
21,Adventure,306130,The Elder Scrolls® Online,80-090,81.0,73878,1069,72.4,174,Reviews_ASC
21,Adventure,12210,Grand Theft Auto IV: The Complete Edition,80-090,81.0,70270,2491,74.79,201,_ASC
21,Adventure,552520,Far Cry® 5,80-090,80.0,68990,3160,59.4,451,Reviews_ASC
21,Adventure,3240220,Grand Theft Auto V Enhanced,80-090,80.0,62706,3536,82.32,5,Reviews_ASC
21,Adventure,379430,Kingdom Come: Deliverance,80-090,83.0,62400,4275,86.46,144,Reviews_ASC
21,Adventure,3564740,Where Winds Meet,80-090,86.0,61663,3069,87.16,4,Reviews_ASC
21,Adventure,1721470,Poppy Playtime,80-090,88.0,60781,5288,78.88,177,Reviews_ASC
21,Adventure,397540,Borderlands 3,80-090,81.0,59803,2552,79.86,378,Reviews_ASC
21,Adventure,899770,Last Epoch,80-090,80.0,59423,2979,75.09,165,Reviews_ASC
21,Adventure,3321460,Crimson Desert,80-090,86.0,57390,13793,81.48,3,Reviews_ASC
21,Adventure,848450,Subnautica: Below Zero,80-090,89.0,54786,1572,81.36,135,Reviews_ASC
21,Adventure,1604030,V Rising,80-090,89.0,54290,3075,89.3,102,Reviews_ASC
21,Adventure,1151640,Horizon Zero Dawn™ Complete Edition,80-090,89.0,51599,3101,77.59,727,Reviews_ASC
21,Adventure,1222680,Need for Speed™ Heat,80-090,84.0,50721,1564,75.45,604,Reviews_ASC
21,Adventure,1203620,Enshrouded,80-090,87.0,47325,2127,77.86,63,Reviews_ASC
21,Adventure,225540,Just Cause™ 3,80-090,86.0,45196,642,71.65,942,Reviews_ASC
21,Adventure,240720,Getting Over It with Bennett Foddy,80-090,84.0,41107,3906,75.17,501,Reviews_ASC
21,Adventure,305620,The Long Dark,80-090,87.0,40361,3849,87.53,320,Reviews_ASC
21,Adventure,1943950,Escape the Backrooms,80-090,89.0,38304,2704,86.02,8,Reviews_ASC
21,Adventure,460930,Tom Clancy's Ghost Recon® Wildlands,80-090,80.0,37461,2427,74.7,422,Reviews_ASC
21,Adventure,582160,Assassin's Creed® Origins,80-090,84.0,36293,3869,85.84,432,Reviews_ASC
21,Adventure,356190,Middle-earth™: Shadow of War™,80-090,88.0,36122,1798,74.25,397,Reviews_ASC
21,Adventure,335300,DARK SOULS™ II: Scholar of the First Sin,80-090,83.0,34217,3173,81.94,401,Reviews_ASC
21,Adventure,412020,Metro Exodus,80-090,87.0,34014,1524,73.16,189,Reviews_ASC
21,Adventure,588430,Fallout Shelter,80-090,85.0,32586,569,82.6,827,Reviews_ASC
21,Adventure,952060,Resident Evil 3,80-090,82.0,30897,2278,80.77,93,Reviews_ASC
21,Adventure,242050,Assassin’s Creed® IV Black Flag™,80-090,85.0,30426,1475,88.81,791,Reviews_ASC
21,Adventure,3949040,RV There Yet?,80-090,89.0,28805,720,85.14,42,Reviews_ASC
21,Adventure,1659040,HITMAN World of Assassination,80-090,87.0,28636,605,87.93,50,Reviews_ASC
21,Adventure,1030840,Mafia: Definitive Edition,80-090,87.0,28197,1524,73.75,352,Reviews_ASC
21,Adventure,1888930,The Last of Us™ Part I,80-090,83.0,27887,2007,77.73,196,Reviews_ASC
21,Adventure,286690,Metro 2033 Redux,80-090,88.0,27595,1459,83.69,553,Reviews_ASC
21,Adventure,1282100,REMNANT II®,80-090,85.0,26630,1662,81.17,365,Reviews_ASC
21,Adventure,815370,Green Hell,80-090,85.0,26219,1966,79.45,127,Reviews_ASC
21,Adventure,3008130,Dying Light: The Beast,80-090,88.0,25510,963,76.22,124,_ASC
21,Adventure,1222700,A Way Out,80-090,88.0,25439,2025,90.37,207,Reviews_ASC
21,Adventure,3513350,Wuthering Waves,80-090,89.0,25014,1690,90.89,13,Reviews_ASC
21,Adventure,447040,Watch_Dogs® 2,80-090,82.0,24663,1684,78.98,975,Reviews_ASC
21,Adventure,870780,CONTROL Ultimate Edition,80-090,88.0,24507,702,72.65,395,Reviews_ASC
21,Adventure,204100,Max Payne 3,80-090,85.0,24136,876,81.39,578,Reviews_ASC
21,Adventure,298110,Far Cry® 4,80-090,81.0,23827,1821,82.48,785,Reviews_ASC
21,Adventure,105600,Terraria,90-100,97.0,592878,17745,96.0,72,Reviews_ASC
21,Adventure,1086940,Baldur's Gate 3,90-100,96.0,442196,16268,97.13,23,Reviews_ASC
21,Adventure,1174180,Red Dead Redemption 2,90-100,91.0,300143,18777,91.47,65,Reviews_ASC
21,Adventure,1966720,Lethal Company,90-100,97.0,275332,10760,95.7,48,Reviews_ASC
21,Adventure,892970,Valheim,90-100,94.0,255518,7593,92.6,84,Reviews_ASC
21,Adventure,292030,The Witcher 3: Wild Hunt,90-100,96.0,236173,16690,94.33,151,Reviews_ASC
21,Adventure,550,Left 4 Dead 2,90-100,97.0,228028,16450,95.37,147,Reviews_DESC
21,Adventure,304930,Unturned,90-100,90.0,220816,4945,84.97,820,Reviews_ASC
21,Adventure,284160,BeamNG.drive,90-100,97.0,200182,1903,93.59,130,Reviews_ASC
21,Adventure,264710,Subnautica,90-100,96.0,185058,5772,93.97,47,Reviews_ASC
21,Adventure,367520,Hollow Knight,90-100,97.0,178177,12550,95.58,154,Reviews_ASC
21,Adventure,242760,The Forest,90-100,95.0,175910,9315,91.74,53,Reviews_ASC
21,Adventure,22380,Fallout: New Vegas,90-100,96.0,167771,2511,92.35,565,Reviews_DESC
21,Adventure,976730,Halo: The Master Chief Collection,90-100,91.0,162028,1468,86.17,374,_ASC
21,Adventure,1623730,Palworld,90-100,95.0,151351,21804,95.06,10,Reviews_ASC
21,Adventure,108600,Project Zomboid,90-100,94.0,149128,12072,88.27,34,Reviews_ASC
21,Adventure,227300,Euro Truck Simulator 2,90-100,97.0,141728,11806,96.44,40,Reviews_ASC
21,Adventure,990080,Hogwarts Legacy,90-100,91.0,141379,6591,84.34,52,Reviews_ASC
21,Adventure,1030300,Hollow Knight: Silksong,90-100,93.0,140930,6646,83.89,188,Reviews_ASC
21,Adventure,526870,Satisfactory,90-100,97.0,133630,3907,96.78,27,Reviews_ASC
21,Adventure,3527290,PEAK,90-100,95.0,129093,4689,94.01,19,Reviews_ASC
21,Adventure,648800,Raft,90-100,93.0,128631,10557,90.68,37,_ASC
21,Adventure,698780,Doki Doki Literature Club!,90-100,96.0,127539,4786,94.88,349,Reviews_DESC
21,Adventure,489830,The Elder Scrolls V: Skyrim Special Edition,90-100,94.0,126987,5486,87.42,120,Reviews_ASC
21,Adventure,49520,Borderlands 2,90-100,90.0,122312,3920,87.53,808,Reviews_ASC
21,Adventure,782330,DOOM Eternal,90-100,91.0,120037,3405,91.51,423,Reviews_ASC
21,Adventure,582010,Monster Hunter: World,90-100,92.0,114286,34309,87.57,31,Reviews_ASC
21,Adventure,374320,DARK SOULS™ III,90-100,94.0,106364,18130,93.89,143,Reviews_ASC
21,Adventure,2592160,Dispatch,90-100,97.0,103908,1132,96.2,126,Reviews_ASC
21,Adventure,1903340,Clair Obscur: Expedition 33,90-100,96.0,99098,5783,95.31,97,Reviews_ASC
21,Adventure,270880,American Truck Simulator,90-100,97.0,92645,1419,96.05,105,Reviews_ASC
21,Adventure,220,Half-Life 2,90-100,97.0,89077,2813,94.95,153,Reviews_DESC
21,Adventure,814380,Sekiro™: Shadows Die Twice - GOTY Edition,90-100,93.0,86127,10754,95.07,170,Reviews_ASC
21,Adventure,508440,Totally Accurate Battle Simulator,90-100,98.0,82957,3034,95.85,160,Reviews_DESC
21,Adventure,400,Portal,90-100,98.0,82057,4481,97.99,30,Reviews_DESC
21,Adventure,322330,Don't Starve Together,90-100,95.0,80911,12831,93.41,56,Reviews_ASC
21,Adventure,220200,Kerbal Space Program,90-100,96.0,80837,1073,95.62,231,Reviews_ASC
21,Adventure,1332010,Stray,90-100,97.0,77810,2150,95.53,157,Reviews_DESC
21,Adventure,319630,Life is Strange - Episode 1,90-100,95.0,75826,2439,95.0,351,Reviews_DESC
21,Adventure,1092790,Inscryption,90-100,96.0,75307,3617,94.42,337,Reviews_ASC
21,Adventure,2358720,Black Myth: Wukong,90-100,93.0,69263,3465,89.12,86,Reviews_ASC
21,Adventure,2050650,Resident Evil 4,90-100,96.0,65686,4704,98.07,6,Reviews_ASC
21,Adventure,433340,Slime Rancher,90-100,98.0,64784,2647,94.79,31,Reviews_DESC
21,Adventure,1771300,Kingdom Come: Deliverance II,90-100,92.0,64214,4024,93.94,22,Reviews_ASC
21,Adventure,1962700,Subnautica 2,90-100,93.0,63643,1266,56.95,2,Reviews_ASC
21,Adventure,546560,Half-Life: Alyx,90-100,98.0,60999,2297,98.87,32,Reviews_DESC
21,Adventure,813780,Age of Empires II: Definitive Edition,90-100,95.0,60559,2074,89.2,43,Reviews_ASC
21,Adventure,504230,Celeste,90-100,97.0,59469,1642,96.89,164,Reviews_DESC
21,Adventure,1593500,God of War,90-100,96.0,59147,3969,94.68,202,Reviews_ASC
21,Adventure,1313140,Cult of the Lamb,90-100,96.0,58757,2615,93.31,180,Reviews_ASC
21,Adventure,70,Half-Life,90-100,96.0,57747,1619,91.35,358,Reviews_DESC
21,Adventure,632470,Disco Elysium - The Final Cut,90-100,92.0,56287,1991,84.73,223,Reviews_ASC
21,Adventure,883710,Resident Evil 2,90-100,96.0,55851,4474,96.09,51,Reviews_ASC
21,Adventure,48700,Mount & Blade: Warband,90-100,97.0,54776,2370,97.09,162,Reviews_DESC
21,Adventure,1289310,Helltaker,90-100,97.0,53826,5384,98.33,163,Reviews_DESC
21,Adventure,1222140,Detroit: Become Human,90-100,95.0,53803,3761,93.62,236,Reviews_ASC
21,Adventure,361420,ASTRONEER,90-100,91.0,53468,4918,87.78,233,Reviews_ASC
21,Adventure,1817070,Marvel’s Spider-Man Remastered,90-100,96.0,53212,4220,95.19,161,Reviews_ASC
21,Adventure,203160,Tomb Raider Game of the Year,90-100,94.0,51911,5986,94.85,537,_ASC
599,Simulation,3551340,Football Manager 26,30-040,36.0,8549,1999,13.56,47,Reviews_ASC
599,Simulation,1665460,eFootball™,40-050,48.0,28575,1172,44.8,26,Reviews_ASC
599,Simulation,3405690,EA SPORTS FC™ 26,40-050,47.0,18980,672,31.4,33,Reviews_ASC
599,Simulation,949230,Cities: Skylines II,50-060,56.0,33272,1923,55.95,36,Reviews_ASC
599,Simulation,2669320,EA SPORTS FC™ 25,50-060,53.0,29859,1922,41.52,124,_ASC
599,Simulation,1295660,Sid Meier's Civilization VII,50-060,51.0,27876,1061,41.28,67,Reviews_ASC
599,Simulation,4025700,Heartopia,50-060,58.0,7238,858,76.69,4,Reviews_ASC
599,Simulation,578080,PUBG: BATTLEGROUNDS,60-070,66.0,446138,146847,71.5,2,Reviews_ASC
599,Simulation,1124300,HUMANKIND™,60-070,69.0,12214,700,57.14,582,Reviews_ASC
599,Simulation,3932890,Escape from Tarkov,60-070,60.0,10732,1548,34.24,9,Reviews_ASC
599,Simulation,1424800,Uncharted Waters IV HD Version,60-070,66.0,1881,523,69.22,350,Reviews_ASC
599,Simulation,363150,Romance of the Three Kingdoms XIII,60-070,68.0,879,1621,67.24,212,Reviews_ASC
599,Simulation,382140,SKYHILL,60-070,69.0,639,876,76.6,840,Reviews_ASC
599,Simulation,236390,War Thunder,70-080,73.0,312505,10221,67.57,10,Reviews_ASC
599,Simulation,221100,DayZ,70-080,74.0,176197,2936,52.96,204,Reviews_ASC
599,Simulation,438100,VRChat,70-080,71.0,174267,7208,77.94,15,_ASC
599,Simulation,2139460,Once Human,70-080,79.0,83868,7281,85.14,5,Reviews_ASC
599,Simulation,376210,The Isle,70-080,77.0,58027,1159,78.08,163,Reviews_ASC
599,Simulation,1449850,Yu-Gi-Oh! Master Duel,70-080,73.0,48122,8314,75.02,3,Reviews_ASC
599,Simulation,2479810,Gray Zone Warfare,70-080,74.0,45409,542,61.62,42,Reviews_ASC
599,Simulation,1250410,Microsoft Flight Simulator (2020) 40th Anniversary Edition,70-080,78.0,43731,1186,78.75,182,Reviews_ASC
599,Simulation,646910,The Crew™ 2,70-080,77.0,26928,2843,75.73,796,_ASC
599,Simulation,289650,Assassin's Creed® Unity,70-080,75.0,25437,2527,63.59,456,Reviews_ASC
599,Simulation,313120,Stranded Deep,70-080,74.0,23355,514,66.93,284,Reviews_ASC
599,Simulation,8500,EVE Online,70-080,72.0,22843,1597,76.83,189,Reviews_ASC
599,Simulation,529340,Victoria 3,70-080,70.0,20313,2174,76.63,56,Reviews_ASC
599,Simulation,2051620,Enlisted,70-080,78.0,18725,597,70.85,129,Reviews_ASC
599,Simulation,2456740,inZOI,70-080,78.0,13293,1550,72.06,41,Reviews_ASC
599,Simulation,3450310,Europa Universalis V,70-080,71.0,12851,514,60.89,185,_ASC
599,Simulation,916440,Anno 1800,70-080,78.0,11715,1167,86.2,94,Reviews_ASC
599,Simulation,1601580,Frostpunk 2,70-080,78.0,9325,810,58.52,197,Reviews_ASC
599,Simulation,766570,Russian Fishing 4,70-080,79.0,7351,1101,84.29,62,Reviews_ASC
599,Simulation,1468810,鬼谷八荒 Tale of Immortal,70-080,79.0,3723,1128,67.64,269,Reviews_ASC
599,Simulation,1377380,Night of the Dead,70-080,77.0,3157,1522,74.51,441,Reviews_ASC
599,Simulation,570,Dota 2,80-090,88.0,829305,5170,76.09,45,_ASC
599,Simulation,252490,Rust,80-090,86.0,522852,9328,77.28,14,Reviews_ASC
599,Simulation,275850,No Man's Sky,80-090,81.0,181292,3072,75.94,31,Reviews_ASC
599,Simulation,218620,PAYDAY 2,80-090,87.0,174497,8578,80.4,104,Reviews_ASC
599,Simulation,251570,7 Days to Die,80-090,85.0,124444,3864,86.18,82,Reviews_ASC
599,Simulation,1326470,Sons Of The Forest,80-090,88.0,114211,3730,74.48,8,Reviews_ASC
599,Simulation,289070,Sid Meier’s Civilization® VI,80-090,84.0,106347,12306,89.42,59,Reviews_ASC
599,Simulation,1222670,The Sims™ 4,80-090,87.0,104284,2687,86.38,35,Reviews_ASC
599,Simulation,261550,Mount & Blade II: Bannerlord,80-090,87.0,96995,4876,82.83,49,Reviews_ASC
599,Simulation,1551360,Forza Horizon 5,80-090,88.0,90925,5379,88.1,18,Reviews_ASC
599,Simulation,393380,Squad,80-090,84.0,82675,1117,75.65,187,Reviews_ASC
599,Simulation,281990,Stellaris,80-090,86.0,75684,2301,89.09,43,Reviews_ASC
599,Simulation,244850,Space Engineers,80-090,89.0,67385,527,85.58,319,Reviews_ASC
599,Simulation,686810,Hell Let Loose,80-090,83.0,61792,1006,73.46,134,Reviews_ASC
599,Simulation,581320,Insurgency: Sandstorm,80-090,86.0,59460,1673,73.46,335,Reviews_ASC
599,Simulation,552990,World of Warships,80-090,80.0,48788,2542,81.24,24,Reviews_ASC
599,Simulation,236850,Europa Universalis IV,80-090,87.0,47534,1542,87.29,138,Reviews_ASC
599,Simulation,305620,The Long Dark,80-090,87.0,40361,3849,87.53,248,Reviews_ASC
599,Simulation,1363080,Manor Lords,80-090,87.0,38670,1109,73.67,120,Reviews_ASC
599,Simulation,233450,Prison Architect,80-090,88.0,33865,1197,86.97,488,Reviews_ASC
599,Simulation,588430,Fallout Shelter,80-090,85.0,32586,569,82.6,590,Reviews_ASC
599,Simulation,214950,Total War: ROME II - Emperor Edition,80-090,85.0,31774,762,89.9,262,Reviews_ASC
599,Simulation,2483190,Forza Horizon 6,80-090,86.0,30151,1024,84.77,1,Reviews_ASC
599,Simulation,231430,Company of Heroes 2,80-090,84.0,28319,2255,75.48,450,Reviews_ASC
599,Simulation,815370,Green Hell,80-090,85.0,26219,1966,79.45,81,_ASC
599,Simulation,648350,Jurassic World Evolution,80-090,86.0,23329,1215,81.56,808,Reviews_ASC
599,Simulation,466560,Northgard: Definitive Edition,80-090,84.0,23091,867,76.82,400,Reviews_ASC
599,Simulation,223750,DCS World Steam Edition,80-090,84.0,22826,550,90.73,209,Reviews_ASC
599,Simulation,502500,ACE COMBAT™ 7: SKIES UNKNOWN,80-090,88.0,22354,2062,86.81,117,Reviews_ASC
599,Simulation,495420,State of Decay 2: Juggernaut Edition,80-090,86.0,21522,644,76.24,307,_ASC
599,Simulation,47890,The Sims™ 3,80-090,86.0,20405,665,82.86,164,Reviews_ASC
599,Simulation,601510,Yu-Gi-Oh! Duel Links,80-090,81.0,20339,1366,74.6,133,Reviews_ASC
599,Simulation,1129580,Medieval Dynasty,80-090,89.0,18851,696,82.76,203,Reviews_ASC
599,Simulation,364360,Total War: WARHAMMER,80-090,82.0,18128,1023,86.41,143,Reviews_ASC
599,Simulation,779340,Total War: THREE KINGDOMS,80-090,84.0,17264,5991,88.25,78,Reviews_ASC
599,Simulation,599140,Graveyard Keeper,80-090,84.0,17240,1197,72.01,279,Reviews_ASC
599,Simulation,3097560,Liar's Bar,80-090,89.0,14993,588,89.29,74,Reviews_ASC
599,Simulation,365360,Battle Brothers,80-090,89.0,14860,812,91.13,190,Reviews_ASC
599,Simulation,1158160,Coral Island,80-090,89.0,13612,662,81.12,231,Reviews_ASC
599,Simulation,751780,Forager,80-090,88.0,13361,2797,84.84,348,Reviews_ASC
599,Simulation,325610,Total War: ATTILA,80-090,80.0,13302,679,86.3,482,Reviews_ASC
599,Simulation,1432860,Sun Haven,80-090,83.0,13031,1368,66.08,153,Reviews_ASC
599,Simulation,429050,Feed and Grow: Fish,80-090,80.0,12566,1345,76.28,175,Reviews_ASC
599,Simulation,704850,Thief Simulator,80-090,88.0,11242,579,80.48,399,Reviews_ASC
599,Simulation,4000,Garry's Mod,90-100,97.0,529043,11427,93.48,136,Reviews_ASC
599,Simulation,413150,Stardew Valley,90-100,98.0,387065,35251,98.07,10,Reviews_DESC
599,Simulation,284160,BeamNG.drive,90-100,97.0,200182,1903,93.59,75,Reviews_ASC
599,Simulation,3164500,Schedule I,90-100,97.0,192032,508,94.29,121,Reviews_ASC
599,Simulation,242760,The Forest,90-100,95.0,175910,9315,91.74,37,Reviews_ASC
599,Simulation,1118200,People Playground,90-100,98.0,174055,1269,97.48,11,Reviews_DESC
599,Simulation,108600,Project Zomboid,90-100,94.0,149128,12072,88.27,23,Reviews_ASC
599,Simulation,227300,Euro Truck Simulator 2,90-100,97.0,141728,11806,96.44,27,_ASC
599,Simulation,526870,Satisfactory,90-100,97.0,133630,3907,96.78,16,Reviews_ASC
599,Simulation,648800,Raft,90-100,93.0,128631,10557,90.68,28,Reviews_ASC
599,Simulation,394360,Hearts of Iron IV,90-100,91.0,121882,7428,88.41,20,_ASC
599,Simulation,294100,RimWorld,90-100,97.0,117010,8057,98.09,17,Reviews_ASC
599,Simulation,427520,Factorio,90-100,98.0,115555,4050,98.35,50,Reviews_ASC
599,Simulation,107410,Arma 3,90-100,91.0,110530,2893,81.23,251,Reviews_ASC
599,Simulation,255710,Cities: Skylines,90-100,92.0,99687,6551,93.38,69,Reviews_ASC
599,Simulation,270880,American Truck Simulator,90-100,97.0,92645,1419,96.05,57,Reviews_DESC
599,Simulation,508440,Totally Accurate Battle Simulator,90-100,98.0,82957,3034,95.85,58,Reviews_DESC
599,Simulation,220200,Kerbal Space Program,90-100,96.0,80838,1073,95.62,251,Reviews_DESC
599,Simulation,8930,Sid Meier's Civilization® V,90-100,95.0,78310,8880,95.7,161,Reviews_ASC
599,Simulation,714010,Aimlabs,90-100,90.0,65574,1870,93.26,149,Reviews_ASC
599,Simulation,433340,Slime Rancher,90-100,98.0,64784,2647,94.79,228,Reviews_ASC
599,Simulation,518790,theHunter: Call of the Wild™,90-100,90.0,62317,2659,84.66,102,Reviews_ASC
599,Simulation,244210,Assetto Corsa,90-100,93.0,58914,1344,92.41,118,Reviews_ASC
599,Simulation,48700,Mount & Blade: Warband,90-100,97.0,54776,2370,97.09,59,Reviews_DESC
599,Simulation,361420,ASTRONEER,90-100,91.0,53468,4918,87.78,176,Reviews_ASC
599,Simulation,1454400,Cookie Clicker,90-100,96.0,52931,609,95.73,150,Reviews_DESC
599,Simulation,753640,Outer Wilds,90-100,95.0,50797,1382,92.26,152,Reviews_ASC
599,Simulation,594570,Total War: WARHAMMER II,90-100,93.0,50705,3500,94.69,99,Reviews_ASC
599,Simulation,1158310,Crusader Kings III,90-100,90.0,49071,3691,93.04,30,Reviews_ASC
599,Simulation,457140,Oxygen Not Included,90-100,95.0,48588,4759,95.59,105,Reviews_ASC
599,Simulation,1868140,DAVE THE DIVER,90-100,96.0,48306,11588,97.19,55,Reviews_ASC
599,Simulation,203770,Crusader Kings II,90-100,91.0,47695,1054,91.37,796,Reviews_ASC
599,Simulation,233860,Kenshi,90-100,95.0,47390,1562,89.63,107,Reviews_ASC
599,Simulation,212680,FTL: Faster Than Light,90-100,95.0,46406,1721,94.42,750,Reviews_ASC
599,Simulation,636480,Ravenfield,90-100,97.0,45711,975,96.31,151,Reviews_DESC
599,Simulation,613100,House Flipper,90-100,94.0,45379,3090,91.1,116,Reviews_ASC
599,Simulation,240,Counter-Strike: Source,90-100,96.0,44678,1728,91.03,146,Reviews_DESC
599,Simulation,703080,Planet Zoo,90-100,91.0,41866,1596,84.15,98,Reviews_ASC
599,Simulation,239030,"Papers, Please",90-100,97.0,39089,1813,95.2,62,Reviews_DESC
599,Simulation,323190,Frostpunk,90-100,92.0,38443,5186,94.56,147,Reviews_ASC
599,Simulation,1290000,PowerWash Simulator,90-100,97.0,38119,2304,94.18,68,Reviews_ASC
599,Simulation,17390,SPORE™,90-100,92.0,37716,659,81.03,433,Reviews_ASC
599,Simulation,516750,My Summer Car,90-100,93.0,36298,1080,89.91,378,Reviews_ASC
599,Simulation,2835570,Buckshot Roulette,90-100,96.0,34457,2137,94.29,103,Reviews_ASC
599,Simulation,2670630,Supermarket Simulator,90-100,92.0,33551,859,86.15,113,Reviews_ASC
599,Simulation,2709570,Supermarket Together,90-100,94.0,33006,1170,93.16,801,Reviews_DESC
599,Simulation,219740,Don't Starve,90-100,96.0,32906,1959,93.62,149,Reviews_DESC
599,Simulation,286160,Tabletop Simulator,90-100,96.0,31318,2562,95.12,51,Reviews_ASC
599,Simulation,1562430,DREDGE,90-100,96.0,31250,1055,94.41,218,Reviews_ASC
599,Simulation,493340,Planet Coaster,90-100,90.0,31110,2065,90.07,388,_ASC
599,Simulation,477160,Human Fall Flat,90-100,95.0,30557,10823,93.94,73,Reviews_ASC
122,RPG,2584990,Shadowverse: Worlds Beyond,30-040,37.0,6428,1624,22.11,160,Reviews_ASC
122,RPG,1272080,PAYDAY 3,40-050,43.0,31207,1284,32.48,169,Reviews_ASC
122,RPG,3678970,TBH: Task Bar Hero,40-050,43.0,2111,1120,24.02,53,Reviews_ASC
122,RPG,1716740,Starfield,50-060,57.0,84995,1877,32.34,225,Reviews_ASC
122,RPG,3679080,The Seven Deadly Sins: Origin,50-060,58.0,3979,783,55.17,10,Reviews_ASC
122,RPG,3308670,GIRLS' FRONTLINE 2: EXILIUM,50-060,52.0,1019,674,35.46,97,Reviews_ASC
122,RPG,2246340,Monster Hunter Wilds,60-070,69.0,81918,17673,55.2,3,Reviews_ASC
122,RPG,304390,FOR HONOR™,60-070,69.0,57478,4051,59.07,112,Reviews_ASC
122,RPG,2399830,ARK: Survival Ascended,60-070,60.0,54836,906,51.88,34,Reviews_ASC
122,RPG,2074920,The First Descendant,60-070,64.0,50413,7060,48.5,16,Reviews_ASC
122,RPG,1774580,STAR WARS Jedi: Survivor™,60-070,69.0,49201,1069,69.78,276,Reviews_ASC
122,RPG,2016590,Dark and Darker,60-070,66.0,46526,1494,53.88,136,Reviews_ASC
122,RPG,2054970,Dragon's Dogma 2,60-070,67.0,43440,3189,54.28,246,Reviews_ASC
122,RPG,1285190,Borderlands 4,60-070,61.0,41518,1316,57.75,45,Reviews_ASC
122,RPG,680420,OUTRIDERS,60-070,68.0,30525,822,54.62,520,Reviews_ASC
122,RPG,269210,Hero Siege,60-070,60.0,12727,2030,69.66,143,Reviews_ASC
122,RPG,1974050,Torchlight: Infinite,60-070,62.0,7976,1810,86.8,35,Reviews_ASC
122,RPG,1254120,Bless Unleashed,60-070,63.0,7395,1938,70.64,380,Reviews_ASC
122,RPG,2668080,Snowbreak: Containment Zone,60-070,64.0,4509,654,73.55,389,Reviews_ASC
122,RPG,1825750,Soulworker : Your Destiny Awaits,60-070,65.0,2669,2649,65.27,38,Reviews_ASC
122,RPG,1424800,Uncharted Waters IV HD Version,60-070,66.0,1881,523,69.22,343,Reviews_ASC
122,RPG,526160,The Wild Eight,60-070,68.0,1784,837,60.69,950,Reviews_ASC
122,RPG,2349820,Hero's Land,60-070,66.0,1457,2390,75.56,121,Reviews_ASC
122,RPG,363150,Romance of the Three Kingdoms XIII,60-070,68.0,879,1621,67.24,224,Reviews_ASC
122,RPG,382140,SKYHILL,60-070,69.0,639,876,76.6,772,_ASC
122,RPG,2139460,Once Human,70-080,79.0,83869,7281,85.14,5,Reviews_ASC
122,RPG,1361210,"Warhammer 40,000: Darktide",70-080,75.0,71950,1823,71.37,92,Reviews_ASC
122,RPG,376210,The Isle,70-080,77.0,58027,1159,78.08,185,_ASC
122,RPG,1151340,Fallout 76,70-080,75.0,45859,1831,68.6,75,Reviews_ASC
122,RPG,304050,Trove,70-080,76.0,42294,852,74.65,508,Reviews_ASC
122,RPG,1643320,S.T.A.L.K.E.R. 2: Heart of Chornobyl,70-080,76.0,41997,1792,60.6,171,Reviews_ASC
122,RPG,440900,Conan Exiles Enhanced,70-080,79.0,38876,992,74.5,114,Reviews_ASC
122,RPG,513710,SCUM,70-080,74.0,37577,911,51.37,257,Reviews_ASC
122,RPG,365590,Tom Clancy’s The Division™,70-080,73.0,27317,5036,67.89,703,Reviews_ASC
122,RPG,761890,Albion Online,70-080,74.0,26896,2117,81.96,127,Reviews_ASC
122,RPG,289650,Assassin's Creed® Unity,70-080,75.0,25437,2527,63.59,418,Reviews_ASC
122,RPG,2344520,Diablo® IV,70-080,74.0,19700,1582,70.23,9,Reviews_ASC
122,RPG,2221490,Tom Clancy’s The Division® 2,70-080,79.0,16570,1303,68.15,49,Reviews_ASC
122,RPG,794260,Outward Definitive Edition,70-080,73.0,15484,927,69.69,454,Reviews_ASC
122,RPG,3159330,Assassin’s Creed Shadows,70-080,77.0,15029,1215,76.21,26,Reviews_ASC
122,RPG,668580,Atomic Heart,70-080,78.0,13184,566,70.14,137,Reviews_ASC
122,RPG,2515020,FINAL FANTASY XVI,70-080,79.0,12182,1015,78.62,206,Reviews_ASC
122,RPG,1940340,Darkest Dungeon® II,70-080,76.0,11654,1059,71.67,159,Reviews_ASC
122,RPG,625960,Stoneshard,70-080,74.0,11235,1031,73.81,76,Reviews_ASC
122,RPG,1222690,Dragon Age™ Inquisition,70-080,75.0,10766,609,72.09,910,_ASC
122,RPG,368500,Assassin's Creed® Syndicate,70-080,78.0,10009,1209,78.0,322,_ASC
122,RPG,292120,FINAL FANTASY® XIII,70-080,75.0,9130,608,55.43,926,Reviews_ASC
122,RPG,766570,Russian Fishing 4,70-080,79.0,7351,1101,84.29,69,Reviews_ASC
122,RPG,835570,Conqueror's Blade,70-080,73.0,6715,2905,75.28,44,Reviews_ASC
122,RPG,265550,Dead Rising 3 Apocalypse Edition,70-080,75.0,5952,552,71.2,744,Reviews_ASC
122,RPG,1676840,For The King II,70-080,79.0,5260,582,59.45,108,Reviews_ASC
122,RPG,570,Dota 2,80-090,88.0,829305,5170,76.09,39,Reviews_ASC
122,RPG,1091500,Cyberpunk 2077,80-090,88.0,375771,24685,77.39,19,Reviews_ASC
122,RPG,346110,ARK: Survival Evolved,80-090,80.0,254608,20738,80.25,41,Reviews_ASC
122,RPG,377160,Fallout 4,80-090,81.0,181780,6802,76.52,200,Reviews_ASC
122,RPG,261550,Mount & Blade II: Bannerlord,80-090,87.0,96995,4876,82.83,46,Reviews_ASC
122,RPG,1172380,STAR WARS Jedi: Fallen Order™,80-090,88.0,82493,2898,86.68,287,Reviews_ASC
122,RPG,306130,The Elder Scrolls® Online,80-090,81.0,73878,1069,72.4,129,Reviews_ASC
122,RPG,2622380,ELDEN RING NIGHTREIGN,80-090,87.0,73153,4237,76.23,42,Reviews_ASC
122,RPG,379430,Kingdom Come: Deliverance,80-090,83.0,62401,4275,86.46,99,Reviews_ASC
122,RPG,397540,Borderlands 3,80-090,81.0,59803,2552,79.86,263,Reviews_ASC
122,RPG,899770,Last Epoch,80-090,80.0,59423,2979,75.09,118,Reviews_ASC
122,RPG,3321460,Crimson Desert,80-090,86.0,57390,13793,81.48,2,Reviews_ASC
122,RPG,211820,Starbound,80-090,88.0,51755,1846,83.32,770,Reviews_ASC
122,RPG,1151640,Horizon Zero Dawn™ Complete Edition,80-090,89.0,51599,3101,77.59,503,_ASC
122,RPG,218230,PlanetSide 2,80-090,81.0,47371,802,76.43,688,Reviews_ASC
122,RPG,1203620,Enshrouded,80-090,87.0,47325,2127,77.86,32,Reviews_ASC
122,RPG,225540,Just Cause™ 3,80-090,86.0,45201,642,71.65,721,_ASC
122,RPG,268500,XCOM® 2,80-090,85.0,44516,4048,87.85,271,Reviews_ASC
122,RPG,220240,Far Cry 3,80-090,84.0,42199,1943,87.91,776,Reviews_ASC
122,RPG,582160,Assassin's Creed® Origins,80-090,84.0,36293,3869,85.84,313,Reviews_ASC
122,RPG,356190,Middle-earth™: Shadow of War™,80-090,88.0,36122,1798,74.25,293,Reviews_ASC
122,RPG,335300,DARK SOULS™ II: Scholar of the First Sin,80-090,83.0,34217,3173,81.94,288,Reviews_ASC
122,RPG,1446780,MONSTER HUNTER RISE,80-090,87.0,33783,6237,88.62,37,Reviews_ASC
122,RPG,588430,Fallout Shelter,80-090,85.0,32587,569,82.6,579,_ASC
122,RPG,22370,Fallout 3: Game of the Year Edition,80-090,80.0,31185,585,81.88,866,Reviews_ASC
122,RPG,242050,Assassin’s Creed® IV Black Flag™,80-090,85.0,30426,1475,88.81,590,Reviews_ASC
122,RPG,2483190,Forza Horizon 6,80-090,86.0,30176,1024,84.77,1,Reviews_ASC
122,RPG,1282100,REMNANT II®,80-090,85.0,26630,1662,81.17,269,Reviews_ASC
122,RPG,1371980,No Rest for the Wicked,80-090,86.0,25955,2087,77.72,24,_ASC
122,RPG,20920,The Witcher 2: Assassins of Kings Enhanced Edition,80-090,88.0,25779,786,77.99,809,Reviews_ASC
122,RPG,3008130,Dying Light: The Beast,80-090,88.0,25510,963,76.22,90,_ASC
122,RPG,3513350,Wuthering Waves,80-090,89.0,25014,1690,90.89,8,Reviews_ASC
122,RPG,298110,Far Cry® 4,80-090,81.0,23827,1821,82.48,581,Reviews_ASC
122,RPG,367500,Dragon's Dogma: Dark Arisen,80-090,88.0,22035,815,86.87,528,Reviews_ASC
122,RPG,495420,State of Decay 2: Juggernaut Edition,80-090,86.0,21522,644,76.24,315,_ASC
122,RPG,47890,The Sims™ 3,80-090,86.0,20405,665,82.86,183,Reviews_ASC
122,RPG,601510,Yu-Gi-Oh! Duel Links,80-090,81.0,20339,1366,74.6,141,Reviews_ASC
122,RPG,678960,CODE VEIN,80-090,86.0,18973,1955,69.51,274,Reviews_ASC
122,RPG,1462040,FINAL FANTASY VII REMAKE INTERGRADE,80-090,87.0,18880,1055,84.27,70,Reviews_ASC
122,RPG,1129580,Medieval Dynasty,80-090,89.0,18851,696,82.76,205,Reviews_ASC
122,RPG,454650,DRAGON BALL XENOVERSE 2,80-090,89.0,18672,632,78.96,303,Reviews_ASC
122,RPG,364360,Total War: WARHAMMER,80-090,82.0,18128,1023,86.41,153,Reviews_ASC
122,RPG,637650,FINAL FANTASY XV WINDOWS EDITION,80-090,82.0,17629,1090,77.34,510,Reviews_ASC
122,RPG,599140,Graveyard Keeper,80-090,84.0,17240,1197,72.01,292,Reviews_ASC
122,RPG,236430,DARK SOULS™ II,80-090,84.0,15283,778,89.2,498,_ASC
122,RPG,2322010,God of War Ragnarök,80-090,89.0,15022,957,80.88,83,Reviews_ASC
122,RPG,105600,Terraria,90-100,97.0,592881,17745,96.0,43,_ASC
122,RPG,1086940,Baldur's Gate 3,90-100,96.0,442196,16268,97.13,12,Reviews_ASC
122,RPG,1245620,ELDEN RING,90-100,94.0,428815,27569,91.36,15,Reviews_ASC
122,RPG,413150,Stardew Valley,90-100,98.0,387065,35253,98.07,12,Reviews_DESC
122,RPG,230410,Warframe,90-100,91.0,294445,11133,88.23,7,Reviews_ASC
122,RPG,292030,The Witcher 3: Wild Hunt,90-100,96.0,236173,16690,94.33,106,Reviews_ASC
122,RPG,22380,Fallout: New Vegas,90-100,96.0,167772,2511,92.35,530,Reviews_ASC
122,RPG,391540,Undertale,90-100,96.0,157492,10350,96.59,135,Reviews_ASC
122,RPG,1623730,Palworld,90-100,95.0,151351,21804,95.06,6,Reviews_ASC
122,RPG,108600,Project Zomboid,90-100,94.0,149128,12072,88.27,23,Reviews_ASC
122,RPG,990080,Hogwarts Legacy,90-100,91.0,141379,6591,84.34,31,Reviews_ASC
122,RPG,1145360,Hades,90-100,98.0,140601,6799,96.9,13,Reviews_DESC
122,RPG,489830,The Elder Scrolls V: Skyrim Special Edition,90-100,94.0,126987,5486,87.42,82,Reviews_ASC
122,RPG,1794680,Vampire Survivors,90-100,98.0,126607,15973,98.21,14,Reviews_DESC
122,RPG,49520,Borderlands 2,90-100,90.0,122312,3920,87.53,531,Reviews_ASC
122,RPG,582010,Monster Hunter: World,90-100,92.0,114286,34309,87.57,21,Reviews_ASC
122,RPG,374320,DARK SOULS™ III,90-100,94.0,106364,18130,93.89,98,Reviews_ASC
122,RPG,1903340,Clair Obscur: Expedition 33,90-100,96.0,99098,5783,95.31,62,Reviews_ASC
122,RPG,814380,Sekiro™: Shadows Die Twice - GOTY Edition,90-100,93.0,86127,10754,95.07,131,Reviews_ASC
122,RPG,435150,Divinity: Original Sin 2 - Definitive Edition,90-100,95.0,82776,4007,94.91,212,Reviews_ASC
122,RPG,646570,Slay the Spire,90-100,97.0,75260,10097,98.2,64,Reviews_DESC
122,RPG,2358720,Black Myth: Wukong,90-100,93.0,69264,3466,89.12,147,Reviews_DESC
122,RPG,1771300,Kingdom Come: Deliverance II,90-100,92.0,64214,4024,93.94,11,Reviews_ASC
122,RPG,1145350,Hades II,90-100,96.0,63734,1985,95.52,54,Reviews_ASC
122,RPG,1671210,DELTARUNE,90-100,98.0,61427,1059,98.77,15,Reviews_DESC
122,RPG,1593500,God of War,90-100,96.0,59147,3969,94.68,152,Reviews_DESC
122,RPG,632470,Disco Elysium - The Final Cut,90-100,92.0,56287,1991,84.73,170,Reviews_ASC
122,RPG,262060,Darkest Dungeon®,90-100,90.0,56109,9198,85.77,150,Reviews_ASC
122,RPG,48700,Mount & Blade: Warband,90-100,97.0,54776,2370,97.09,65,Reviews_DESC
122,RPG,1150690,OMORI,90-100,97.0,53498,1890,92.75,67,Reviews_DESC
122,RPG,203160,Tomb Raider Game of the Year,90-100,94.0,51911,5986,94.85,404,Reviews_ASC
122,RPG,594570,Total War: WARHAMMER II,90-100,93.0,50705,3500,94.69,111,Reviews_ASC
122,RPG,524220,NieR:Automata™,90-100,90.0,49469,4129,86.8,227,Reviews_ASC
122,RPG,1158310,Crusader Kings III,90-100,90.0,49071,3691,93.04,27,Reviews_ASC
122,RPG,1868140,DAVE THE DIVER,90-100,96.0,48306,11588,97.19,51,Reviews_ASC
122,RPG,570940,DARK SOULS™: REMASTERED,90-100,91.0,47917,2613,88.29,195,Reviews_ASC
122,RPG,203770,Crusader Kings II,90-100,91.0,47695,1054,91.37,729,Reviews_ASC
122,RPG,233860,Kenshi,90-100,95.0,47390,1562,89.63,117,Reviews_ASC
122,RPG,8870,BioShock Infinite,90-100,91.0,47126,5060,95.24,319,Reviews_ASC
122,RPG,881100,Noita,90-100,95.0,46639,1325,92.75,237,Reviews_DESC
122,RPG,1973530,Limbus Company,90-100,92.0,45853,17317,83.77,4,Reviews_ASC
122,RPG,204360,Castle Crashers®,90-100,97.0,45049,1486,90.58,153,Reviews_DESC
122,RPG,1113000,Persona 4 Golden,90-100,97.0,44990,2484,95.53,68,Reviews_DESC
122,RPG,552500,Warhammer: Vermintide 2,90-100,90.0,43687,1719,80.57,434,Reviews_ASC
122,RPG,962130,Grounded,90-100,92.0,40319,2248,87.37,25,Reviews_ASC
122,RPG,219990,Grim Dawn,90-100,95.0,39298,1657,92.28,142,Reviews_ASC
122,RPG,205100,Dishonored,90-100,97.0,38450,1975,96.05,69,Reviews_DESC
122,RPG,1217060,Gunfire Reborn,90-100,96.0,36435,4864,94.22,119,Reviews_ASC
122,RPG,1687950,Persona 5 Royal,90-100,96.0,33399,3149,95.24,71,Reviews_ASC
122,RPG,241930,Middle-earth™: Shadow of Mordor™,90-100,91.0,33133,1445,90.93,863,Reviews_ASC
122,RPG,420530,OneShot,90-100,98.0,31649,2975,97.11,16,Reviews_DESC
122,RPG,391220,Rise of the Tomb Raider™,90-100,92.0,31379,3564,91.72,289,_ASC
122,RPG,286160,Tabletop Simulator,90-100,96.0,31318,2562,95.12,50,Reviews_ASC
122,RPG,1562430,DREDGE,90-100,96.0,31250,1055,94.41,217,Reviews_ASC
122,RPG,213670,South Park™: The Stick of Truth™,90-100,97.0,30431,561,97.86,70,Reviews_DESC
