tag_id,tag_name,appid,name,overall_rating_bin,steam_score_desc,steam_score_desc_ko,overall_positive_review_percent,search_total_reviews,korean_reviews,korean_positive_percent,search_rank,search_sort,tag_names
4106,Action-Adventure,1635450,Longvinter,Mixed,Mixed,복합적,62.0,1813,3897,71.34,116,Reviews_ASC,Action-Adventure
4106,Action-Adventure,2054970,Dragon's Dogma 2,Mixed,Mixed,복합적,67.0,43445,3189,54.28,111,Reviews_ASC,Action-Adventure
4106,Action-Adventure,2349820,Hero's Land,Mixed,Mixed,복합적,66.0,1458,2390,75.56,72,Reviews_ASC,Action-Adventure
4106,Action-Adventure,1716740,Starfield,Mixed,Mixed,복합적,57.0,85007,1877,32.34,101,Reviews_ASC,Action-Adventure
4106,Action-Adventure,1974050,Torchlight: Infinite,Mixed,Mixed,복합적,62.0,7978,1811,86.8,24,Reviews_ASC,Action-Adventure
1667,Horror,476600,Call of Duty®: WWII,Mixed,Mixed,복합적,66.0,13887,1584,58.46,82,Reviews_ASC,Horror
4106,Action-Adventure,1285190,Borderlands 4,Mixed,Mixed,복합적,61.0,41528,1318,57.66,31,Reviews_ASC,Action-Adventure
4106,Action-Adventure,1774580,STAR WARS Jedi: Survivor™,Mixed,Mixed,복합적,69.0,49211,1069,69.78,156,Reviews_ASC,Action-Adventure
1667,Horror,382140,SKYHILL,Mixed,Mixed,복합적,69.0,639,876,76.6,410,Reviews_ASC,Horror
1667,Horror,526160,The Wild Eight,Mixed,Mixed,복합적,68.0,1784,837,60.69,738,Reviews_ASC,Horror
4106,Action-Adventure,3679080,The Seven Deadly Sins: Origin,Mixed,Mixed,복합적,58.0,3984,783,55.3,11,Reviews_ASC,Action-Adventure
4106,Action-Adventure,2369390,Far Cry® 6,Mixed,Mixed,복합적,67.0,12547,655,61.07,239,Reviews_ASC,Action-Adventure
4106,Action-Adventure,4214820,Game of Thrones Kingsroad,Mixed,Mixed,복합적,65.0,363,556,81.83,30,Reviews_ASC,Action-Adventure
1667,Horror,1430190,Killing Floor 3,Mixed,Mixed,복합적,49.0,8333,506,24.9,359,Reviews_ASC,Horror
1667,Horror,1392860,Little Nightmares III,Mixed,Mixed,복합적,49.0,4776,488,27.87,115,Reviews_ASC,Horror
1667,Horror,1548520,DARKEST DAYS,Mixed,Mixed,복합적,49.0,1390,485,72.16,308,_ASC,Horror
1667,Horror,3060170,Chained in the Backrooms,Mixed,Mixed,복합적,68.0,883,384,74.74,143,Reviews_ASC,"Action-Adventure,Horror"
1667,Horror,2078040,White Day 2: The Flower That Tells Lies - Complete Edition,Mixed,Mixed,복합적,45.0,622,348,41.67,633,Reviews_ASC,"Action-Adventure,Horror"
1667,Horror,1190130,Araha : Curse of Yieun Island,Mixed,Mixed,복합적,59.0,302,324,59.88,306,Reviews_ASC,Horror
1667,Horror,381210,Dead by Daylight,Mostly Positive,Mostly Positive,대체로 긍정적,79.0,256285,23819,73.16,7,Reviews_ASC,Horror
1667,Horror,1144200,Ready or Not,Mostly Positive,Mostly Positive,대체로 긍정적,76.0,146598,8545,84.95,14,Reviews_ASC,Horror
1667,Horror,2139460,Once Human,Mostly Positive,Mostly Positive,대체로 긍정적,79.0,83909,7287,85.18,6,Reviews_ASC,"Action-Adventure,Horror"
1667,Horror,534380,Dying Light 2 Stay Human: Reloaded Edition,Mostly Positive,Mostly Positive,대체로 긍정적,78.0,67754,3322,71.07,101,Reviews_ASC,"Action-Adventure,Horror"
1667,Horror,924970,Back 4 Blood,Mostly Positive,Mostly Positive,대체로 긍정적,72.0,25217,2953,53.81,298,Reviews_ASC,Horror
1667,Horror,221100,DayZ,Mostly Positive,Mostly Positive,대체로 긍정적,74.0,176219,2934,52.97,85,Reviews_ASC,Horror
1667,Horror,594650,Hunt: Showdown 1896,Mostly Positive,Mostly Positive,대체로 긍정적,77.0,93470,2016,75.4,51,Reviews_ASC,Horror
1667,Horror,1151340,Fallout 76,Mostly Positive,Mostly Positive,대체로 긍정적,75.0,45857,1830,68.58,44,Reviews_ASC,Horror
1667,Horror,1361210,"Warhammer 40,000: Darktide",Mostly Positive,Mostly Positive,대체로 긍정적,75.0,71965,1823,71.37,46,Reviews_ASC,Horror
4106,Action-Adventure,3159330,Assassin’s Creed Shadows,Mostly Positive,Mostly Positive,대체로 긍정적,77.0,15039,1219,76.21,14,_ASC,Action-Adventure
1667,Horror,376210,The Isle,Mostly Positive,Mostly Positive,대체로 긍정적,77.0,58069,1159,78.08,94,Reviews_ASC,Horror
4106,Action-Adventure,1468810,鬼谷八荒 Tale of Immortal,Mostly Positive,Mostly Positive,대체로 긍정적,79.0,3724,1128,67.64,109,Reviews_ASC,Action-Adventure
1667,Horror,221040,Resident Evil 6,Mostly Positive,Mostly Positive,대체로 긍정적,72.0,15243,1065,77.0,77,Reviews_ASC,Horror
1667,Horror,1987080,Inside the Backrooms,Mostly Positive,Mostly Positive,대체로 긍정적,79.0,10177,931,74.76,123,Reviews_ASC,Horror
1667,Horror,2827200,MIMESIS,Mostly Positive,Mostly Positive,대체로 긍정적,79.0,1878,765,89.54,19,Reviews_ASC,"Action-Adventure,Horror"
1667,Horror,677160,We Were Here Too,Mostly Positive,Mostly Positive,대체로 긍정적,78.0,3567,701,88.3,137,Reviews_ASC,"Action-Adventure,Horror"
1667,Horror,268050,The Evil Within,Mostly Positive,Mostly Positive,대체로 긍정적,77.0,7537,691,80.17,591,_ASC,Horror
1667,Horror,287290,Resident Evil Revelations 2,Mostly Positive,Mostly Positive,대체로 긍정적,75.0,6605,605,80.17,116,Reviews_ASC,Horror
1667,Horror,668580,Atomic Heart,Mostly Positive,Mostly Positive,대체로 긍정적,78.0,13196,566,70.14,59,Reviews_ASC,"Action-Adventure,Horror"
1667,Horror,265550,Dead Rising 3 Apocalypse Edition,Mostly Positive,Mostly Positive,대체로 긍정적,75.0,5954,552,71.2,313,Reviews_ASC,Horror
1667,Horror,934700,Dead Island 2,Mostly Positive,Mostly Positive,대체로 긍정적,76.0,9532,550,74.55,33,Reviews_ASC,"Action-Adventure,Horror"
4106,Action-Adventure,297130,Titan Souls,Mostly Positive,Mostly Positive,대체로 긍정적,71.0,2740,519,85.36,718,_ASC,Action-Adventure
1667,Horror,2695940,PANICORE,Mostly Positive,Mostly Positive,대체로 긍정적,75.0,4328,507,77.91,68,Reviews_ASC,"Action-Adventure,Horror"
1667,Horror,555950,Danganronpa Another Episode: Ultra Despair Girls,Mostly Positive,Mostly Positive,대체로 긍정적,78.0,3303,493,82.35,159,Reviews_ASC,Horror
4106,Action-Adventure,2277560,WUCHANG: Fallen Feathers,Mostly Positive,Mostly Positive,대체로 긍정적,72.0,5185,464,72.63,135,Reviews_ASC,Action-Adventure
1667,Horror,10150,Prototype™,Mostly Positive,Mostly Positive,대체로 긍정적,75.0,5067,433,76.21,296,Reviews_ASC,"Action-Adventure,Horror"
4106,Action-Adventure,1501750,Lords of the Fallen,Mostly Positive,Mostly Positive,대체로 긍정적,73.0,20061,423,50.12,86,Reviews_ASC,Action-Adventure
1667,Horror,1097840,Gears 5,Mostly Positive,Mostly Positive,대체로 긍정적,73.0,8345,408,57.6,251,Reviews_ASC,Horror
4106,Action-Adventure,2646460,Soulmask,Mostly Positive,Mostly Positive,대체로 긍정적,76.0,7337,388,77.84,52,Reviews_ASC,Action-Adventure
4106,Action-Adventure,350640,Sherlock Holmes: The Devil's Daughter,Mostly Positive,Mostly Positive,대체로 긍정적,78.0,2864,383,68.15,334,Reviews_ASC,Action-Adventure
4106,Action-Adventure,1030830,Mafia II: Definitive Edition,Mostly Positive,Mostly Positive,대체로 긍정적,75.0,8411,383,55.61,201,Reviews_ASC,Action-Adventure
1667,Horror,1954420,Riichi City - Japanese Mahjong,Mostly Positive,Mostly Positive,대체로 긍정적,76.0,908,382,61.52,301,_ASC,Horror
1667,Horror,2828860,The Forever Winter,Mostly Positive,Mostly Positive,대체로 긍정적,70.0,15452,335,66.87,160,Reviews_ASC,Horror
4106,Action-Adventure,15100,Assassin's Creed™: Director's Cut Edition,Mostly Positive,Mostly Positive,대체로 긍정적,78.0,10714,331,71.9,497,Reviews_ASC,Action-Adventure
1667,Horror,2406770,Bodycam,Mostly Positive,Mostly Positive,대체로 긍정적,74.0,23446,307,60.26,80,Reviews_ASC,Horror
4106,Action-Adventure,1562700,SANABI,Overwhelmingly Positive,Overwhelmingly Positive,압도적으로 긍정적,95.0,4633,26334,98.15,19,Reviews_DESC,Action-Adventure
1667,Horror,550,Left 4 Dead 2,Overwhelmingly Positive,Overwhelmingly Positive,압도적으로 긍정적,97.0,228064,16450,95.37,29,_ASC,Horror
1667,Horror,322330,Don't Starve Together,Overwhelmingly Positive,Overwhelmingly Positive,압도적으로 긍정적,95.0,80921,12830,93.41,23,Reviews_ASC,Horror
1667,Horror,250900,The Binding of Isaac: Rebirth,Overwhelmingly Positive,Overwhelmingly Positive,압도적으로 긍정적,97.0,145214,11818,96.44,31,Reviews_ASC,Horror
1667,Horror,1966720,Lethal Company,Overwhelmingly Positive,Overwhelmingly Positive,압도적으로 긍정적,97.0,275366,10758,95.7,47,Reviews_DESC,"Action-Adventure,Horror"
1667,Horror,391540,Undertale,Overwhelmingly Positive,Overwhelmingly Positive,압도적으로 긍정적,96.0,157474,10353,96.59,75,Reviews_ASC,Horror
1667,Horror,242760,The Forest,Overwhelmingly Positive,Overwhelmingly Positive,압도적으로 긍정적,95.0,175968,9318,91.74,17,Reviews_ASC,Horror
4106,Action-Adventure,620,Portal 2,Overwhelmingly Positive,Overwhelmingly Positive,압도적으로 긍정적,98.0,170754,8802,98.18,89,_ASC,Action-Adventure
4106,Action-Adventure,1426210,It Takes Two,Overwhelmingly Positive,Overwhelmingly Positive,압도적으로 긍정적,95.0,46894,8273,96.72,20,Reviews_ASC,Action-Adventure
1667,Horror,2995920,It Takes Two Friend's Pass,Overwhelmingly Positive,Overwhelmingly Positive,압도적으로 긍정적,95.0,46894,8273,96.72,18,Reviews_ASC,Horror
1667,Horror,1256670,Library Of Ruina,Overwhelmingly Positive,Overwhelmingly Positive,압도적으로 긍정적,96.0,13551,7146,90.34,48,_ASC,Horror
4106,Action-Adventure,3489700,Stellar Blade™,Overwhelmingly Positive,Overwhelmingly Positive,압도적으로 긍정적,95.0,16037,7069,95.57,13,Reviews_ASC,Action-Adventure
1667,Horror,264710,Subnautica,Overwhelmingly Positive,Overwhelmingly Positive,압도적으로 긍정적,96.0,185209,5773,93.97,49,Reviews_DESC,Horror
4106,Action-Adventure,1057090,Ori and the Will of the Wisps,Overwhelmingly Positive,Overwhelmingly Positive,압도적으로 긍정적,96.0,30757,4964,97.4,52,Reviews_DESC,Action-Adventure
1667,Horror,698780,Doki Doki Literature Club!,Overwhelmingly Positive,Overwhelmingly Positive,압도적으로 긍정적,96.0,127573,4786,94.88,128,Reviews_DESC,Horror
1667,Horror,2050650,Resident Evil 4,Overwhelmingly Positive,Overwhelmingly Positive,압도적으로 긍정적,96.0,65783,4709,98.05,2,Reviews_ASC,"Action-Adventure,Horror"
1667,Horror,3241660,R.E.P.O.,Overwhelmingly Positive,Overwhelmingly Positive,압도적으로 긍정적,96.0,131206,4708,96.16,8,_ASC,Horror
1667,Horror,3527290,PEAK,Overwhelmingly Positive,Overwhelmingly Positive,압도적으로 긍정적,95.0,129210,4696,94.02,10,Reviews_ASC,Horror
1667,Horror,883710,Resident Evil 2,Overwhelmingly Positive,Overwhelmingly Positive,압도적으로 긍정적,96.0,55916,4477,96.09,16,Reviews_ASC,Horror
4106,Action-Adventure,1817070,Marvel’s Spider-Man Remastered,Overwhelmingly Positive,Overwhelmingly Positive,압도적으로 긍정적,96.0,53221,4221,95.19,55,Reviews_DESC,Action-Adventure
1667,Horror,1222140,Detroit: Become Human,Overwhelmingly Positive,Overwhelmingly Positive,압도적으로 긍정적,95.0,53850,3763,93.62,70,Reviews_ASC,Horror
1667,Horror,1092790,Inscryption,Overwhelmingly Positive,Overwhelmingly Positive,압도적으로 긍정적,96.0,75317,3618,94.42,103,Reviews_ASC,Horror
1667,Horror,379720,DOOM,Overwhelmingly Positive,Overwhelmingly Positive,압도적으로 긍정적,95.0,83750,3444,94.4,161,Reviews_ASC,Horror
1667,Horror,548430,Deep Rock Galactic,Overwhelmingly Positive,Overwhelmingly Positive,압도적으로 긍정적,97.0,169924,3441,95.82,50,Reviews_DESC,Horror
1667,Horror,220,Half-Life 2,Overwhelmingly Positive,Overwhelmingly Positive,압도적으로 긍정적,97.0,89091,2813,94.95,51,Reviews_DESC,Horror
4106,Action-Adventure,2001120,Split Fiction,Overwhelmingly Positive,Overwhelmingly Positive,압도적으로 긍정적,96.0,22649,2764,98.12,17,Reviews_ASC,Action-Adventure
1667,Horror,3764200,Resident Evil Requiem,Overwhelmingly Positive,Overwhelmingly Positive,압도적으로 긍정적,96.0,50344,2715,96.87,3,Reviews_ASC,"Action-Adventure,Horror"
4106,Action-Adventure,3357650,PRAGMATA,Overwhelmingly Positive,Overwhelmingly Positive,압도적으로 긍정적,97.0,14124,2654,97.21,6,Reviews_ASC,Action-Adventure
1667,Horror,1196590,Resident Evil Village,Overwhelmingly Positive,Overwhelmingly Positive,압도적으로 긍정적,95.0,45401,2491,96.19,20,Reviews_ASC,Horror
1667,Horror,546560,Half-Life: Alyx,Overwhelmingly Positive,Overwhelmingly Positive,압도적으로 긍정적,98.0,60999,2297,98.87,9,Reviews_DESC,Horror
1667,Horror,1332010,Stray,Overwhelmingly Positive,Overwhelmingly Positive,압도적으로 긍정적,97.0,77841,2151,95.54,53,Reviews_DESC,Horror
1667,Horror,2835570,Buckshot Roulette,Overwhelmingly Positive,Overwhelmingly Positive,압도적으로 긍정적,96.0,34480,2137,94.29,53,Reviews_ASC,Horror
1667,Horror,238320,Outlast,Overwhelmingly Positive,Overwhelmingly Positive,압도적으로 긍정적,96.0,28435,2009,93.93,98,Reviews_ASC,Horror
1667,Horror,219740,Don't Starve,Overwhelmingly Positive,Overwhelmingly Positive,압도적으로 긍정적,96.0,32906,1959,93.62,133,Reviews_DESC,Horror
1667,Horror,1150690,OMORI,Overwhelmingly Positive,Overwhelmingly Positive,압도적으로 긍정적,97.0,53506,1890,92.75,145,Reviews_ASC,Horror
1667,Horror,413410,Danganronpa: Trigger Happy Havoc,Overwhelmingly Positive,Overwhelmingly Positive,압도적으로 긍정적,95.0,16946,1873,94.13,84,Reviews_ASC,Horror
1667,Horror,653530,Return of the Obra Dinn,Overwhelmingly Positive,Overwhelmingly Positive,압도적으로 긍정적,96.0,18174,1815,93.44,86,Reviews_ASC,Horror
1667,Horror,413420,Danganronpa 2: Goodbye Despair,Overwhelmingly Positive,Overwhelmingly Positive,압도적으로 긍정적,95.0,12936,1726,94.73,91,Reviews_ASC,Horror
1667,Horror,2527500,MiSide,Overwhelmingly Positive,Overwhelmingly Positive,압도적으로 긍정적,97.0,25274,1642,97.38,138,Reviews_ASC,Horror
4106,Action-Adventure,70,Half-Life,Overwhelmingly Positive,Overwhelmingly Positive,압도적으로 긍정적,96.0,57757,1619,91.35,53,Reviews_DESC,Action-Adventure
1667,Horror,304430,INSIDE,Overwhelmingly Positive,Overwhelmingly Positive,압도적으로 긍정적,96.0,23833,1529,93.46,57,Reviews_DESC,"Action-Adventure,Horror"
1667,Horror,207610,The Walking Dead,Overwhelmingly Positive,Overwhelmingly Positive,압도적으로 긍정적,97.0,24507,1528,96.6,58,Reviews_DESC,Horror
1667,Horror,753640,Outer Wilds,Overwhelmingly Positive,Overwhelmingly Positive,압도적으로 긍정적,95.0,50821,1384,92.27,204,Reviews_DESC,Horror
4106,Action-Adventure,1809540,Nine Sols,Overwhelmingly Positive,Overwhelmingly Positive,압도적으로 긍정적,95.0,18638,1348,94.29,91,Reviews_ASC,Action-Adventure
4106,Action-Adventure,881100,Noita,Overwhelmingly Positive,Overwhelmingly Positive,압도적으로 긍정적,95.0,46645,1325,92.75,168,Reviews_ASC,Action-Adventure
1667,Horror,1118200,People Playground,Overwhelmingly Positive,Overwhelmingly Positive,압도적으로 긍정적,98.0,174093,1271,97.4,191,_ASC,Horror
4106,Action-Adventure,200260,Batman: Arkham City - Game of the Year Edition,Overwhelmingly Positive,Overwhelmingly Positive,압도적으로 긍정적,96.0,26009,1171,92.57,107,Reviews_DESC,Action-Adventure
4106,Action-Adventure,1817230,Hi-Fi RUSH,Overwhelmingly Positive,Overwhelmingly Positive,압도적으로 긍정적,97.0,16060,1166,97.26,20,Reviews_DESC,Action-Adventure
1667,Horror,35140,Batman: Arkham Asylum Game of the Year Edition,Overwhelmingly Positive,Overwhelmingly Positive,압도적으로 긍정적,96.0,29490,1102,91.65,135,Reviews_DESC,"Action-Adventure,Horror"
4106,Action-Adventure,1931770,Chants of Sennaar,Overwhelmingly Positive,Overwhelmingly Positive,압도적으로 긍정적,98.0,12228,1099,98.18,6,Reviews_DESC,Action-Adventure
1667,Horror,282140,SOMA,Overwhelmingly Positive,Overwhelmingly Positive,압도적으로 긍정적,95.0,23780,1056,95.27,207,Reviews_DESC,Horror
1667,Horror,1562430,DREDGE,Overwhelmingly Positive,Overwhelmingly Positive,압도적으로 긍정적,96.0,31264,1055,94.41,127,Reviews_ASC,Horror
4106,Action-Adventure,2375550,Like a Dragon Gaiden: The Man Who Erased His Name,Overwhelmingly Positive,Overwhelmingly Positive,압도적으로 긍정적,96.0,4826,930,97.2,61,Reviews_ASC,Action-Adventure
4106,Action-Adventure,1801110,BOKURA,Overwhelmingly Positive,Overwhelmingly Positive,압도적으로 긍정적,95.0,4681,910,87.47,207,Reviews_ASC,Action-Adventure
4106,Action-Adventure,851100,Touhou Luna Nights,Overwhelmingly Positive,Overwhelmingly Positive,압도적으로 긍정적,97.0,4699,799,97.87,22,Reviews_DESC,Action-Adventure
1667,Horror,2378900,The Coffin of Andy and Leyley,Overwhelmingly Positive,Overwhelmingly Positive,압도적으로 긍정적,95.0,18539,755,97.35,111,Reviews_ASC,Horror
4106,Action-Adventure,400910,Rabi-Ribi,Overwhelmingly Positive,Overwhelmingly Positive,압도적으로 긍정적,95.0,2645,753,96.02,118,Reviews_DESC,Action-Adventure
1667,Horror,288160,The Room,Overwhelmingly Positive,Overwhelmingly Positive,압도적으로 긍정적,97.0,14290,678,96.17,418,_ASC,Horror
1667,Horror,261030,The Walking Dead: Season Two,Overwhelmingly Positive,Overwhelmingly Positive,압도적으로 긍정적,95.0,12863,671,95.23,144,Reviews_DESC,Horror
1667,Horror,3274300,Awaria,Overwhelmingly Positive,Overwhelmingly Positive,압도적으로 긍정적,96.0,8654,625,95.84,147,Reviews_DESC,Horror
1667,Horror,1250,Killing Floor,Overwhelmingly Positive,Overwhelmingly Positive,압도적으로 긍정적,96.0,21661,619,91.76,209,Reviews_DESC,Horror
1667,Horror,1454400,Cookie Clicker,Overwhelmingly Positive,Overwhelmingly Positive,압도적으로 긍정적,96.0,52956,609,95.73,134,Reviews_DESC,Horror
4106,Action-Adventure,2058190,Lost Judgment,Overwhelmingly Positive,Overwhelmingly Positive,압도적으로 긍정적,96.0,3652,598,91.97,50,Reviews_ASC,Action-Adventure
4106,Action-Adventure,3280350,DEATH STRANDING 2: ON THE BEACH,Overwhelmingly Positive,Overwhelmingly Positive,압도적으로 긍정적,95.0,4994,567,93.65,29,Reviews_ASC,Action-Adventure
1667,Horror,602960,Barotrauma,Overwhelmingly Positive,Overwhelmingly Positive,압도적으로 긍정적,95.0,27992,539,87.94,87,Reviews_ASC,Horror
1667,Horror,500,Left 4 Dead,Overwhelmingly Positive,Overwhelmingly Positive,압도적으로 긍정적,95.0,19751,538,90.71,136,Reviews_DESC,Horror
4106,Action-Adventure,756800,Contraband Police,Overwhelmingly Positive,Overwhelmingly Positive,압도적으로 긍정적,95.0,10359,496,91.33,139,Reviews_ASC,Action-Adventure
1667,Horror,57300,Amnesia: The Dark Descent,Overwhelmingly Positive,Overwhelmingly Positive,압도적으로 긍정적,95.0,12746,454,85.46,218,Reviews_DESC,Horror
1667,Horror,2475490,Mouthwashing,Overwhelmingly Positive,Overwhelmingly Positive,압도적으로 긍정적,95.0,23859,422,92.42,244,_ASC,Horror
1667,Horror,425580,The Room Two,Overwhelmingly Positive,Overwhelmingly Positive,압도적으로 긍정적,97.0,10216,397,95.72,64,Reviews_DESC,Horror
4106,Action-Adventure,1262350,SIGNALIS,Overwhelmingly Positive,Overwhelmingly Positive,압도적으로 긍정적,96.0,20408,350,89.43,58,Reviews_DESC,Action-Adventure
4106,Action-Adventure,1337010,Alba: A Wildlife Adventure,Overwhelmingly Positive,Overwhelmingly Positive,압도적으로 긍정적,97.0,3125,308,95.13,28,Reviews_DESC,Action-Adventure
4106,Action-Adventure,1967430,Ghost Trick: Phantom Detective,Overwhelmingly Positive,Overwhelmingly Positive,압도적으로 긍정적,97.0,2028,308,95.78,30,Reviews_DESC,Action-Adventure
4106,Action-Adventure,3124540,Far Far West,Overwhelmingly Positive,Overwhelmingly Positive,압도적으로 긍정적,96.0,17688,304,91.12,15,Reviews_ASC,Action-Adventure
1667,Horror,1989270,Slay the Princess — The Pristine Cut,Overwhelmingly Positive,Overwhelmingly Positive,압도적으로 긍정적,97.0,22454,301,82.06,142,Reviews_DESC,Horror
4106,Action-Adventure,1147560,Skul: The Hero Slayer,Very Positive,Very Positive,매우 긍정적,92.0,9585,14539,95.45,110,Reviews_ASC,Action-Adventure
4106,Action-Adventure,3321460,Crimson Desert,Very Positive,Very Positive,매우 긍정적,86.0,57483,13806,81.52,2,Reviews_ASC,Action-Adventure
1667,Horror,568220,Lobotomy Corporation | Monster Management Simulation,Very Positive,Very Positive,매우 긍정적,93.0,13561,9526,89.71,42,Reviews_ASC,Horror
1667,Horror,262060,Darkest Dungeon®,Very Positive,Very Positive,매우 긍정적,90.0,56109,9200,85.76,76,Reviews_ASC,Horror
1667,Horror,239140,Dying Light,Very Positive,Very Positive,매우 긍정적,94.0,97294,7150,91.43,62,Reviews_ASC,Horror
4106,Action-Adventure,990080,Hogwarts Legacy,Very Positive,Very Positive,매우 긍정적,91.0,141408,6593,84.35,21,Reviews_ASC,Action-Adventure
1667,Horror,203160,Tomb Raider Game of the Year,Very Positive,Very Positive,매우 긍정적,94.0,51936,5985,94.87,200,Reviews_DESC,"Action-Adventure,Horror"
1667,Horror,739630,Phasmophobia,Very Positive,Very Positive,매우 긍정적,94.0,356001,5816,92.18,22,Reviews_ASC,Horror
1667,Horror,1721470,Poppy Playtime,Very Positive,Very Positive,매우 긍정적,88.0,60803,5287,78.89,50,Reviews_ASC,"Action-Adventure,Horror"
4106,Action-Adventure,3167020,Escape From Duckov,Very Positive,Very Positive,매우 긍정적,93.0,10204,4972,97.39,45,Reviews_ASC,Action-Adventure
4106,Action-Adventure,1771300,Kingdom Come: Deliverance II,Very Positive,Very Positive,매우 긍정적,92.0,64254,4026,93.91,12,Reviews_ASC,Action-Adventure
4106,Action-Adventure,1888160,ARMORED CORE™ VI FIRES OF RUBICON™,Very Positive,Very Positive,매우 긍정적,93.0,40030,4026,95.03,87,Reviews_ASC,Action-Adventure
1667,Horror,240720,Getting Over It with Bennett Foddy,Very Positive,Very Positive,매우 긍정적,84.0,41113,3905,75.16,155,_ASC,Horror
4106,Action-Adventure,582160,Assassin's Creed® Origins,Very Positive,Very Positive,매우 긍정적,84.0,36298,3869,85.84,165,Reviews_ASC,Action-Adventure
1667,Horror,251570,7 Days to Die,Very Positive,Very Positive,매우 긍정적,85.0,124456,3865,86.18,34,Reviews_ASC,Horror
1667,Horror,1326470,Sons Of The Forest,Very Positive,Very Positive,매우 긍정적,88.0,114289,3734,74.45,9,Reviews_ASC,"Action-Adventure,Horror"
4106,Action-Adventure,391220,Rise of the Tomb Raider™,Very Positive,Very Positive,매우 긍정적,92.0,31398,3565,91.73,120,Reviews_ASC,Action-Adventure
4106,Action-Adventure,2358720,Black Myth: Wukong,Very Positive,Very Positive,매우 긍정적,93.0,69282,3467,89.13,23,Reviews_ASC,Action-Adventure
1667,Horror,782330,DOOM Eternal,Very Positive,Very Positive,매우 긍정적,91.0,120049,3405,91.51,157,Reviews_ASC,Horror
4106,Action-Adventure,2183900,"Warhammer 40,000: Space Marine 2",Very Positive,Very Positive,매우 긍정적,86.0,92241,3356,77.41,36,Reviews_ASC,Action-Adventure
4106,Action-Adventure,552520,Far Cry® 5,Very Positive,Very Positive,매우 긍정적,80.0,68997,3160,59.4,180,Reviews_ASC,Action-Adventure
4106,Action-Adventure,1604030,V Rising,Very Positive,Very Positive,매우 긍정적,89.0,54296,3076,89.3,35,Reviews_ASC,Action-Adventure
4106,Action-Adventure,3564740,Where Winds Meet,Very Positive,Very Positive,매우 긍정적,86.0,61696,3072,87.08,5,Reviews_ASC,Action-Adventure
1667,Horror,1259420,Days Gone,Very Positive,Very Positive,매우 긍정적,92.0,36219,3066,89.2,119,_ASC,"Action-Adventure,Horror"
4106,Action-Adventure,1172380,STAR WARS Jedi: Fallen Order™,Very Positive,Very Positive,매우 긍정적,88.0,82525,2899,86.69,143,Reviews_ASC,Action-Adventure
4106,Action-Adventure,1625450,Muck,Very Positive,Very Positive,매우 긍정적,93.0,102251,2886,90.68,544,Reviews_DESC,Action-Adventure
1667,Horror,493520,GTFO,Very Positive,Very Positive,매우 긍정적,88.0,25388,2845,87.73,21,Reviews_ASC,Horror
1667,Horror,232090,Killing Floor 2,Very Positive,Very Positive,매우 긍정적,88.0,42053,2766,87.49,232,Reviews_ASC,Horror
1667,Horror,1943950,Escape the Backrooms,Very Positive,Very Positive,매우 긍정적,89.0,38527,2710,85.98,4,Reviews_ASC,"Action-Adventure,Horror"
1667,Horror,424840,Little Nightmares,Very Positive,Very Positive,매우 긍정적,94.0,18885,2653,91.03,89,Reviews_ASC,Horror
4106,Action-Adventure,1260320,Party Animals,Very Positive,Very Positive,매우 긍정적,89.0,16753,2559,91.01,28,Reviews_ASC,Action-Adventure
4106,Action-Adventure,2567870,Chained Together,Very Positive,Very Positive,매우 긍정적,91.0,19839,2494,88.09,19,_ASC,Action-Adventure
4106,Action-Adventure,2215430,Ghost of Tsushima DIRECTOR'S CUT,Very Positive,Very Positive,매우 긍정적,93.0,37392,2465,92.78,56,Reviews_ASC,Action-Adventure
1667,Horror,952060,Resident Evil 3,Very Positive,Very Positive,매우 긍정적,82.0,30928,2279,80.78,27,Reviews_ASC,Horror
1667,Horror,962130,Grounded,Very Positive,Very Positive,매우 긍정적,92.0,40330,2249,87.37,11,Reviews_ASC,Horror
1667,Horror,208650,Batman™: Arkham Knight,Very Positive,Very Positive,매우 긍정적,92.0,49724,2200,77.91,148,Reviews_ASC,Horror
1667,Horror,1693980,Dead Space,Very Positive,Very Positive,매우 긍정적,90.0,30125,2115,91.82,106,Reviews_ASC,"Action-Adventure,Horror"
1667,Horror,418370,Resident Evil 7 Biohazard,Very Positive,Very Positive,매우 긍정적,94.0,31534,2068,94.54,13,Reviews_ASC,Horror
4106,Action-Adventure,1222700,A Way Out,Very Positive,Very Positive,매우 긍정적,88.0,25445,2026,90.38,75,Reviews_ASC,Action-Adventure
1667,Horror,1888930,The Last of Us™ Part I,Very Positive,Very Positive,매우 긍정적,83.0,27896,2008,77.74,63,Reviews_ASC,"Action-Adventure,Horror"
4106,Action-Adventure,2680010,The First Berserker: Khazan,Very Positive,Very Positive,매우 긍정적,93.0,9478,1980,86.72,83,Reviews_ASC,Action-Adventure
4106,Action-Adventure,815370,Green Hell,Very Positive,Very Positive,매우 긍정적,85.0,26235,1965,79.44,53,Reviews_ASC,Action-Adventure
4106,Action-Adventure,750920,Shadow of the Tomb Raider: Definitive Edition,Very Positive,Very Positive,매우 긍정적,84.0,23574,1895,64.64,107,Reviews_ASC,Action-Adventure
1667,Horror,362890,Black Mesa,Very Positive,Very Positive,매우 긍정적,94.0,69570,1720,90.58,289,Reviews_ASC,Horror
1667,Horror,1282100,REMNANT II®,Very Positive,Very Positive,매우 긍정적,85.0,26634,1663,81.12,95,Reviews_ASC,"Action-Adventure,Horror"
1667,Horror,1274570,DEVOUR,Very Positive,Very Positive,매우 긍정적,90.0,20603,1651,87.34,64,Reviews_ASC,Horror
1667,Horror,848450,Subnautica: Below Zero,Very Positive,Very Positive,매우 긍정적,89.0,54810,1572,81.36,45,Reviews_ASC,Horror
1667,Horror,412020,Metro Exodus,Very Positive,Very Positive,매우 긍정적,87.0,34024,1526,73.07,56,Reviews_ASC,Horror
1667,Horror,3314790,CloverPit,Very Positive,Very Positive,매우 긍정적,90.0,11821,1519,88.02,26,Reviews_ASC,Horror
4106,Action-Adventure,242050,Assassin’s Creed® IV Black Flag™,Very Positive,Very Positive,매우 긍정적,85.0,30428,1475,88.81,330,Reviews_ASC,Action-Adventure
1667,Horror,2881650,Content Warning,Very Positive,Very Positive,매우 긍정적,93.0,33860,1472,91.1,39,Reviews_ASC,Horror
1667,Horror,976730,Halo: The Master Chief Collection,Very Positive,Very Positive,매우 긍정적,91.0,162045,1468,86.17,141,_ASC,Horror
1667,Horror,286690,Metro 2033 Redux,Very Positive,Very Positive,매우 긍정적,88.0,27608,1459,83.69,172,Reviews_ASC,Horror
1667,Horror,48000,LIMBO,Very Positive,Very Positive,매우 긍정적,91.0,12795,1322,84.11,297,Reviews_ASC,Horror
1667,Horror,860510,Little Nightmares II,Very Positive,Very Positive,매우 긍정적,93.0,15654,1306,90.58,155,Reviews_ASC,"Action-Adventure,Horror"
4106,Action-Adventure,1817190,Marvel’s Spider-Man: Miles Morales,Very Positive,Very Positive,매우 긍정적,93.0,20091,1296,91.59,133,Reviews_ASC,Action-Adventure
1667,Horror,774361,Blasphemous,Very Positive,Very Positive,매우 긍정적,90.0,18614,1284,84.74,258,Reviews_ASC,Horror
1667,Horror,1962700,Subnautica 2,Very Positive,Very Positive,매우 긍정적,93.0,64071,1275,57.02,1,Reviews_ASC,Horror
1667,Horror,1850570,DEATH STRANDING DIRECTOR'S CUT,Very Positive,Very Positive,매우 긍정적,91.0,19529,1231,88.38,175,Reviews_ASC,"Action-Adventure,Horror"
4106,Action-Adventure,1139900,Ghostrunner,Very Positive,Very Positive,매우 긍정적,91.0,19217,1228,85.75,309,Reviews_ASC,Action-Adventure
4106,Action-Adventure,33230,Assassin's Creed 2,Very Positive,Very Positive,매우 긍정적,86.0,17829,1217,88.41,341,Reviews_ASC,Action-Adventure
1667,Horror,2141730,Backrooms: Escape Together,Very Positive,Very Positive,매우 긍정적,89.0,12413,1139,85.43,5,_ASC,"Action-Adventure,Horror"
1667,Horror,108710,Alan Wake,Very Positive,Very Positive,매우 긍정적,88.0,16224,1113,84.1,238,Reviews_ASC,Horror
4106,Action-Adventure,2651280,Marvel's Spider-Man 2,Very Positive,Very Positive,매우 긍정적,82.0,15122,1070,75.42,25,Reviews_ASC,Action-Adventure
1667,Horror,752590,A Plague Tale: Innocence,Very Positive,Very Positive,매우 긍정적,93.0,21014,1069,87.46,322,Reviews_ASC,Horror
4106,Action-Adventure,1462040,FINAL FANTASY VII REMAKE INTERGRADE,Very Positive,Very Positive,매우 긍정적,87.0,18890,1055,84.27,51,Reviews_ASC,Action-Adventure
1667,Horror,287390,Metro: Last Light Redux,Very Positive,Very Positive,매우 긍정적,88.0,20174,998,87.78,191,Reviews_ASC,Horror
1667,Horror,3008130,Dying Light: The Beast,Very Positive,Very Positive,매우 긍정적,88.0,25513,963,76.22,74,Reviews_ASC,"Action-Adventure,Horror"
4106,Action-Adventure,2322010,God of War Ragnarök,Very Positive,Very Positive,매우 긍정적,89.0,15032,958,80.79,59,Reviews_ASC,Action-Adventure
1667,Horror,7670,BioShock™,Very Positive,Very Positive,매우 긍정적,93.0,12650,925,93.3,449,Reviews_ASC,Horror
4106,Action-Adventure,368340,CrossCode,Very Positive,Very Positive,매우 긍정적,93.0,10001,915,92.57,232,Reviews_ASC,Action-Adventure
4106,Action-Adventure,1659420,UNCHARTED™: Legacy of Thieves Collection,Very Positive,Very Positive,매우 긍정적,89.0,10040,899,85.65,65,Reviews_ASC,Action-Adventure
1667,Horror,1049410,Superliminal,Very Positive,Very Positive,매우 긍정적,93.0,14095,898,94.1,121,Reviews_ASC,Horror
4106,Action-Adventure,209000,Batman™: Arkham Origins,Very Positive,Very Positive,매우 긍정적,89.0,21129,838,83.65,407,Reviews_ASC,Action-Adventure
1667,Horror,1304930,The Outlast Trials,Very Positive,Very Positive,매우 긍정적,94.0,39522,828,89.37,37,Reviews_ASC,"Action-Adventure,Horror"
1667,Horror,501300,What Remains of Edith Finch,Very Positive,Very Positive,매우 긍정적,94.0,17891,806,87.22,208,Reviews_DESC,Horror
1667,Horror,418460,Rising Storm 2: Vietnam,Very Positive,Very Positive,매우 긍정적,89.0,26681,770,75.84,538,Reviews_ASC,Horror
4106,Action-Adventure,894020,Death's Door,Very Positive,Very Positive,매우 긍정적,93.0,10431,769,93.37,438,_ASC,Action-Adventure
4106,Action-Adventure,2909400,FINAL FANTASY VII REBIRTH,Very Positive,Very Positive,매우 긍정적,80.0,11776,768,70.7,132,Reviews_ASC,Action-Adventure
4106,Action-Adventure,48190,Assassin’s Creed® Brotherhood,Very Positive,Very Positive,매우 긍정적,86.0,8967,761,89.62,215,Reviews_ASC,Action-Adventure
1667,Horror,10090,Call of Duty: World at War,Very Positive,Very Positive,매우 긍정적,92.0,33287,760,92.63,117,Reviews_ASC,Horror
1667,Horror,47780,Dead Space™ 2,Very Positive,Very Positive,매우 긍정적,93.0,11649,732,94.54,403,Reviews_ASC,Horror
1667,Horror,214490,Alien: Isolation,Very Positive,Very Positive,매우 긍정적,92.0,26314,727,90.23,122,Reviews_ASC,Horror
4106,Action-Adventure,2420110,Horizon Forbidden West™ Complete Edition,Very Positive,Very Positive,매우 긍정적,88.0,10647,723,81.6,166,Reviews_ASC,Action-Adventure
4106,Action-Adventure,17410,Mirror's Edge™,Very Positive,Very Positive,매우 긍정적,86.0,15001,704,84.66,464,Reviews_ASC,Action-Adventure
1667,Horror,870780,CONTROL Ultimate Edition,Very Positive,Very Positive,매우 긍정적,88.0,24528,702,72.65,112,Reviews_ASC,Horror
1667,Horror,480490,Prey,Very Positive,Very Positive,매우 긍정적,91.0,21930,656,83.08,698,Reviews_ASC,Horror
1667,Horror,495420,State of Decay 2: Juggernaut Edition,Very Positive,Very Positive,매우 긍정적,86.0,21526,644,76.24,194,Reviews_ASC,Horror
1667,Horror,319510,Five Nights at Freddy's,Very Positive,Very Positive,매우 긍정적,93.0,33040,638,89.66,164,Reviews_ASC,Horror
1667,Horror,1549970,Aliens: Fireteam Elite,Very Positive,Very Positive,매우 긍정적,82.0,14142,618,71.36,153,Reviews_ASC,Horror
1667,Horror,1966900,20 Minutes Till Dawn,Very Positive,Very Positive,매우 긍정적,92.0,12702,613,89.89,529,Reviews_ASC,Horror
1667,Horror,17470,Dead Space (2008),Very Positive,Very Positive,매우 긍정적,90.0,11909,600,90.67,562,_ASC,Horror
1667,Horror,2124490,SILENT HILL 2,Very Positive,Very Positive,매우 긍정적,94.0,22628,596,81.38,131,Reviews_ASC,"Action-Adventure,Horror"
4106,Action-Adventure,609320,FAR: Lone Sails,Very Positive,Very Positive,매우 긍정적,94.0,8835,590,89.32,108,Reviews_DESC,Action-Adventure
4106,Action-Adventure,967050,Pacify,Very Positive,Very Positive,매우 긍정적,87.0,11113,590,79.83,164,Reviews_ASC,Action-Adventure
4106,Action-Adventure,1657630,Slime Rancher 2,Very Positive,Very Positive,매우 긍정적,94.0,23240,588,80.95,74,Reviews_ASC,Action-Adventure
1667,Horror,3097560,Liar's Bar,Very Positive,Very Positive,매우 긍정적,89.0,14996,588,89.29,38,Reviews_ASC,Horror
1667,Horror,2531310,The Last of Us™ Part II Remastered,Very Positive,Very Positive,매우 긍정적,91.0,13293,574,71.08,69,Reviews_ASC,"Action-Adventure,Horror"
1667,Horror,254700,Resident Evil 4 (2005),Very Positive,Very Positive,매우 긍정적,93.0,25828,559,81.75,641,Reviews_DESC,Horror
4106,Action-Adventure,1088850,Marvel's Guardians of the Galaxy,Very Positive,Very Positive,매우 긍정적,93.0,18571,539,85.53,213,Reviews_ASC,Action-Adventure
1667,Horror,21690,Resident Evil 5,Very Positive,Very Positive,매우 긍정적,84.0,17533,525,81.33,81,Reviews_ASC,Horror
1667,Horror,617290,Remnant: From the Ashes,Very Positive,Very Positive,매우 긍정적,86.0,24185,513,82.46,759,Reviews_ASC,Horror
4106,Action-Adventure,1150440,Aliens: Dark Descent,Very Positive,Very Positive,매우 긍정적,88.0,9127,510,82.94,216,Reviews_ASC,Action-Adventure
4106,Action-Adventure,2947440,SILENT HILL f,Very Positive,Very Positive,매우 긍정적,81.0,8625,495,67.68,121,Reviews_ASC,Action-Adventure
1667,Horror,953490,CARRION,Very Positive,Very Positive,매우 긍정적,94.0,15925,487,85.63,434,Reviews_ASC,Horror
4106,Action-Adventure,1029690,Sniper Elite 5,Very Positive,Very Positive,매우 긍정적,84.0,10732,479,79.75,217,Reviews_ASC,Action-Adventure
1667,Horror,414340,Hellblade: Senua's Sacrifice,Very Positive,Very Positive,매우 긍정적,90.0,28469,475,76.42,375,Reviews_ASC,"Action-Adventure,Horror"
4106,Action-Adventure,584400,Sonic Mania,Very Positive,Very Positive,매우 긍정적,93.0,13933,441,92.97,329,Reviews_ASC,Action-Adventure
4106,Action-Adventure,1237320,Sonic Frontiers,Very Positive,Very Positive,매우 긍정적,90.0,15617,437,83.3,271,Reviews_ASC,Action-Adventure
4106,Action-Adventure,553420,TUNIC,Very Positive,Very Positive,매우 긍정적,91.0,9889,431,85.61,243,Reviews_ASC,Action-Adventure
4106,Action-Adventure,1790600,DRAGON BALL: Sparking! ZERO,Very Positive,Very Positive,매우 긍정적,87.0,28584,422,80.33,39,Reviews_ASC,Action-Adventure
4106,Action-Adventure,228280,Baldur's Gate: Enhanced Edition,Very Positive,Very Positive,매우 긍정적,92.0,9296,397,88.92,337,Reviews_ASC,Action-Adventure
1667,Horror,332800,Five Nights at Freddy's 2,Very Positive,Very Positive,매우 긍정적,93.0,14043,389,93.06,213,Reviews_ASC,Horror
1667,Horror,42700,Call of Duty®: Black Ops,Very Positive,Very Positive,매우 긍정적,90.0,14601,387,91.73,235,Reviews_ASC,Horror
4106,Action-Adventure,3768760,007 First Light,Very Positive,Very Positive,매우 긍정적,91.0,11612,381,87.93,1,Reviews_ASC,Action-Adventure
4106,Action-Adventure,19680,Alice: Madness Returns,Very Positive,Very Positive,매우 긍정적,88.0,10758,380,83.16,357,Reviews_ASC,Action-Adventure
1667,Horror,304240,Resident Evil,Very Positive,Very Positive,매우 긍정적,91.0,12626,374,81.82,125,Reviews_ASC,Horror
4106,Action-Adventure,3041230,Windrose,Very Positive,Very Positive,매우 긍정적,88.0,25438,345,78.26,16,Reviews_ASC,Action-Adventure
1667,Horror,1703340,The Stanley Parable: Ultra Deluxe,Very Positive,Very Positive,매우 긍정적,94.0,23798,341,86.8,185,_ASC,Horror
1667,Horror,686060,Mewgenics,Very Positive,Very Positive,매우 긍정적,91.0,26852,325,87.38,90,Reviews_ASC,Horror
1667,Horror,383870,Firewatch,Very Positive,Very Positive,매우 긍정적,89.0,55770,321,83.18,585,Reviews_ASC,Horror
1667,Horror,622650,Bendy and the Ink Machine,Very Positive,Very Positive,매우 긍정적,88.0,11863,318,80.19,329,Reviews_ASC,Horror
1667,Horror,202970,Call of Duty®: Black Ops II,Very Positive,Very Positive,매우 긍정적,84.0,12379,316,82.59,225,Reviews_ASC,Horror
1667,Horror,871720,Ultimate Custom Night,Very Positive,Very Positive,매우 긍정적,94.0,31651,300,90.33,642,Reviews_DESC,Horror
