appid,name,search_rank,search_review_score_desc,search_total_reviews,search_positive_percent,search_sort,overall_rating_bin_start,overall_rating_bin,korean_reviews,korean_positive,korean_positive_percent,steam_score_desc,steam_score_desc_ko,overall_positive_review_percent,review_score,review_score_desc,selection_order,priority
2357570,Overwatch®,87,Mostly Negative,158578,39.0,Reviews_ASC,3,Mostly Negative,5684,2703,47.55,Mostly Negative,대체로 부정적,30.26,4.0,Mostly Negative,1.0,1
3551340,Football Manager 26,158,Mostly Negative,8557,36.0,Reviews_ASC,3,Mostly Negative,2000,273,13.65,Mostly Negative,대체로 부정적,33.42,4.0,Mostly Negative,2.0,2
1367080,MOBILE SUIT GUNDAM BATTLE OPERATION 2,355,Mostly Negative,6815,34.0,Reviews_ASC,3,Mostly Negative,1116,341,30.56,Mostly Negative,대체로 부정적,22.0,4.0,Mostly Negative,3.0,3
2584990,Shadowverse: Worlds Beyond,426,Mostly Negative,6427,37.0,Reviews_ASC,3,Mostly Negative,1624,359,22.11,Mostly Negative,대체로 부정적,29.1,4.0,Mostly Negative,4.0,4
578080,PUBG: BATTLEGROUNDS,4,Mixed,446152,66.0,Reviews_ASC,4,Mixed,146849,104999,71.5,Mixed,복합적,60.35,5.0,Mixed,5.0,5
4025700,Heartopia,13,Mixed,7243,58.0,Reviews_ASC,4,Mixed,858,658,76.69,Mixed,복합적,65.68,5.0,Mixed,43.0,6
2246340,Monster Hunter Wilds,14,Mixed,81947,69.0,Reviews_ASC,4,Mixed,17673,9755,55.2,Mixed,복합적,48.44,5.0,Mixed,11.0,7
1938090,Call of Duty®,26,Mixed,232463,57.0,Reviews_ASC,4,Mixed,5080,2244,44.17,Mixed,복합적,58.51,5.0,Mixed,6.0,8
3679080,The Seven Deadly Sins: Origin,35,Mixed,3983,58.0,Reviews_ASC,4,Mixed,783,432,55.17,Mixed,복합적,59.85,5.0,Mixed,48.0,9
3932890,Escape from Tarkov,37,Mixed,10742,60.0,Reviews_ASC,4,Mixed,1548,530,34.24,Mixed,복합적,48.03,5.0,Mixed,37.0,10
1778820,TEKKEN 8,38,Mixed,26477,57.0,Reviews_ASC,4,Mixed,10178,3719,36.54,Mixed,복합적,55.59,5.0,Mixed,27.0,11
2507950,Delta Force,51,Mixed,66395,65.0,Reviews_ASC,4,Mixed,4201,2618,62.32,Mixed,복합적,58.17,5.0,Mixed,12.0,12
2074920,The First Descendant,52,Mixed,50416,64.0,Reviews_ASC,4,Mixed,7059,3424,48.51,Mixed,복합적,57.37,5.0,Mixed,15.0,13
985810,GrandChase,62,Mixed,5229,64.0,Reviews_ASC,4,Mixed,2578,1175,45.58,Mixed,복합적,65.26,5.0,Mixed,46.0,14
1665460,eFootball™,85,Mixed,28581,48.0,_ASC,4,Mixed,1172,525,44.8,Mixed,복합적,50.66,5.0,Mixed,24.0,15
2807960,Battlefield™ 6,86,Mixed,144603,67.0,Reviews_ASC,4,Mixed,3876,1833,47.29,Mixed,복합적,65.09,5.0,Mixed,7.0,16
2399830,ARK: Survival Ascended,93,Mixed,54855,60.0,Reviews_ASC,4,Mixed,906,470,51.88,Mixed,복합적,60.33,5.0,Mixed,14.0,17
949230,Cities: Skylines II,94,Mixed,33278,56.0,Reviews_ASC,4,Mixed,1923,1076,55.95,Mixed,복합적,54.53,5.0,Mixed,20.0,18
1974050,Torchlight: Infinite,98,Mixed,7979,62.0,Reviews_ASC,4,Mixed,1810,1571,86.8,Mixed,복합적,69.84,5.0,Mixed,40.0,19
3405690,EA SPORTS FC™ 26,104,Mixed,19029,47.0,Reviews_ASC,4,Mixed,672,210,31.25,Mixed,복합적,47.08,5.0,Mixed,30.0,20
1677280,Company of Heroes 3,136,Mixed,12940,62.0,Reviews_ASC,4,Mixed,1581,695,43.96,Mixed,복합적,56.99,5.0,Mixed,33.0,21
1295660,Sid Meier's Civilization VII,154,Mixed,27892,51.0,Reviews_ASC,4,Mixed,1061,438,41.28,Mixed,복합적,48.49,5.0,Mixed,25.0,22
1825750,Soulworker : Your Destiny Awaits,155,Mixed,2669,65.0,Reviews_ASC,4,Mixed,2649,1729,65.27,Mixed,복합적,65.28,5.0,Mixed,51.0,23
1285190,Borderlands 4,165,Mixed,41522,61.0,Reviews_ASC,4,Mixed,1317,760,57.71,Mixed,복합적,58.85,5.0,Mixed,19.0,24
3678970,TBH: Task Bar Hero,168,Mixed,2214,42.0,Reviews_ASC,4,Mostly Negative,1144,269,23.51,Mostly Negative,대체로 부정적,37.16,4.0,Mostly Negative,52.0,25
4214820,Game of Thrones Kingsroad,178,Mixed,360,65.0,Reviews_ASC,4,Mixed,554,455,82.13,Mixed,복합적,66.63,5.0,Mixed,59.0,26
476600,Call of Duty®: WWII,333,Mixed,13887,66.0,Reviews_ASC,4,Mostly Positive,1584,926,58.46,Mostly Positive,대체로 긍정적,70.19,6.0,Mostly Positive,32.0,27
304390,FOR HONOR™,334,Mixed,57483,69.0,Reviews_ASC,4,Mixed,4051,2393,59.07,Mixed,복합적,69.14,5.0,Mixed,13.0,28
2349820,Hero's Land,335,Mixed,1458,66.0,_ASC,4,Mixed,2390,1806,75.56,Mixed,복합적,54.62,5.0,Mixed,55.0,29
3308670,GIRLS' FRONTLINE 2: EXILIUM,338,Mixed,1019,52.0,Reviews_ASC,4,Mixed,674,239,35.46,Mixed,복합적,52.15,5.0,Mixed,56.0,30
2524890,Pixel Gun 3D: PC Edition,347,Mixed,22986,62.0,Reviews_ASC,4,Mixed,736,471,63.99,Mixed,복합적,67.25,5.0,Mixed,28.0,31
269210,Hero Siege,392,Mixed,12727,60.0,Reviews_ASC,4,Mixed,2030,1414,69.66,Mixed,복합적,67.18,5.0,Mixed,34.0,32
2016590,Dark and Darker,434,Mixed,46525,66.0,Reviews_ASC,4,Mixed,1494,806,53.95,Mixed,복합적,64.82,5.0,Mixed,17.0,33
2669320,EA SPORTS FC™ 25,454,Mixed,29862,53.0,Reviews_ASC,4,Mixed,1922,798,41.52,Mixed,복합적,52.99,5.0,Mixed,23.0,34
393080,Call of Duty®: Modern Warfare® Remastered (2017),461,Mixed,6223,42.0,_ASC,4,Mixed,932,605,64.91,Mixed,복합적,54.03,5.0,Mixed,44.0,35
1272080,PAYDAY 3,462,Mixed,31207,43.0,Reviews_ASC,4,Mixed,1284,417,32.48,Mixed,복합적,44.84,5.0,Mixed,21.0,36
1635450,Longvinter,596,Mixed,1813,62.0,Reviews_ASC,4,Mixed,3897,2780,71.34,Mixed,복합적,67.39,5.0,Mixed,54.0,37
363150,Romance of the Three Kingdoms XIII,627,Mixed,879,68.0,_ASC,4,Mixed,1621,1090,67.24,Mixed,복합적,57.82,5.0,Mixed,57.0,38
1716740,Starfield,650,Mixed,84997,57.0,_ASC,4,Mixed,1877,607,32.34,Mixed,복합적,56.86,5.0,Mixed,10.0,39
2668080,Snowbreak: Containment Zone,659,Mixed,4510,64.0,_ASC,4,Mixed,654,481,73.55,Mixed,복합적,65.77,5.0,Mixed,47.0,40
2054970,Dragon's Dogma 2,672,Mixed,43442,67.0,_ASC,4,Mixed,3189,1731,54.28,Mixed,복합적,61.26,5.0,Mixed,18.0,41
1774580,STAR WARS Jedi: Survivor™,716,Mixed,49209,69.0,_ASC,4,Mostly Positive,1069,746,69.78,Mostly Positive,대체로 긍정적,70.74,6.0,Mostly Positive,16.0,42
1997040,MARVEL SNAP,792,Mixed,19847,67.0,_ASC,4,Mostly Positive,1219,945,77.52,Mostly Positive,대체로 긍정적,72.83,6.0,Mostly Positive,29.0,43
1240440,Halo Infinite,968,Mixed,138608,68.0,Reviews_ASC,4,Mixed,709,476,67.14,Mixed,복합적,69.35,5.0,Mixed,8.0,44
209650,Call of Duty®: Advanced Warfare - Gold Edition,972,Mixed,5831,58.0,_ASC,4,Mixed,549,381,69.4,Mixed,복합적,65.19,5.0,Mixed,45.0,45
311730,DEAD OR ALIVE 5 Last Round: Core Fighters,1071,Mixed,3559,68.0,_ASC,4,Mixed,547,293,53.56,Mixed,복합적,69.57,5.0,Mixed,49.0,46
1424800,Uncharted Waters IV HD Version,1109,Mixed,1881,66.0,_ASC,4,Mixed,523,362,69.22,Mixed,복합적,65.52,5.0,Mixed,53.0,47
1254120,Bless Unleashed,1114,Mixed,7395,63.0,_ASC,4,Mixed,1938,1369,70.64,Mixed,복합적,52.77,5.0,Mixed,42.0,48
360430,Mafia III: Definitive Edition,1280,Mixed,16140,60.0,Reviews_ASC,4,Mixed,748,344,45.99,Mixed,복합적,57.31,5.0,Mixed,31.0,49
1517290,Battlefield™ 2042,1294,Mixed,106421,46.0,Reviews_ASC,4,Mixed,6539,2926,44.75,Mixed,복합적,47.09,5.0,Mixed,9.0,50
2369390,Far Cry® 6,1315,Mixed,12543,67.0,_ASC,4,Mostly Positive,655,400,61.07,Mostly Positive,대체로 긍정적,71.28,6.0,Mostly Positive,35.0,51
292730,Call of Duty®: Infinite Warfare,1357,Mixed,9436,62.0,Reviews_ASC,4,Mixed,843,439,52.08,Mixed,복합적,61.18,5.0,Mixed,38.0,52
1124300,HUMANKIND™,1581,Mixed,12215,69.0,Reviews_ASC,4,Mixed,700,400,57.14,Mixed,복합적,68.97,5.0,Mixed,36.0,53
680420,OUTRIDERS,1663,Mixed,30525,68.0,_ASC,4,Mixed,823,450,54.68,Mixed,복합적,66.9,5.0,Mixed,22.0,54
1430190,Killing Floor 3,2319,Mixed,8332,49.0,Reviews_ASC,4,Mixed,506,126,24.9,Mixed,복합적,46.55,5.0,Mixed,39.0,55
382140,SKYHILL,2453,Mixed,639,69.0,Reviews_ASC,4,Mostly Positive,876,671,76.6,Mostly Positive,대체로 긍정적,78.15,6.0,Mostly Positive,58.0,56
1352080,SMASH LEGENDS,2475,Mixed,2926,66.0,_ASC,4,Mixed,1227,695,56.64,Mixed,복합적,68.84,5.0,Mixed,50.0,57
285190,"Warhammer 40,000: Dawn of War III",2693,Mixed,7768,47.0,_ASC,4,Mixed,570,188,32.98,Mixed,복합적,48.42,5.0,Mixed,41.0,58
424370,Wolcen: Lords of Mayhem,2897,Mixed,27673,56.0,_ASC,4,Mixed,861,509,59.12,Mixed,복합적,55.91,5.0,Mixed,26.0,59
1172470,Apex Legends™,8,Mostly Positive,443610,76.0,Reviews_ASC,5,Mixed,17997,12958,72.0,Mixed,복합적,67.67,5.0,Mixed,60.0,60
1449850,Yu-Gi-Oh! Master Duel,9,Mostly Positive,48125,73.0,Reviews_ASC,5,Mostly Positive,8314,6237,75.02,Mostly Positive,대체로 긍정적,71.97,6.0,Mostly Positive,75.0,61
2139460,Once Human,20,Mostly Positive,83892,79.0,Reviews_ASC,5,Mostly Positive,7283,6201,85.14,Mostly Positive,대체로 긍정적,77.93,6.0,Mostly Positive,70.0,62
381210,Dead by Daylight,27,Mostly Positive,256257,79.0,Reviews_ASC,5,Mostly Positive,23819,17425,73.16,Mostly Positive,대체로 긍정적,78.51,6.0,Mostly Positive,64.0,63
2344520,Diablo® IV,28,Mostly Positive,19710,74.0,Reviews_ASC,5,Mixed,1583,1112,70.25,Mixed,복합적,65.1,5.0,Mixed,98.0,64
236390,War Thunder,40,Mostly Positive,312607,73.0,Reviews_ASC,5,Mostly Positive,10221,6906,67.57,Mostly Positive,대체로 긍정적,72.43,6.0,Mostly Positive,62.0,65
438100,VRChat,46,Mostly Positive,174293,71.0,Reviews_ASC,5,Mostly Positive,7208,5618,77.94,Mostly Positive,대체로 긍정적,75.26,6.0,Mostly Positive,67.0,66
3159330,Assassin’s Creed Shadows,72,Mostly Positive,15037,77.0,Reviews_ASC,5,Mostly Positive,1216,927,76.23,Mostly Positive,대체로 긍정적,76.05,6.0,Mostly Positive,105.0,67
1144200,Ready or Not,97,Mostly Positive,146568,76.0,Reviews_ASC,5,Mostly Positive,8545,7259,84.95,Mostly Positive,대체로 긍정적,78.05,6.0,Mostly Positive,68.0,68
2767030,Marvel Rivals,105,Mostly Positive,283327,77.0,Reviews_ASC,5,Mostly Positive,2065,1529,74.04,Mostly Positive,대체로 긍정적,76.38,6.0,Mostly Positive,63.0,69
2073620,Arena Breakout: Infinite,117,Mostly Positive,25657,75.0,Reviews_ASC,5,Mostly Positive,528,386,73.11,Mostly Positive,대체로 긍정적,73.14,6.0,Mostly Positive,88.0,70
1142710,Total War: WARHAMMER III,122,Mostly Positive,54580,70.0,Reviews_ASC,5,Mostly Positive,3685,2554,69.31,Mostly Positive,대체로 긍정적,70.54,6.0,Mostly Positive,74.0,71
2827200,MIMESIS,130,Mostly Positive,1877,79.0,Reviews_ASC,5,Very Positive,765,685,89.54,Very Positive,매우 긍정적,84.82,8.0,Very Positive,279.0,72
2479810,Gray Zone Warfare,132,Mostly Positive,45415,74.0,Reviews_ASC,5,Mostly Positive,542,334,61.62,Mostly Positive,대체로 긍정적,72.07,6.0,Mostly Positive,77.0,73
835570,Conqueror's Blade,140,Mostly Positive,6717,73.0,Reviews_ASC,5,Mixed,2905,2187,75.28,Mixed,복합적,67.38,5.0,Mixed,249.0,74
2456740,inZOI,144,Mostly Positive,13295,78.0,Reviews_ASC,5,Mostly Positive,1550,1117,72.06,Mostly Positive,대체로 긍정적,76.72,6.0,Mostly Positive,106.0,75
1407200,World of Tanks,146,Mostly Positive,24731,73.0,Reviews_ASC,5,Very Positive,1256,959,76.35,Very Positive,매우 긍정적,80.24,8.0,Very Positive,92.0,76
2221490,Tom Clancy’s The Division® 2,159,Mostly Positive,16582,79.0,Reviews_ASC,5,Mostly Positive,1303,888,68.15,Mostly Positive,대체로 긍정적,79.03,6.0,Mostly Positive,102.0,77
1085660,Destiny 2,167,Mostly Positive,380937,78.0,Reviews_ASC,5,Mostly Positive,14452,10681,73.91,Mostly Positive,대체로 긍정적,77.58,6.0,Mostly Positive,61.0,78
529340,Victoria 3,173,Mostly Positive,20313,70.0,Reviews_ASC,5,Mostly Positive,2174,1666,76.63,Mostly Positive,대체로 긍정적,70.39,6.0,Mostly Positive,97.0,79
766570,Russian Fishing 4,191,Mostly Positive,7352,79.0,Reviews_ASC,5,Mixed,1101,928,84.29,Mixed,복합적,59.41,5.0,Mixed,243.0,80
3609080,StarSavior,206,Mostly Positive,1124,72.0,Reviews_ASC,5,Mixed,900,337,37.44,Mixed,복합적,60.95,5.0,Mixed,288.0,81
625960,Stoneshard,209,Mostly Positive,11238,74.0,Reviews_ASC,5,Mostly Positive,1032,762,73.84,Mostly Positive,대체로 긍정적,74.59,6.0,Mostly Positive,114.0,82
934700,Dead Island 2,212,Mostly Positive,9528,76.0,Reviews_ASC,5,Mostly Positive,550,410,74.55,Mostly Positive,대체로 긍정적,77.21,6.0,Mostly Positive,119.0,83
1282270,Strinova,223,Mostly Positive,10906,77.0,Reviews_ASC,5,Mostly Positive,778,444,57.07,Mostly Positive,대체로 긍정적,74.29,6.0,Mostly Positive,115.0,84
1151340,Fallout 76,240,Mostly Positive,45859,75.0,Reviews_ASC,5,Mostly Positive,1830,1255,68.58,Mostly Positive,대체로 긍정적,71.96,6.0,Mostly Positive,76.0,85
444200,World of Tanks Blitz,257,Mostly Positive,24354,74.0,_ASC,5,Mostly Positive,1298,831,64.02,Mostly Positive,대체로 긍정적,78.04,6.0,Mostly Positive,93.0,86
916440,Anno 1800,271,Mostly Positive,11715,78.0,Reviews_ASC,5,Very Positive,1167,1006,86.2,Very Positive,매우 긍정적,81.36,8.0,Very Positive,111.0,87
594650,Hunt: Showdown 1896,279,Mostly Positive,93464,77.0,Reviews_ASC,5,Mostly Positive,2017,1521,75.41,Mostly Positive,대체로 긍정적,73.87,6.0,Mostly Positive,69.0,88
1361210,"Warhammer 40,000: Darktide",280,Mostly Positive,71955,75.0,_ASC,5,Mostly Positive,1823,1301,71.37,Mostly Positive,대체로 긍정적,71.1,6.0,Mostly Positive,71.0,89
440900,Conan Exiles Enhanced,302,Mostly Positive,38888,79.0,Reviews_ASC,5,Mostly Positive,992,739,74.5,Mostly Positive,대체로 긍정적,79.0,6.0,Mostly Positive,81.0,90
761890,Albion Online,311,Mostly Positive,26900,74.0,_ASC,5,Mostly Positive,2117,1735,81.96,Mostly Positive,대체로 긍정적,78.52,6.0,Mostly Positive,87.0,91
1676840,For The King II,340,Mostly Positive,5262,79.0,Reviews_ASC,5,Mostly Positive,582,346,59.45,Mostly Positive,대체로 긍정적,70.68,6.0,Mostly Positive,258.0,92
2051620,Enlisted,358,Mostly Positive,18732,78.0,Reviews_ASC,5,Very Positive,597,423,70.85,Very Positive,매우 긍정적,80.21,8.0,Very Positive,99.0,93
668580,Atomic Heart,367,Mostly Positive,13191,78.0,Reviews_ASC,5,Very Positive,566,397,70.14,Very Positive,매우 긍정적,80.89,8.0,Very Positive,107.0,94
8500,EVE Online,394,Mostly Positive,22847,72.0,_ASC,5,Mostly Positive,1597,1227,76.83,Mostly Positive,대체로 긍정적,73.49,6.0,Mostly Positive,96.0,95
2452280,Mecha BREAK,424,Mostly Positive,11438,70.0,Reviews_ASC,5,Mixed,633,306,48.34,Mixed,복합적,60.22,5.0,Mixed,113.0,96
1149460,ICARUS,430,Mostly Positive,29619,76.0,Reviews_ASC,5,Mostly Positive,1026,625,60.92,Mostly Positive,대체로 긍정적,74.49,6.0,Mostly Positive,84.0,97
2665680,Tower of Babel: Survivors of Chaos,443,Mostly Positive,1382,77.0,Reviews_ASC,5,Mixed,1336,1007,75.37,Mixed,복합적,68.39,5.0,Mixed,282.0,98
1643320,S.T.A.L.K.E.R. 2: Heart of Chornobyl,461,Mostly Positive,42003,76.0,Reviews_ASC,5,Mostly Positive,1792,1086,60.6,Mostly Positive,대체로 긍정적,79.8,6.0,Mostly Positive,80.0,99
221040,Resident Evil 6,474,Mostly Positive,15232,72.0,Reviews_ASC,5,Mostly Positive,1065,820,77.0,Mostly Positive,대체로 긍정적,77.49,6.0,Mostly Positive,104.0,100
376210,The Isle,484,Mostly Positive,58047,77.0,Reviews_ASC,5,Very Positive,1159,905,78.08,Very Positive,매우 긍정적,80.19,8.0,Very Positive,73.0,101
1940340,Darkest Dungeon® II,486,Mostly Positive,11655,76.0,Reviews_ASC,5,Mostly Positive,1059,759,71.67,Mostly Positive,대체로 긍정적,74.9,6.0,Mostly Positive,112.0,102
1448440,Wo Long: Fallen Dynasty,498,Mostly Positive,3367,71.0,Reviews_ASC,5,Mixed,636,383,60.22,Mixed,복합적,49.6,5.0,Mixed,270.0,103
1250410,Microsoft Flight Simulator (2020) 40th Anniversary Edition,523,Mostly Positive,43732,78.0,Reviews_ASC,5,Mostly Positive,1186,934,78.75,Mostly Positive,대체로 긍정적,78.59,6.0,Mostly Positive,78.0,104
3450310,Europa Universalis V,548,Mostly Positive,12867,71.0,_ASC,5,Mixed,514,313,60.89,Mixed,복합적,68.43,5.0,Mixed,108.0,105
2515020,FINAL FANTASY XVI,553,Mostly Positive,12184,79.0,_ASC,5,Mostly Positive,1015,798,78.62,Mostly Positive,대체로 긍정적,78.73,6.0,Mostly Positive,110.0,106
291550,Brawlhalla,562,Mostly Positive,175372,78.0,Reviews_ASC,5,Very Positive,2111,1671,79.16,Very Positive,매우 긍정적,80.17,8.0,Very Positive,66.0,107
2695940,PANICORE,581,Mostly Positive,4327,75.0,_ASC,5,Mostly Positive,507,395,77.91,Mostly Positive,대체로 긍정적,79.07,6.0,Mostly Positive,261.0,108
2943650,FragPunk,612,Mostly Positive,23568,75.0,Reviews_ASC,5,Mostly Positive,732,538,73.5,Mostly Positive,대체로 긍정적,74.37,6.0,Mostly Positive,94.0,109
534380,Dying Light 2 Stay Human: Reloaded Edition,627,Mostly Positive,67751,78.0,Reviews_ASC,5,Mostly Positive,3323,2362,71.08,Mostly Positive,대체로 긍정적,79.13,6.0,Mostly Positive,72.0,110
1601580,Frostpunk 2,631,Mostly Positive,9326,78.0,_ASC,5,Mostly Positive,810,474,58.52,Mostly Positive,대체로 긍정적,75.0,6.0,Mostly Positive,240.0,111
513710,SCUM,652,Mostly Positive,37583,74.0,_ASC,5,Mostly Positive,912,468,51.32,Mostly Positive,대체로 긍정적,74.23,6.0,Mostly Positive,82.0,112
221100,DayZ,667,Mostly Positive,176209,74.0,_ASC,5,Mostly Positive,2935,1554,52.95,Mostly Positive,대체로 긍정적,77.69,6.0,Mostly Positive,65.0,113
1238810,Battlefield™ V,671,Mostly Positive,34857,71.0,Reviews_ASC,5,Mostly Positive,2994,1883,62.89,Mostly Positive,대체로 긍정적,70.66,6.0,Mostly Positive,83.0,114
2231380,Tom Clancy's Ghost Recon® Breakpoint,706,Mostly Positive,18445,72.0,_ASC,5,Mostly Positive,849,488,57.48,Mostly Positive,대체로 긍정적,73.75,6.0,Mostly Positive,100.0,115
368500,Assassin's Creed® Syndicate,736,Mostly Positive,10012,78.0,_ASC,5,Very Positive,1209,943,78.0,Very Positive,매우 긍정적,80.05,8.0,Very Positive,118.0,116
1468810,鬼谷八荒 Tale of Immortal,794,Mostly Positive,3723,79.0,_ASC,5,Mixed,1128,763,67.64,Mixed,복합적,55.07,5.0,Mixed,264.0,117
313120,Stranded Deep,825,Mostly Positive,23356,74.0,_ASC,5,Mostly Positive,514,344,66.93,Mostly Positive,대체로 긍정적,74.29,6.0,Mostly Positive,95.0,118
287290,Resident Evil Revelations 2,868,Mostly Positive,6601,75.0,_ASC,5,Mostly Positive,605,485,80.17,Mostly Positive,대체로 긍정적,78.23,6.0,Mostly Positive,252.0,119
550650,Black Squad,905,Mostly Positive,25421,70.0,Reviews_ASC,5,Mostly Positive,3743,2750,73.47,Mostly Positive,대체로 긍정적,75.83,6.0,Mostly Positive,90.0,120
1987080,Inside the Backrooms,956,Mostly Positive,10177,79.0,Reviews_ASC,5,Very Positive,931,696,74.76,Very Positive,매우 긍정적,80.35,8.0,Very Positive,117.0,121
677160,We Were Here Too,1044,Mostly Positive,3567,78.0,Reviews_ASC,5,Mostly Positive,702,620,88.32,Mostly Positive,대체로 긍정적,78.58,6.0,Mostly Positive,267.0,122
3757210,Agreeee,1051,Mostly Positive,1045,75.0,Reviews_ASC,5,Mostly Positive,633,507,80.09,Mostly Positive,대체로 긍정적,74.58,6.0,Mostly Positive,291.0,123
1377380,Night of the Dead,1275,Mostly Positive,3157,77.0,Reviews_ASC,5,Mostly Positive,1522,1134,74.51,Mostly Positive,대체로 긍정적,77.06,6.0,Mostly Positive,273.0,124
1737690,Yacht Dice,1296,Mostly Positive,563,77.0,Reviews_ASC,5,Mostly Positive,561,442,78.79,Mostly Positive,대체로 긍정적,78.1,6.0,Mostly Positive,297.0,125
289650,Assassin's Creed® Unity,1306,Mostly Positive,25442,75.0,Reviews_ASC,5,Mostly Positive,2527,1607,63.59,Mostly Positive,대체로 긍정적,77.96,6.0,Mostly Positive,89.0,126
310950,Street Fighter V,1476,Mostly Positive,12699,70.0,_ASC,5,Mixed,1148,800,69.69,Mixed,복합적,67.99,5.0,Mixed,109.0,127
304050,Trove,1525,Mostly Positive,42292,76.0,_ASC,5,Mostly Positive,852,636,74.65,Mostly Positive,대체로 긍정적,79.93,6.0,Mostly Positive,79.0,128
794260,Outward Definitive Edition,1531,Mostly Positive,15489,73.0,_ASC,5,Mostly Positive,927,646,69.69,Mostly Positive,대체로 긍정적,72.69,6.0,Mostly Positive,103.0,129
824550,SD GUNDAM BATTLE ALLIANCE,1532,Mostly Positive,1004,79.0,Reviews_ASC,5,Mixed,714,461,64.57,Mixed,복합적,63.28,5.0,Mixed,294.0,130
466130,White Day: A Labyrinth Named School,1669,Mostly Positive,493,76.0,_ASC,5,Very Positive,990,722,72.93,Very Positive,매우 긍정적,80.98,8.0,Very Positive,300.0,131
265550,Dead Rising 3 Apocalypse Edition,1753,Mostly Positive,5953,75.0,Reviews_ASC,5,Mostly Positive,552,393,71.2,Mostly Positive,대체로 긍정적,76.93,6.0,Mostly Positive,255.0,132
1222690,Dragon Age™ Inquisition,1763,Mostly Positive,10768,75.0,Reviews_ASC,5,Mostly Positive,609,439,72.09,Mostly Positive,대체로 긍정적,75.7,6.0,Mostly Positive,116.0,133
924970,Back 4 Blood,1925,Mostly Positive,25216,72.0,_ASC,5,Mixed,2953,1589,53.81,Mixed,복합적,68.82,5.0,Mixed,91.0,134
646910,The Crew™ 2,2145,Mostly Positive,26931,77.0,_ASC,5,Mostly Positive,2843,2153,75.73,Mostly Positive,대체로 긍정적,77.53,6.0,Mostly Positive,86.0,135
365590,Tom Clancy’s The Division™,2186,Mostly Positive,27320,73.0,Reviews_ASC,5,Mostly Positive,5036,3419,67.89,Mostly Positive,대체로 긍정적,70.84,6.0,Mostly Positive,85.0,136
1933700,Smilemo,2294,Mostly Positive,1145,74.0,_ASC,5,Mostly Positive,607,441,72.65,Mostly Positive,대체로 긍정적,74.02,6.0,Mostly Positive,285.0,137
858820,Tribes of Midgard,2362,Mostly Positive,6736,74.0,_ASC,5,Mostly Positive,654,495,75.69,Mostly Positive,대체로 긍정적,76.46,6.0,Mostly Positive,246.0,138
1976440,CounterSide,2958,Mostly Positive,1897,78.0,_ASC,5,Mostly Positive,1018,617,60.61,Mostly Positive,대체로 긍정적,75.73,6.0,Mostly Positive,276.0,139
612880,Wolfenstein II: The New Colossus,2989,Mostly Positive,17381,78.0,Reviews_ASC,5,Very Positive,888,699,78.72,Very Positive,매우 긍정적,81.35,8.0,Very Positive,101.0,140
730,Counter-Strike 2,2,Very Positive,2549507,86.0,Reviews_ASC,7,Very Positive,25700,20605,80.18,Very Positive,매우 긍정적,86.12,8.0,Very Positive,120.0,141
1962700,Subnautica 2,5,Very Positive,63846,93.0,Reviews_ASC,7,Very Positive,1268,723,57.02,Very Positive,매우 긍정적,91.19,8.0,Very Positive,177.0,142
3321460,Crimson Desert,6,Very Positive,57435,86.0,Reviews_ASC,7,Very Positive,13794,11241,81.49,Very Positive,매우 긍정적,84.08,8.0,Very Positive,266.0,143
3564740,Where Winds Meet,10,Very Positive,61670,86.0,Reviews_ASC,7,Very Positive,3071,2675,87.11,Very Positive,매우 긍정적,86.71,8.0,Very Positive,248.0,144
3240220,Grand Theft Auto V Enhanced,12,Very Positive,62772,80.0,Reviews_ASC,7,Very Positive,3536,2911,82.32,Very Positive,매우 긍정적,82.44,8.0,Very Positive,178.0,145
2868840,Slay the Spire 2,15,Very Positive,53293,94.0,Reviews_ASC,7,Mixed,4012,3522,87.79,Mixed,복합적,63.18,5.0,Mixed,287.0,146
230410,Warframe,21,Very Positive,294474,91.0,Reviews_ASC,7,Very Positive,11133,9823,88.23,Very Positive,매우 긍정적,87.72,8.0,Very Positive,131.0,147
440,Team Fortress 2,23,Very Positive,734846,89.0,Reviews_ASC,7,Very Positive,13687,12127,88.6,Very Positive,매우 긍정적,90.94,8.0,Very Positive,123.0,148
1245620,ELDEN RING,30,Very Positive,428857,94.0,Reviews_ASC,7,Very Positive,27568,25187,91.36,Very Positive,매우 긍정적,93.06,8.0,Very Positive,126.0,149
1808500,ARC Raiders,33,Very Positive,192747,83.0,Reviews_ASC,7,Very Positive,3994,3245,81.25,Very Positive,매우 긍정적,83.9,8.0,Very Positive,136.0,150
1326470,Sons Of The Forest,36,Very Positive,114257,88.0,Reviews_ASC,7,Very Positive,3731,2778,74.46,Very Positive,매우 긍정적,88.35,8.0,Very Positive,153.0,151
1771300,Kingdom Come: Deliverance II,41,Very Positive,64238,92.0,Reviews_ASC,7,Very Positive,4024,3780,93.94,Very Positive,매우 긍정적,94.04,8.0,Very Positive,176.0,152
252490,Rust,42,Very Positive,522883,86.0,Reviews_ASC,7,Very Positive,9329,7210,77.29,Very Positive,매우 긍정적,86.92,8.0,Very Positive,125.0,153
359550,Tom Clancy's Rainbow Six Siege,43,Very Positive,785649,82.0,Reviews_ASC,7,Very Positive,52580,41890,79.67,Very Positive,매우 긍정적,82.39,8.0,Very Positive,122.0,154
553850,HELLDIVERS™ 2,53,Very Positive,627032,80.0,Reviews_ASC,7,Mostly Positive,18483,9368,50.68,Mostly Positive,대체로 긍정적,75.07,6.0,Mostly Positive,124.0,155
1551360,Forza Horizon 5,57,Very Positive,90947,88.0,Reviews_ASC,7,Very Positive,5379,4739,88.1,Very Positive,매우 긍정적,89.14,8.0,Very Positive,162.0,156
1091500,Cyberpunk 2077,60,Very Positive,375815,88.0,Reviews_ASC,7,Very Positive,24683,19101,77.39,Very Positive,매우 긍정적,86.46,8.0,Very Positive,127.0,157
394360,Hearts of Iron IV,66,Very Positive,121897,91.0,Reviews_ASC,7,Very Positive,7429,6567,88.4,Very Positive,매우 긍정적,90.2,8.0,Very Positive,150.0,158
582010,Monster Hunter: World,70,Very Positive,114300,92.0,Reviews_ASC,7,Very Positive,34309,30045,87.57,Very Positive,매우 긍정적,88.76,8.0,Very Positive,152.0,159
108600,Project Zomboid,74,Very Positive,149142,94.0,Reviews_ASC,7,Very Positive,12075,10658,88.27,Very Positive,매우 긍정적,94.04,8.0,Very Positive,142.0,160
275850,No Man's Sky,77,Very Positive,181319,81.0,Reviews_ASC,7,Very Positive,3072,2333,75.94,Very Positive,매우 긍정적,84.89,8.0,Very Positive,138.0,161
648800,Raft,82,Very Positive,128639,93.0,Reviews_ASC,7,Very Positive,10559,9575,90.68,Very Positive,매우 긍정적,93.04,8.0,Very Positive,146.0,162
281990,Stellaris,101,Very Positive,75685,86.0,Reviews_ASC,7,Very Positive,2301,2050,89.09,Very Positive,매우 긍정적,85.93,8.0,Very Positive,167.0,163
990080,Hogwarts Legacy,110,Very Positive,141393,91.0,Reviews_ASC,7,Very Positive,6591,5559,84.34,Very Positive,매우 긍정적,89.83,8.0,Very Positive,144.0,164
570,Dota 2,111,Very Positive,829337,88.0,Reviews_ASC,7,Very Positive,5170,3934,76.09,Very Positive,매우 긍정적,80.78,8.0,Very Positive,121.0,165
1174180,Red Dead Redemption 2,114,Very Positive,300207,91.0,Reviews_ASC,7,Very Positive,18781,17180,91.48,Very Positive,매우 긍정적,92.36,8.0,Very Positive,130.0,166
2183900,"Warhammer 40,000: Space Marine 2",115,Very Positive,92211,86.0,Reviews_ASC,7,Very Positive,3353,2596,77.42,Very Positive,매우 긍정적,83.71,8.0,Very Positive,161.0,167
1222670,The Sims™ 4,119,Very Positive,104303,87.0,Reviews_ASC,7,Very Positive,2687,2321,86.38,Very Positive,매우 긍정적,86.48,8.0,Very Positive,157.0,168
1172620,Sea of Thieves: 2026 Edition,123,Very Positive,145736,88.0,Reviews_ASC,7,Very Positive,3333,2765,82.96,Very Positive,매우 긍정적,88.72,8.0,Very Positive,143.0,169
2622380,ELDEN RING NIGHTREIGN,128,Very Positive,73164,87.0,Reviews_ASC,7,Very Positive,4238,3230,76.22,Very Positive,매우 긍정적,81.86,8.0,Very Positive,169.0,170
346110,ARK: Survival Evolved,137,Very Positive,254617,80.0,Reviews_ASC,7,Very Positive,20738,16642,80.25,Very Positive,매우 긍정적,83.33,8.0,Very Positive,134.0,171
261550,Mount & Blade II: Bannerlord,139,Very Positive,97005,87.0,Reviews_ASC,7,Very Positive,4876,4039,82.83,Very Positive,매우 긍정적,87.7,8.0,Very Positive,160.0,172
739630,Phasmophobia,143,Very Positive,355966,94.0,Reviews_ASC,7,Very Positive,5815,5361,92.19,Very Positive,매우 긍정적,94.54,8.0,Very Positive,129.0,173
289070,Sid Meier’s Civilization® VI,171,Very Positive,106352,84.0,Reviews_ASC,7,Very Positive,12307,11005,89.42,Very Positive,매우 긍정적,86.04,8.0,Very Positive,156.0,174
892970,Valheim,174,Very Positive,255525,94.0,Reviews_ASC,7,Very Positive,7593,7031,92.6,Very Positive,매우 긍정적,94.02,8.0,Very Positive,133.0,175
2358720,Black Myth: Wukong,207,Very Positive,69276,93.0,Reviews_ASC,7,Overwhelmingly Positive,3466,3089,89.12,Overwhelmingly Positive,압도적으로 긍정적,96.54,9.0,Overwhelmingly Positive,172.0,176
1604030,V Rising,215,Very Positive,54291,89.0,Reviews_ASC,7,Very Positive,3075,2746,89.3,Very Positive,매우 긍정적,88.93,8.0,Very Positive,281.0,177
2073850,THE FINALS,220,Very Positive,152733,80.0,Reviews_ASC,7,Mostly Positive,4979,3218,64.63,Mostly Positive,대체로 긍정적,78.31,6.0,Mostly Positive,141.0,178
489830,The Elder Scrolls V: Skyrim Special Edition,232,Very Positive,127009,94.0,_ASC,7,Very Positive,5486,4796,87.42,Very Positive,매우 긍정적,92.37,8.0,Very Positive,147.0,179
374320,DARK SOULS™ III,238,Very Positive,106373,94.0,Reviews_ASC,7,Very Positive,18130,17024,93.9,Very Positive,매우 긍정적,94.34,8.0,Very Positive,155.0,180
322170,Geometry Dash,249,Very Positive,280219,93.0,Reviews_ASC,7,Very Positive,6880,6107,88.76,Very Positive,매우 긍정적,93.06,8.0,Very Positive,132.0,181
848450,Subnautica: Below Zero,251,Very Positive,54797,89.0,Reviews_ASC,7,Very Positive,1572,1279,81.36,Very Positive,매우 긍정적,90.14,8.0,Very Positive,278.0,182
255710,Cities: Skylines,254,Very Positive,99685,92.0,_ASC,7,Very Positive,6552,6118,93.38,Very Positive,매우 긍정적,92.88,8.0,Very Positive,158.0,183
251570,7 Days to Die,255,Very Positive,124449,85.0,_ASC,7,Very Positive,3864,3330,86.18,Very Positive,매우 긍정적,87.12,8.0,Very Positive,148.0,184
244210,Assetto Corsa,287,Very Positive,58921,93.0,Reviews_ASC,7,Very Positive,1345,1243,92.42,Very Positive,매우 긍정적,92.81,8.0,Very Positive,263.0,185
814380,Sekiro™: Shadows Die Twice - GOTY Edition,289,Very Positive,86134,93.0,Reviews_ASC,7,Overwhelmingly Positive,10756,10226,95.07,Overwhelmingly Positive,압도적으로 긍정적,95.26,9.0,Overwhelmingly Positive,163.0,186
218620,PAYDAY 2,304,Very Positive,174498,87.0,Reviews_ASC,7,Very Positive,8579,6898,80.41,Very Positive,매우 긍정적,89.32,8.0,Very Positive,139.0,187
379430,Kingdom Come: Deliverance,307,Very Positive,62407,83.0,Reviews_ASC,7,Very Positive,4278,3697,86.42,Very Positive,매우 긍정적,84.37,8.0,Very Positive,179.0,188
1721470,Poppy Playtime,312,Very Positive,60798,88.0,Reviews_ASC,7,Very Positive,5287,4170,78.87,Very Positive,매우 긍정적,87.85,8.0,Very Positive,251.0,189
518790,theHunter: Call of the Wild™,328,Very Positive,62321,90.0,Reviews_ASC,7,Very Positive,2659,2251,84.66,Very Positive,매우 긍정적,89.09,8.0,Very Positive,242.0,190
306130,The Elder Scrolls® Online,344,Very Positive,73882,81.0,_ASC,7,Very Positive,1069,774,72.4,Very Positive,매우 긍정적,80.96,8.0,Very Positive,168.0,191
262060,Darkest Dungeon®,361,Very Positive,56109,90.0,_ASC,7,Very Positive,9200,7890,85.76,Very Positive,매우 긍정적,91.68,8.0,Very Positive,272.0,192
1030300,Hollow Knight: Silksong,383,Very Positive,140957,93.0,_ASC,7,Very Positive,6648,5576,83.87,Very Positive,매우 긍정적,89.29,8.0,Very Positive,145.0,193
714010,Aimlabs,410,Very Positive,65576,90.0,Reviews_ASC,7,Very Positive,1869,1743,93.26,Very Positive,매우 긍정적,91.29,8.0,Very Positive,175.0,194
686810,Hell Let Loose,413,Very Positive,61802,83.0,Reviews_ASC,7,Very Positive,1006,739,73.46,Very Positive,매우 긍정적,81.82,8.0,Very Positive,245.0,195
899770,Last Epoch,416,Very Positive,59424,80.0,_ASC,7,Mostly Positive,2979,2237,75.09,Mostly Positive,대체로 긍정적,76.56,6.0,Mostly Positive,260.0,196
945360,Among Us,447,Very Positive,373778,92.0,Reviews_ASC,7,Very Positive,10071,8293,82.35,Very Positive,매우 긍정적,91.96,8.0,Very Positive,128.0,197
239140,Dying Light,450,Very Positive,97280,94.0,Reviews_ASC,7,Overwhelmingly Positive,7149,6536,91.43,Overwhelmingly Positive,압도적으로 긍정적,95.24,9.0,Overwhelmingly Positive,159.0,198
12210,Grand Theft Auto IV: The Complete Edition,454,Very Positive,70293,81.0,_ASC,7,Very Positive,2493,1865,74.81,Very Positive,매우 긍정적,83.16,8.0,Very Positive,170.0,199
393380,Squad,458,Very Positive,82683,84.0,Reviews_ASC,7,Very Positive,1117,845,75.65,Very Positive,매우 긍정적,81.18,8.0,Very Positive,164.0,200
361420,ASTRONEER,548,Very Positive,53466,91.0,Reviews_ASC,7,Very Positive,4918,4317,87.78,Very Positive,매우 긍정적,91.95,8.0,Very Positive,284.0,201
632470,Disco Elysium - The Final Cut,550,Very Positive,56298,92.0,_ASC,7,Very Positive,1991,1687,84.73,Very Positive,매우 긍정적,92.64,8.0,Very Positive,269.0,202
1172380,STAR WARS Jedi: Fallen Order™,564,Very Positive,82504,88.0,Reviews_ASC,7,Very Positive,2898,2512,86.68,Very Positive,매우 긍정적,88.45,8.0,Very Positive,165.0,203
377160,Fallout 4,588,Very Positive,181788,81.0,_ASC,7,Very Positive,6803,5206,76.53,Very Positive,매우 긍정적,81.17,8.0,Very Positive,137.0,204
581320,Insurgency: Sandstorm,709,Very Positive,59464,86.0,_ASC,7,Very Positive,1673,1229,73.46,Very Positive,매우 긍정적,84.86,8.0,Very Positive,257.0,205
107410,Arma 3,735,Very Positive,110534,91.0,_ASC,7,Very Positive,2893,2350,81.23,Very Positive,매우 긍정적,90.41,8.0,Very Positive,154.0,206
3405340,Megabonk,747,Very Positive,55993,94.0,Reviews_ASC,7,Very Positive,852,760,89.2,Very Positive,매우 긍정적,94.6,8.0,Very Positive,275.0,207
976730,Halo: The Master Chief Collection,833,Very Positive,162039,91.0,Reviews_ASC,7,Very Positive,1468,1265,86.17,Very Positive,매우 긍정적,92.03,8.0,Very Positive,140.0,208
397540,Borderlands 3,880,Very Positive,59802,81.0,Reviews_ASC,7,Very Positive,2552,2038,79.86,Very Positive,매우 긍정적,80.98,8.0,Very Positive,254.0,209
552520,Far Cry® 5,991,Very Positive,68997,80.0,Reviews_ASC,7,Very Positive,3160,1877,59.4,Very Positive,매우 긍정적,81.05,8.0,Very Positive,173.0,210
782330,DOOM Eternal,1012,Very Positive,120044,91.0,Reviews_ASC,7,Very Positive,3405,3116,91.51,Very Positive,매우 긍정적,91.38,8.0,Very Positive,151.0,211
203160,Tomb Raider Game of the Year,1037,Very Positive,51922,94.0,Reviews_ASC,7,Overwhelmingly Positive,5986,5678,94.85,Overwhelmingly Positive,압도적으로 긍정적,96.04,9.0,Overwhelmingly Positive,293.0,212
244850,Space Engineers,1185,Very Positive,67388,89.0,Reviews_ASC,7,Very Positive,527,451,85.58,Very Positive,매우 긍정적,88.89,8.0,Very Positive,174.0,213
674940,Stick Fight: The Game,1413,Very Positive,52485,94.0,_ASC,7,Very Positive,858,781,91.03,Very Positive,매우 긍정적,93.49,8.0,Very Positive,290.0,214
1151640,Horizon Zero Dawn™ Complete Edition,1464,Very Positive,51601,89.0,_ASC,7,Very Positive,3101,2406,77.59,Very Positive,매우 긍정적,87.97,8.0,Very Positive,299.0,215
49520,Borderlands 2,1637,Very Positive,122312,90.0,Reviews_ASC,7,Very Positive,3920,3431,87.53,Very Positive,매우 긍정적,89.49,8.0,Very Positive,149.0,216
304930,Unturned,1707,Very Positive,220815,90.0,Reviews_ASC,7,Very Positive,4945,4202,84.97,Very Positive,매우 긍정적,91.03,8.0,Very Positive,135.0,217
211820,Starbound,2340,Very Positive,51757,88.0,Reviews_ASC,7,Very Positive,1846,1538,83.32,Very Positive,매우 긍정적,90.1,8.0,Very Positive,296.0,218
362890,Black Mesa,2654,Very Positive,69557,94.0,Reviews_ASC,7,Very Positive,1720,1558,90.58,Very Positive,매우 긍정적,94.98,8.0,Very Positive,171.0,219
671860,BattleBit Remastered,2895,Very Positive,78141,82.0,Reviews_ASC,7,Very Positive,857,646,75.38,Very Positive,매우 긍정적,81.81,8.0,Very Positive,166.0,220
3764200,Resident Evil Requiem,7,Overwhelmingly Positive,50306,96.0,Reviews_ASC,8,Overwhelmingly Positive,2711,2626,96.86,Overwhelmingly Positive,압도적으로 긍정적,96.03,9.0,Overwhelmingly Positive,265.0,221
2050650,Resident Evil 4,11,Overwhelmingly Positive,65720,96.0,Reviews_ASC,8,Overwhelmingly Positive,4704,4613,98.07,Overwhelmingly Positive,압도적으로 긍정적,97.28,9.0,Overwhelmingly Positive,228.0,222
1623730,Palworld,17,Overwhelmingly Positive,151374,95.0,Reviews_ASC,8,Very Positive,21805,20728,95.06,Very Positive,매우 긍정적,94.26,8.0,Very Positive,199.0,223
3241660,R.E.P.O.,34,Overwhelmingly Positive,131152,96.0,Reviews_ASC,8,Overwhelmingly Positive,4704,4523,96.15,Overwhelmingly Positive,압도적으로 긍정적,96.1,9.0,Overwhelmingly Positive,205.0,224
3527290,PEAK,49,Overwhelmingly Positive,129151,95.0,Reviews_ASC,8,Very Positive,4689,4409,94.03,Very Positive,매우 긍정적,94.72,8.0,Very Positive,206.0,225
1086940,Baldur's Gate 3,50,Overwhelmingly Positive,442225,96.0,Reviews_ASC,8,Overwhelmingly Positive,16268,15801,97.13,Overwhelmingly Positive,압도적으로 긍정적,96.8,9.0,Overwhelmingly Positive,182.0,226
413150,Stardew Valley,54,Overwhelmingly Positive,387091,98.0,Reviews_DESC,8,Overwhelmingly Positive,35257,34575,98.07,Overwhelmingly Positive,압도적으로 긍정적,98.48,9.0,Overwhelmingly Positive,183.0,227
294100,RimWorld,54,Overwhelmingly Positive,117020,97.0,Reviews_ASC,8,Overwhelmingly Positive,8057,7903,98.09,Overwhelmingly Positive,압도적으로 긍정적,97.88,9.0,Overwhelmingly Positive,209.0,228
620,Portal 2,55,Overwhelmingly Positive,170739,98.0,Reviews_DESC,8,Overwhelmingly Positive,8804,8644,98.18,Overwhelmingly Positive,압도적으로 긍정적,98.7,9.0,Overwhelmingly Positive,194.0,229
1118200,People Playground,56,Overwhelmingly Positive,174076,98.0,Reviews_DESC,8,Overwhelmingly Positive,1270,1237,97.4,Overwhelmingly Positive,압도적으로 긍정적,98.48,9.0,Overwhelmingly Positive,193.0,230
1145360,Hades,57,Overwhelmingly Positive,140615,98.0,Reviews_DESC,8,Overwhelmingly Positive,6800,6589,96.9,Overwhelmingly Positive,압도적으로 긍정적,98.04,9.0,Overwhelmingly Positive,203.0,231
1794680,Vampire Survivors,58,Overwhelmingly Positive,126616,98.0,Reviews_DESC,8,Overwhelmingly Positive,15973,15687,98.21,Overwhelmingly Positive,압도적으로 긍정적,98.34,9.0,Overwhelmingly Positive,208.0,232
400,Portal,59,Overwhelmingly Positive,82068,98.0,Reviews_DESC,8,Overwhelmingly Positive,4481,4391,97.99,Overwhelmingly Positive,압도적으로 긍정적,98.52,9.0,Overwhelmingly Positive,220.0,233
433340,Slime Rancher,60,Overwhelmingly Positive,64789,98.0,Reviews_DESC,8,Overwhelmingly Positive,2647,2509,94.79,Overwhelmingly Positive,압도적으로 긍정적,97.99,9.0,Overwhelmingly Positive,229.0,234
546560,Half-Life: Alyx,61,Overwhelmingly Positive,61000,98.0,Reviews_DESC,8,Overwhelmingly Positive,2298,2272,98.87,Overwhelmingly Positive,압도적으로 긍정적,98.26,9.0,Overwhelmingly Positive,233.0,235
1671210,DELTARUNE,62,Overwhelmingly Positive,61425,98.0,Reviews_DESC,8,Overwhelmingly Positive,1060,1047,98.77,Overwhelmingly Positive,압도적으로 긍정적,98.41,9.0,Overwhelmingly Positive,232.0,236
526870,Satisfactory,63,Overwhelmingly Positive,133672,97.0,Reviews_ASC,8,Overwhelmingly Positive,3907,3781,96.78,Overwhelmingly Positive,압도적으로 긍정적,97.25,9.0,Overwhelmingly Positive,204.0,237
2592160,Dispatch,76,Overwhelmingly Positive,103920,97.0,Reviews_ASC,8,Overwhelmingly Positive,1132,1089,96.2,Overwhelmingly Positive,압도적으로 긍정적,97.6,9.0,Overwhelmingly Positive,211.0,238
813780,Age of Empires II: Definitive Edition,83,Overwhelmingly Positive,60572,95.0,Reviews_ASC,8,Very Positive,2074,1850,89.2,Very Positive,매우 긍정적,94.96,8.0,Very Positive,234.0,239
227300,Euro Truck Simulator 2,88,Overwhelmingly Positive,141747,97.0,_ASC,8,Overwhelmingly Positive,11804,11384,96.44,Overwhelmingly Positive,압도적으로 긍정적,97.45,9.0,Overwhelmingly Positive,202.0,240
1966720,Lethal Company,99,Overwhelmingly Positive,275348,97.0,Reviews_ASC,8,Overwhelmingly Positive,10760,10297,95.7,Overwhelmingly Positive,압도적으로 긍정적,97.0,9.0,Overwhelmingly Positive,184.0,241
883710,Resident Evil 2,103,Overwhelmingly Positive,55875,96.0,Reviews_ASC,8,Overwhelmingly Positive,4474,4299,96.09,Overwhelmingly Positive,압도적으로 긍정적,97.04,9.0,Overwhelmingly Positive,239.0,242
1426210,It Takes Two,106,Overwhelmingly Positive,46887,95.0,Reviews_ASC,8,Overwhelmingly Positive,8271,8000,96.72,Overwhelmingly Positive,압도적으로 긍정적,95.41,9.0,Overwhelmingly Positive,277.0,243
242760,The Forest,116,Overwhelmingly Positive,175941,95.0,Reviews_ASC,8,Overwhelmingly Positive,9317,8548,91.75,Overwhelmingly Positive,압도적으로 긍정적,95.54,9.0,Overwhelmingly Positive,192.0,245
322330,Don't Starve Together,120,Overwhelmingly Positive,80912,95.0,Reviews_ASC,8,Overwhelmingly Positive,12831,11986,93.41,Overwhelmingly Positive,압도적으로 긍정적,95.03,9.0,Overwhelmingly Positive,221.0,246
268910,Cuphead,121,Overwhelmingly Positive,63296,96.0,Reviews_ASC,8,Overwhelmingly Positive,3555,3351,94.26,Overwhelmingly Positive,압도적으로 긍정적,96.22,9.0,Overwhelmingly Positive,231.0,247
264710,Subnautica,126,Overwhelmingly Positive,185133,96.0,_ASC,8,Overwhelmingly Positive,5773,5425,93.97,Overwhelmingly Positive,압도적으로 긍정적,97.08,9.0,Overwhelmingly Positive,190.0,248
427520,Factorio,131,Overwhelmingly Positive,115570,98.0,Reviews_ASC,8,Overwhelmingly Positive,4049,3982,98.35,Overwhelmingly Positive,압도적으로 긍정적,97.51,9.0,Overwhelmingly Positive,210.0,249
1196590,Resident Evil Village,138,Overwhelmingly Positive,45396,95.0,_ASC,8,Overwhelmingly Positive,2489,2395,96.22,Overwhelmingly Positive,압도적으로 긍정적,95.6,9.0,Overwhelmingly Positive,292.0,250
632360,Risk of Rain 2,152,Overwhelmingly Positive,161223,95.0,Reviews_ASC,8,Very Positive,4303,3877,90.1,Very Positive,매우 긍정적,93.79,8.0,Very Positive,197.0,251
105600,Terraria,160,Overwhelmingly Positive,592928,97.0,Reviews_ASC,8,Overwhelmingly Positive,17745,17035,96.0,Overwhelmingly Positive,압도적으로 긍정적,97.39,9.0,Overwhelmingly Positive,180.0,252
1903340,Clair Obscur: Expedition 33,161,Overwhelmingly Positive,99113,96.0,Reviews_ASC,8,Overwhelmingly Positive,5783,5512,95.31,Overwhelmingly Positive,압도적으로 긍정적,95.38,9.0,Overwhelmingly Positive,213.0,253
1868140,DAVE THE DIVER,164,Overwhelmingly Positive,48310,96.0,Reviews_ASC,8,Overwhelmingly Positive,11590,11264,97.19,Overwhelmingly Positive,압도적으로 긍정적,96.74,9.0,Overwhelmingly Positive,271.0,254
1145350,Hades II,176,Overwhelmingly Positive,63746,96.0,Reviews_ASC,8,Overwhelmingly Positive,1985,1896,95.52,Overwhelmingly Positive,압도적으로 긍정적,95.7,9.0,Overwhelmingly Positive,230.0,255
250900,The Binding of Isaac: Rebirth,181,Overwhelmingly Positive,145187,97.0,_ASC,8,Overwhelmingly Positive,11817,11396,96.44,Overwhelmingly Positive,압도적으로 긍정적,97.19,9.0,Overwhelmingly Positive,200.0,256
550,Left 4 Dead 2,187,Overwhelmingly Positive,228042,97.0,Reviews_ASC,8,Overwhelmingly Positive,16450,15689,95.37,Overwhelmingly Positive,압도적으로 긍정적,97.53,9.0,Overwhelmingly Positive,186.0,257
270880,American Truck Simulator,221,Overwhelmingly Positive,92654,97.0,Reviews_ASC,8,Overwhelmingly Positive,1419,1363,96.05,Overwhelmingly Positive,압도적으로 긍정적,96.92,9.0,Overwhelmingly Positive,215.0,258
284160,BeamNG.drive,237,Overwhelmingly Positive,200237,97.0,Reviews_ASC,8,Overwhelmingly Positive,1903,1781,93.59,Overwhelmingly Positive,압도적으로 긍정적,97.44,9.0,Overwhelmingly Positive,188.0,259
960090,Bloons TD 6,269,Overwhelmingly Positive,226324,97.0,Reviews_DESC,8,Overwhelmingly Positive,1851,1768,95.52,Overwhelmingly Positive,압도적으로 긍정적,97.2,9.0,Overwhelmingly Positive,187.0,260
548430,Deep Rock Galactic,271,Overwhelmingly Positive,169919,97.0,Reviews_DESC,8,Overwhelmingly Positive,3442,3298,95.82,Overwhelmingly Positive,압도적으로 긍정적,97.16,9.0,Overwhelmingly Positive,195.0,261
3164500,Schedule I,272,Overwhelmingly Positive,192069,97.0,Reviews_DESC,8,Overwhelmingly Positive,508,479,94.29,Overwhelmingly Positive,압도적으로 긍정적,97.86,9.0,Overwhelmingly Positive,189.0,262
1229490,ULTRAKILL,275,Overwhelmingly Positive,144134,97.0,Reviews_DESC,8,Overwhelmingly Positive,727,716,98.49,Overwhelmingly Positive,압도적으로 긍정적,97.4,9.0,Overwhelmingly Positive,201.0,263
220,Half-Life 2,276,Overwhelmingly Positive,89080,97.0,Reviews_DESC,8,Overwhelmingly Positive,2813,2671,94.95,Overwhelmingly Positive,압도적으로 긍정적,97.61,9.0,Overwhelmingly Positive,216.0,264
508440,Totally Accurate Battle Simulator,286,Overwhelmingly Positive,82967,98.0,Reviews_DESC,8,Overwhelmingly Positive,3034,2908,95.85,Overwhelmingly Positive,압도적으로 긍정적,97.81,9.0,Overwhelmingly Positive,218.0,265
48700,Mount & Blade: Warband,288,Overwhelmingly Positive,54776,97.0,Reviews_DESC,8,Overwhelmingly Positive,2370,2301,97.09,Overwhelmingly Positive,압도적으로 긍정적,97.72,9.0,Overwhelmingly Positive,241.0,266
1289310,Helltaker,289,Overwhelmingly Positive,53827,97.0,Reviews_DESC,8,Overwhelmingly Positive,5385,5295,98.33,Overwhelmingly Positive,압도적으로 긍정적,97.7,9.0,Overwhelmingly Positive,244.0,267
504230,Celeste,290,Overwhelmingly Positive,59483,97.0,Reviews_DESC,8,Overwhelmingly Positive,1642,1591,96.89,Overwhelmingly Positive,압도적으로 긍정적,97.42,9.0,Overwhelmingly Positive,235.0,268
292030,The Witcher 3: Wild Hunt,292,Overwhelmingly Positive,236200,96.0,Reviews_ASC,8,Overwhelmingly Positive,16690,15743,94.33,Overwhelmingly Positive,압도적으로 긍정적,96.78,9.0,Overwhelmingly Positive,185.0,269
1150690,OMORI,294,Overwhelmingly Positive,53501,97.0,Reviews_DESC,8,Overwhelmingly Positive,1890,1753,92.75,Overwhelmingly Positive,압도적으로 긍정적,97.1,9.0,Overwhelmingly Positive,250.0,270
1113000,Persona 4 Golden,297,Overwhelmingly Positive,44991,97.0,Reviews_DESC,8,Overwhelmingly Positive,2484,2373,95.53,Overwhelmingly Positive,압도적으로 긍정적,97.03,9.0,Overwhelmingly Positive,298.0,271
367520,Hollow Knight,298,Overwhelmingly Positive,178209,97.0,Reviews_ASC,8,Overwhelmingly Positive,12551,11996,95.58,Overwhelmingly Positive,압도적으로 긍정적,96.92,9.0,Overwhelmingly Positive,191.0,272
457140,Oxygen Not Included,310,Overwhelmingly Positive,48592,95.0,_ASC,8,Overwhelmingly Positive,4759,4549,95.59,Overwhelmingly Positive,압도적으로 긍정적,96.78,9.0,Overwhelmingly Positive,268.0,273
1313140,Cult of the Lamb,318,Overwhelmingly Positive,58763,96.0,Reviews_ASC,8,Overwhelmingly Positive,2615,2440,93.31,Overwhelmingly Positive,압도적으로 긍정적,95.86,9.0,Overwhelmingly Positive,237.0,274
1817070,Marvel’s Spider-Man Remastered,339,Overwhelmingly Positive,53213,96.0,Reviews_ASC,8,Overwhelmingly Positive,4220,4017,95.19,Overwhelmingly Positive,압도적으로 긍정적,95.98,9.0,Overwhelmingly Positive,253.0,275
2379780,Balatro,368,Overwhelmingly Positive,101175,98.0,Reviews_ASC,8,Overwhelmingly Positive,2339,2282,97.56,Overwhelmingly Positive,압도적으로 긍정적,97.87,9.0,Overwhelmingly Positive,212.0,276
1332010,Stray,373,Overwhelmingly Positive,77824,97.0,_ASC,8,Overwhelmingly Positive,2150,2054,95.53,Overwhelmingly Positive,압도적으로 긍정적,97.22,9.0,Overwhelmingly Positive,224.0,277
1222140,Detroit: Become Human,374,Overwhelmingly Positive,53823,95.0,Reviews_ASC,8,Overwhelmingly Positive,3762,3522,93.62,Overwhelmingly Positive,압도적으로 긍정적,96.29,9.0,Overwhelmingly Positive,247.0,278
646570,Slay the Spire,377,Overwhelmingly Positive,75260,97.0,_ASC,8,Overwhelmingly Positive,10097,9915,98.2,Overwhelmingly Positive,압도적으로 긍정적,97.57,9.0,Overwhelmingly Positive,227.0,279
233860,Kenshi,404,Overwhelmingly Positive,47400,95.0,Reviews_ASC,8,Overwhelmingly Positive,1562,1400,89.63,Overwhelmingly Positive,압도적으로 긍정적,95.57,9.0,Overwhelmingly Positive,274.0,280
391540,Undertale,406,Overwhelmingly Positive,157484,96.0,Reviews_ASC,8,Overwhelmingly Positive,10351,9998,96.59,Overwhelmingly Positive,압도적으로 긍정적,96.5,9.0,Overwhelmingly Positive,198.0,281
4000,Garry's Mod,441,Overwhelmingly Positive,529082,97.0,Reviews_ASC,8,Overwhelmingly Positive,11427,10682,93.48,Overwhelmingly Positive,압도적으로 긍정적,96.86,9.0,Overwhelmingly Positive,181.0,282
753640,Outer Wilds,467,Overwhelmingly Positive,50808,95.0,Reviews_ASC,8,Overwhelmingly Positive,1383,1276,92.26,Overwhelmingly Positive,압도적으로 긍정적,95.61,9.0,Overwhelmingly Positive,262.0,283
1593500,God of War,469,Overwhelmingly Positive,59150,96.0,Reviews_ASC,8,Overwhelmingly Positive,3969,3758,94.68,Overwhelmingly Positive,압도적으로 긍정적,95.95,9.0,Overwhelmingly Positive,236.0,284
8930,Sid Meier's Civilization® V,520,Overwhelmingly Positive,78313,95.0,_ASC,8,Overwhelmingly Positive,8879,8497,95.7,Overwhelmingly Positive,압도적으로 긍정적,95.59,9.0,Overwhelmingly Positive,223.0,285
220200,Kerbal Space Program,523,Overwhelmingly Positive,80855,96.0,_ASC,8,Overwhelmingly Positive,1073,1026,95.62,Overwhelmingly Positive,압도적으로 긍정적,95.5,9.0,Overwhelmingly Positive,222.0,286
435150,Divinity: Original Sin 2 - Definitive Edition,582,Overwhelmingly Positive,82784,95.0,Reviews_ASC,8,Overwhelmingly Positive,4007,3803,94.91,Overwhelmingly Positive,압도적으로 긍정적,95.68,9.0,Overwhelmingly Positive,219.0,287
620980,Beat Saber,613,Overwhelmingly Positive,52937,95.0,_ASC,8,Overwhelmingly Positive,1459,1398,95.82,Overwhelmingly Positive,압도적으로 긍정적,95.51,9.0,Overwhelmingly Positive,259.0,288
698780,Doki Doki Literature Club!,660,Overwhelmingly Positive,127551,96.0,Reviews_DESC,8,Overwhelmingly Positive,4786,4541,94.88,Overwhelmingly Positive,압도적으로 긍정적,96.48,9.0,Overwhelmingly Positive,207.0,289
319630,Life is Strange - Episode 1,663,Overwhelmingly Positive,75832,95.0,Reviews_DESC,8,Overwhelmingly Positive,2439,2317,95.0,Overwhelmingly Positive,압도적으로 긍정적,96.24,9.0,Overwhelmingly Positive,225.0,290
1092790,Inscryption,669,Overwhelmingly Positive,75313,96.0,Reviews_DESC,8,Overwhelmingly Positive,3617,3415,94.42,Overwhelmingly Positive,압도적으로 긍정적,96.85,9.0,Overwhelmingly Positive,226.0,291
204360,Castle Crashers®,675,Overwhelmingly Positive,45053,97.0,Reviews_DESC,8,Overwhelmingly Positive,1486,1346,90.58,Overwhelmingly Positive,압도적으로 긍정적,96.18,9.0,Overwhelmingly Positive,295.0,292
1454400,Cookie Clicker,682,Overwhelmingly Positive,52944,96.0,Reviews_DESC,8,Overwhelmingly Positive,609,583,95.73,Overwhelmingly Positive,압도적으로 긍정적,96.46,9.0,Overwhelmingly Positive,256.0,293
1237970,Titanfall® 2,786,Overwhelmingly Positive,94464,95.0,_ASC,8,Overwhelmingly Positive,3648,3532,96.82,Overwhelmingly Positive,압도적으로 긍정적,95.61,9.0,Overwhelmingly Positive,214.0,294
881100,Noita,836,Overwhelmingly Positive,46640,95.0,Reviews_ASC,8,Overwhelmingly Positive,1325,1229,92.75,Overwhelmingly Positive,압도적으로 긍정적,95.19,9.0,Overwhelmingly Positive,283.0,295
22380,Fallout: New Vegas,1112,Overwhelmingly Positive,167774,96.0,Reviews_DESC,8,Overwhelmingly Positive,2511,2319,92.35,Overwhelmingly Positive,압도적으로 긍정적,96.0,9.0,Overwhelmingly Positive,196.0,296
379720,DOOM,1117,Overwhelmingly Positive,83746,95.0,Reviews_DESC,8,Overwhelmingly Positive,3444,3251,94.4,Overwhelmingly Positive,압도적으로 긍정적,95.51,9.0,Overwhelmingly Positive,217.0,297
636480,Ravenfield,1418,Overwhelmingly Positive,45714,97.0,Reviews_ASC,8,Overwhelmingly Positive,975,939,96.31,Overwhelmingly Positive,압도적으로 긍정적,96.74,9.0,Overwhelmingly Positive,289.0,298
70,Half-Life,1726,Overwhelmingly Positive,57752,96.0,_ASC,8,Overwhelmingly Positive,1619,1479,91.35,Overwhelmingly Positive,압도적으로 긍정적,96.51,9.0,Overwhelmingly Positive,238.0,299
212680,FTL: Faster Than Light,2056,Overwhelmingly Positive,46408,95.0,_ASC,8,Overwhelmingly Positive,1721,1625,94.42,Overwhelmingly Positive,압도적으로 긍정적,95.13,9.0,Overwhelmingly Positive,286.0,300
977950,A Dance of Fire and Ice,193,Overwhelmingly Positive,15044,95.0,Reviews_ASC,8,Very Positive,27076,24921,92.04,Very Positive,매우 긍정적,94.08,8.0,Very Positive,,301
