appid,name,tag_id,tag_name,overall_rating_bin,steam_score_desc,steam_score_desc_ko,overall_positive_review_percent,search_total_reviews,korean_reviews,korean_positive_percent,search_rank,search_sort,review_score_desc,priority
3551340,Football Manager 26,9,Strategy,Mostly Negative,Mostly Negative,대체로 부정적,33.42,8560,2001,13.74,33,Reviews_ASC,Mostly Negative,1
2584990,Shadowverse: Worlds Beyond,9,Strategy,Mostly Negative,Mostly Negative,대체로 부정적,29.11,6427,1623,22.18,167,Reviews_ASC,Mostly Negative,2
578080,PUBG: BATTLEGROUNDS,9,Strategy,Mixed,Mixed,복합적,60.35,446169,146863,71.5,2,Reviews_ASC,Mixed,3
304390,FOR HONOR™,9,Strategy,Mixed,Mixed,복합적,69.15,57489,4050,59.09,94,Reviews_ASC,Mixed,4
949230,Cities: Skylines II,9,Strategy,Mixed,Mixed,복합적,54.55,33287,1923,55.95,24,Reviews_ASC,Mixed,5
363150,Romance of the Three Kingdoms XIII,9,Strategy,Mixed,Mixed,복합적,57.82,879,1621,67.24,186,Reviews_ASC,Mixed,6
1677280,Company of Heroes 3,9,Strategy,Mixed,Mixed,복합적,56.99,12942,1581,43.96,39,Reviews_ASC,Mixed,7
1352080,SMASH LEGENDS,9,Strategy,Mixed,Mixed,복합적,68.83,2926,1227,56.64,791,Reviews_ASC,Mixed,8
1997040,MARVEL SNAP,9,Strategy,Mostly Positive,Mostly Positive,대체로 긍정적,72.84,19850,1219,77.52,282,Reviews_ASC,Mostly Positive,9
1295660,Sid Meier's Civilization VII,9,Strategy,Mixed,Mixed,복합적,48.5,27904,1061,41.28,32,_ASC,Mixed,10
1124300,HUMANKIND™,9,Strategy,Mixed,Mixed,복합적,68.97,12216,700,57.14,336,Reviews_ASC,Mixed,11
3308670,GIRLS' FRONTLINE 2: EXILIUM,9,Strategy,Mixed,Mixed,복합적,52.15,1021,674,35.46,57,Reviews_ASC,Mixed,12
285190,"Warhammer 40,000: Dawn of War III",9,Strategy,Mixed,Mixed,복합적,48.42,7770,571,33.1,795,Reviews_ASC,Mixed,13
1424800,Uncharted Waters IV HD Version,9,Strategy,Mixed,Mixed,복합적,65.52,1881,523,69.22,309,Reviews_ASC,Mixed,14
1845910,Dragon Age™: The Veilguard,9,Strategy,Mixed,Mixed,복합적,68.43,28838,478,65.69,639,Reviews_ASC,Mixed,15
1604270,Broken Arrow,9,Strategy,Mixed,Mixed,복합적,55.95,9376,420,48.57,174,Reviews_ASC,Mixed,16
712100,A Total War Saga: THRONES OF BRITANNIA,9,Strategy,Mostly Positive,Mostly Positive,대체로 긍정적,70.48,7102,368,72.01,788,Reviews_ASC,Mostly Positive,17
593600,PixARK,9,Strategy,Mostly Positive,Mostly Positive,대체로 긍정적,73.07,3194,343,65.31,754,_ASC,Mostly Positive,18
1341200,DYNASTY WARRIORS 9 Empires,9,Strategy,Mixed,Mixed,복합적,49.51,1663,257,63.81,465,Reviews_ASC,Mixed,19
3274580,Anno 117: Pax Romana,9,Strategy,Mixed,Mixed,복합적,69.67,5081,222,72.52,87,Reviews_ASC,Mixed,20
1292630,3on3 FreeStyle: Rebound,9,Strategy,Mixed,Mixed,복합적,62.24,2463,217,45.16,195,Reviews_ASC,Mixed,21
381210,Dead by Daylight,9,Strategy,Mostly Positive,Mostly Positive,대체로 긍정적,78.51,256286,23819,73.16,7,_ASC,Mostly Positive,22
1449850,Yu-Gi-Oh! Master Duel,9,Strategy,Mostly Positive,Mostly Positive,대체로 긍정적,71.97,48129,8315,75.01,3,Reviews_ASC,Mostly Positive,23
550650,Black Squad,9,Strategy,Mostly Positive,Mostly Positive,대체로 긍정적,75.83,25422,3742,73.46,287,Reviews_ASC,Mostly Positive,24
1142710,Total War: WARHAMMER III,9,Strategy,Mostly Positive,Mostly Positive,대체로 긍정적,70.55,54587,3685,69.31,26,Reviews_ASC,Mostly Positive,25
835570,Conqueror's Blade,9,Strategy,Mixed,Mixed,복합적,67.38,6717,2906,75.29,44,Reviews_ASC,Mixed,26
529340,Victoria 3,9,Strategy,Mostly Positive,Mostly Positive,대체로 긍정적,70.4,20318,2174,76.63,45,Reviews_ASC,Mostly Positive,27
761890,Albion Online,9,Strategy,Mostly Positive,Mostly Positive,대체로 긍정적,78.52,26904,2116,81.95,59,Reviews_ASC,Mostly Positive,28
2767030,Marvel Rivals,9,Strategy,Mostly Positive,Mostly Positive,대체로 긍정적,76.37,283379,2065,74.04,29,Reviews_ASC,Mostly Positive,29
8500,EVE Online,9,Strategy,Mostly Positive,Mostly Positive,대체로 긍정적,73.49,22848,1596,76.88,112,_ASC,Mostly Positive,30
444200,World of Tanks Blitz,9,Strategy,Mostly Positive,Mostly Positive,대체로 긍정적,78.04,24355,1298,64.02,76,Reviews_ASC,Mostly Positive,31
1407200,World of Tanks,9,Strategy,Very Positive,Very Positive,매우 긍정적,80.24,24739,1257,76.37,23,Reviews_ASC,Very Positive,32
368500,Assassin's Creed® Syndicate,9,Strategy,Very Positive,Very Positive,매우 긍정적,80.05,10015,1209,78.0,205,Reviews_ASC,Very Positive,33
916440,Anno 1800,9,Strategy,Very Positive,Very Positive,매우 긍정적,81.36,11721,1167,86.2,109,Reviews_ASC,Very Positive,34
376210,The Isle,9,Strategy,Very Positive,Very Positive,매우 긍정적,80.18,58069,1159,78.08,182,Reviews_ASC,Very Positive,35
625960,Stoneshard,9,Strategy,Mostly Positive,Mostly Positive,대체로 긍정적,74.59,11240,1032,73.84,50,_ASC,Mostly Positive,36
3609080,StarSavior,9,Strategy,Mixed,Mixed,복합적,60.97,1126,901,37.51,58,Reviews_ASC,Mixed,37
1601580,Frostpunk 2,9,Strategy,Mostly Positive,Mostly Positive,대체로 긍정적,75.01,9326,810,58.52,221,Reviews_ASC,Mostly Positive,38
1222690,Dragon Age™ Inquisition,9,Strategy,Mostly Positive,Mostly Positive,대체로 긍정적,75.7,10769,609,72.09,672,Reviews_ASC,Mostly Positive,39
1676840,For The King II,9,Strategy,Mostly Positive,Mostly Positive,대체로 긍정적,70.68,5262,582,59.45,63,Reviews_ASC,Mostly Positive,40
3450310,Europa Universalis V,9,Strategy,Mixed,Mixed,복합적,68.39,12877,514,60.89,115,Reviews_ASC,Mixed,41
313120,Stranded Deep,9,Strategy,Mostly Positive,Mostly Positive,대체로 긍정적,74.29,23356,514,66.93,311,Reviews_ASC,Mostly Positive,42
1617400,The Bazaar,9,Strategy,Mostly Positive,Mostly Positive,대체로 긍정적,72.93,5584,446,84.75,164,Reviews_ASC,Mostly Positive,43
2503740,Storm Striker,9,Strategy,Mostly Positive,Mostly Positive,대체로 긍정적,71.09,1063,426,74.65,489,Reviews_ASC,Mostly Positive,44
235600,Tom Clancy’s Splinter Cell Blacklist,9,Strategy,Mostly Positive,Mostly Positive,대체로 긍정적,78.9,8384,405,82.47,725,Reviews_ASC,Mostly Positive,45
1954420,Riichi City - Japanese Mahjong,9,Strategy,Mixed,Mixed,복합적,48.03,908,382,61.52,580,Reviews_ASC,Mixed,46
826630,Iron Harvest,9,Strategy,Mostly Positive,Mostly Positive,대체로 긍정적,72.66,6091,357,52.38,731,Reviews_ASC,Mostly Positive,47
2620240,Spectral Scream,9,Strategy,Mostly Positive,Mostly Positive,대체로 긍정적,78.17,652,352,84.38,577,Reviews_ASC,Mostly Positive,48
2622000,Astral Party,9,Strategy,Mixed,Mixed,복합적,54.75,1790,351,78.92,60,Reviews_ASC,Mixed,49
2526380,Sword of Convallaria,9,Strategy,Mostly Positive,Mostly Positive,대체로 긍정적,75.12,2793,310,73.23,227,Reviews_ASC,Mostly Positive,50
1812450,Bellwright,9,Strategy,Very Positive,Very Positive,매우 긍정적,80.63,9542,307,76.55,136,Reviews_ASC,Very Positive,51
392160,X4: Foundations,9,Strategy,Mostly Positive,Mostly Positive,대체로 긍정적,79.98,13184,306,74.51,283,Reviews_ASC,Mostly Positive,52
359320,Elite Dangerous,9,Strategy,Mostly Positive,Mostly Positive,대체로 긍정적,77.36,52783,303,69.31,416,Reviews_ASC,Mostly Positive,53
1850510,TRIANGLE STRATEGY,9,Strategy,Mostly Positive,Mostly Positive,대체로 긍정적,79.91,1444,289,79.24,260,Reviews_ASC,Mostly Positive,54
505460,Foxhole,9,Strategy,Mostly Positive,Mostly Positive,대체로 긍정적,79.63,29087,285,75.09,652,Reviews_ASC,Mostly Positive,55
1611910,"Warhammer 40,000: Chaos Gate - Daemonhunters",9,Strategy,Mostly Positive,Mostly Positive,대체로 긍정적,76.79,7331,247,80.97,183,Reviews_ASC,Mostly Positive,56
1809700,Persona 3 Portable,9,Strategy,Very Positive,Very Positive,매우 긍정적,80.61,2903,238,81.09,310,Reviews_ASC,Very Positive,57
718670,Cultist Simulator,9,Strategy,Mostly Positive,Mostly Positive,대체로 긍정적,79.93,5217,231,81.39,567,Reviews_ASC,Mostly Positive,58
1361000,In Silence,9,Strategy,Mostly Positive,Mostly Positive,대체로 긍정적,74.61,4749,228,71.49,713,_ASC,Mostly Positive,59
2688950,Planet Coaster 2,9,Strategy,Mostly Positive,Mostly Positive,대체로 긍정적,72.84,7921,215,65.58,135,Reviews_ASC,Mostly Positive,60
1426450,Age of Darkness: Final Stand,9,Strategy,Mostly Positive,Mostly Positive,대체로 긍정적,74.79,5383,215,67.91,704,Reviews_ASC,Mostly Positive,61
359550,Tom Clancy's Rainbow Six Siege,9,Strategy,Very Positive,Very Positive,매우 긍정적,82.39,785810,52584,79.67,8,_ASC,Very Positive,62
1049590,Eternal Return,9,Strategy,Mostly Positive,Mostly Positive,대체로 긍정적,76.27,12507,35289,75.05,6,Reviews_ASC,Mostly Positive,63
730,Counter-Strike 2,9,Strategy,Very Positive,Very Positive,매우 긍정적,86.12,2549879,25699,80.17,1,Reviews_ASC,Very Positive,64
1973530,Limbus Company,9,Strategy,Very Positive,Very Positive,매우 긍정적,87.75,45908,17332,83.8,5,Reviews_ASC,Very Positive,65
289070,Sid Meier’s Civilization® VI,9,Strategy,Very Positive,Very Positive,매우 긍정적,86.04,106356,12309,89.42,47,Reviews_ASC,Very Positive,66
648800,Raft,9,Strategy,Very Positive,Very Positive,매우 긍정적,93.04,128651,10557,90.68,19,Reviews_ASC,Very Positive,67
568220,Lobotomy Corporation | Monster Management Simulation,9,Strategy,Very Positive,Very Positive,매우 긍정적,94.21,13561,9526,89.71,75,Reviews_ASC,Very Positive,68
262060,Darkest Dungeon®,9,Strategy,Very Positive,Very Positive,매우 긍정적,91.68,56109,9199,85.77,114,Reviews_ASC,Very Positive,69
218620,PAYDAY 2,9,Strategy,Very Positive,Very Positive,매우 긍정적,89.32,174500,8578,80.4,68,Reviews_ASC,Very Positive,70
394360,Hearts of Iron IV,9,Strategy,Very Positive,Very Positive,매우 긍정적,90.2,121906,7426,88.39,20,Reviews_ASC,Very Positive,71
322170,Geometry Dash,9,Strategy,Very Positive,Very Positive,매우 긍정적,93.06,280347,6885,88.76,73,Reviews_ASC,Very Positive,72
255710,Cities: Skylines,9,Strategy,Very Positive,Very Positive,매우 긍정적,92.88,99687,6552,93.38,56,Reviews_ASC,Very Positive,73
779340,Total War: THREE KINGDOMS,9,Strategy,Very Positive,Very Positive,매우 긍정적,82.21,17266,5991,88.25,89,Reviews_ASC,Very Positive,74
323190,Frostpunk,9,Strategy,Very Positive,Very Positive,매우 긍정적,92.72,38447,5187,94.56,116,Reviews_ASC,Very Positive,75
570,Dota 2,9,Strategy,Very Positive,Very Positive,매우 긍정적,80.77,829381,5169,76.09,22,Reviews_ASC,Very Positive,76
261550,Mount & Blade II: Bannerlord,9,Strategy,Very Positive,Very Positive,매우 긍정적,87.7,97015,4877,82.84,25,_ASC,Very Positive,77
728880,Overcooked! 2,9,Strategy,Very Positive,Very Positive,매우 긍정적,90.46,14267,4718,95.21,30,Reviews_ASC,Very Positive,78
1568590,Goose Goose Duck,9,Strategy,Very Positive,Very Positive,매우 긍정적,86.55,12997,4125,90.55,117,Reviews_ASC,Very Positive,79
268500,XCOM® 2,9,Strategy,Very Positive,Very Positive,매우 긍정적,84.57,44522,4048,87.85,230,Reviews_ASC,Very Positive,80
2868840,Slay the Spire 2,9,Strategy,Mixed,Mixed,복합적,63.18,53286,4009,87.8,4,_ASC,Mixed,81
282070,This War of Mine,9,Strategy,Very Positive,Very Positive,매우 긍정적,93.86,22909,3935,95.2,259,Reviews_ASC,Very Positive,82
240720,Getting Over It with Bennett Foddy,9,Strategy,Very Positive,Very Positive,매우 긍정적,82.31,41113,3905,75.16,246,Reviews_ASC,Very Positive,83
251570,7 Days to Die,9,Strategy,Very Positive,Very Positive,매우 긍정적,87.12,124456,3865,86.18,48,Reviews_ASC,Very Positive,84
305620,The Long Dark,9,Strategy,Very Positive,Very Positive,매우 긍정적,89.01,40372,3849,87.53,226,Reviews_ASC,Very Positive,85
1158310,Crusader Kings III,9,Strategy,Very Positive,Very Positive,매우 긍정적,90.46,49089,3691,93.04,17,Reviews_ASC,Very Positive,86
594570,Total War: WARHAMMER II,9,Strategy,Very Positive,Very Positive,매우 긍정적,93.0,50705,3500,94.69,79,Reviews_ASC,Very Positive,87
107410,Arma 3,9,Strategy,Very Positive,Very Positive,매우 긍정적,90.41,110535,2893,81.23,212,Reviews_ASC,Very Positive,88
518790,theHunter: Call of the Wild™,9,Strategy,Very Positive,Very Positive,매우 긍정적,89.09,62326,2659,84.66,66,Reviews_ASC,Very Positive,89
460930,Tom Clancy's Ghost Recon® Wildlands,9,Strategy,Mostly Positive,Mostly Positive,대체로 긍정적,79.65,37467,2427,74.7,304,Reviews_ASC,Mostly Positive,90
527230,For The King,9,Strategy,Very Positive,Very Positive,매우 긍정적,87.82,11594,2311,91.95,189,Reviews_ASC,Very Positive,91
281990,Stellaris,9,Strategy,Very Positive,Very Positive,매우 긍정적,85.93,75695,2301,89.09,35,Reviews_ASC,Very Positive,92
231430,Company of Heroes 2,9,Strategy,Mostly Positive,Mostly Positive,대체로 긍정적,79.04,28323,2255,75.48,313,Reviews_ASC,Mostly Positive,93
208650,Batman™: Arkham Knight,9,Strategy,Very Positive,Very Positive,매우 긍정적,89.53,49724,2200,77.91,313,_ASC,Very Positive,94
493340,Planet Coaster,9,Strategy,Very Positive,Very Positive,매우 긍정적,91.36,31112,2065,90.07,351,Reviews_ASC,Very Positive,95
644930,They Are Billions,9,Strategy,Very Positive,Very Positive,매우 긍정적,85.19,18812,1957,83.9,210,Reviews_ASC,Very Positive,96
1527950,Wartales,9,Strategy,Very Positive,Very Positive,매우 긍정적,86.26,13284,1857,91.28,43,Reviews_ASC,Very Positive,97
356190,Middle-earth™: Shadow of War™,9,Strategy,Very Positive,Very Positive,매우 긍정적,88.88,36133,1798,74.25,225,Reviews_ASC,Very Positive,98
1238860,Battlefield 4™,9,Strategy,Very Positive,Very Positive,매우 긍정적,84.89,28969,1620,70.93,427,Reviews_ASC,Very Positive,99
200510,XCOM: Enemy Unknown,9,Strategy,Very Positive,Very Positive,매우 긍정적,93.19,24872,1600,94.88,772,Reviews_ASC,Very Positive,100
703080,Planet Zoo,9,Strategy,Very Positive,Very Positive,매우 긍정적,91.13,41873,1596,84.15,61,_ASC,Very Positive,101
236850,Europa Universalis IV,9,Strategy,Very Positive,Very Positive,매우 긍정적,87.62,47533,1542,87.29,139,Reviews_ASC,Very Positive,102
2679460,Metaphor: ReFantazio,9,Strategy,Very Positive,Very Positive,매우 긍정적,89.81,13351,1521,91.06,169,Reviews_ASC,Very Positive,103
3314790,CloverPit,9,Strategy,Very Positive,Very Positive,매우 긍정적,90.29,11821,1519,88.02,34,Reviews_ASC,Very Positive,104
201270,Total War: SHOGUN 2,9,Strategy,Very Positive,Very Positive,매우 긍정적,91.78,21493,1427,91.38,159,Reviews_ASC,Very Positive,105
601510,Yu-Gi-Oh! Duel Links,9,Strategy,Very Positive,Very Positive,매우 긍정적,82.94,20339,1366,74.6,106,Reviews_ASC,Very Positive,106
429050,Feed and Grow: Fish,9,Strategy,Mostly Positive,Mostly Positive,대체로 긍정적,78.11,12568,1346,76.3,129,Reviews_ASC,Mostly Positive,107
1139900,Ghostrunner,9,Strategy,Very Positive,Very Positive,매우 긍정적,91.25,19217,1228,85.75,627,Reviews_ASC,Very Positive,108
1466860,Age of Empires IV: Anniversary Edition,9,Strategy,Very Positive,Very Positive,매우 긍정적,85.73,28072,1221,85.75,21,Reviews_ASC,Very Positive,109
648350,Jurassic World Evolution,9,Strategy,Very Positive,Very Positive,매우 긍정적,87.4,23330,1215,81.56,443,Reviews_ASC,Very Positive,110
233450,Prison Architect,9,Strategy,Very Positive,Very Positive,매우 긍정적,89.27,33867,1197,86.97,348,Reviews_ASC,Very Positive,111
393380,Squad,9,Strategy,Very Positive,Very Positive,매우 긍정적,81.18,82688,1117,75.65,178,Reviews_ASC,Very Positive,112
1363080,Manor Lords,9,Strategy,Very Positive,Very Positive,매우 긍정적,84.34,38687,1109,73.58,72,Reviews_ASC,Very Positive,113
246620,Plague Inc: Evolved,9,Strategy,Very Positive,Very Positive,매우 긍정적,94.26,25946,1063,92.47,78,Reviews_ASC,Very Positive,114
203770,Crusader Kings II,9,Strategy,Very Positive,Very Positive,매우 긍정적,90.55,47697,1054,91.37,563,Reviews_ASC,Very Positive,115
1244460,Jurassic World Evolution 2,9,Strategy,Very Positive,Very Positive,매우 긍정적,90.32,20011,1047,84.15,299,Reviews_ASC,Very Positive,116
364360,Total War: WARHAMMER,9,Strategy,Mostly Positive,Mostly Positive,대체로 긍정적,78.49,18129,1023,86.41,107,Reviews_ASC,Mostly Positive,117
686810,Hell Let Loose,9,Strategy,Very Positive,Very Positive,매우 긍정적,81.82,61818,1008,73.51,100,Reviews_ASC,Very Positive,118
371660,Far Cry® Primal,9,Strategy,Very Positive,Very Positive,매우 긍정적,86.26,14145,872,75.8,548,Reviews_ASC,Very Positive,119
466560,Northgard: Definitive Edition,9,Strategy,Very Positive,Very Positive,매우 긍정적,85.31,23092,867,76.82,278,Reviews_ASC,Very Positive,120
674940,Stick Fight: The Game,9,Strategy,Very Positive,Very Positive,매우 긍정적,93.49,52491,858,91.03,414,Reviews_ASC,Very Positive,121
365360,Battle Brothers,9,Strategy,Very Positive,Very Positive,매우 긍정적,88.04,14862,812,91.13,153,Reviews_ASC,Very Positive,122
218230,PlanetSide 2,9,Strategy,Very Positive,Very Positive,매우 긍정적,80.53,47371,802,76.43,675,Reviews_ASC,Very Positive,123
214950,Total War: ROME II - Emperor Edition,9,Strategy,Very Positive,Very Positive,매우 긍정적,87.48,31777,762,89.9,206,Reviews_ASC,Very Positive,124
10180,Call of Duty®: Modern Warfare® 2 (2009),9,Strategy,Very Positive,Very Positive,매우 긍정적,93.31,16872,730,95.62,150,Reviews_ASC,Very Positive,125
325610,Total War: ATTILA,9,Strategy,Very Positive,Very Positive,매우 긍정적,82.39,13303,679,86.3,301,Reviews_ASC,Very Positive,126
47890,The Sims™ 3,9,Strategy,Very Positive,Very Positive,매우 긍정적,86.25,20405,665,82.86,172,Reviews_ASC,Very Positive,127
203140,Hitman: Absolution™,9,Strategy,Very Positive,Very Positive,매우 긍정적,93.15,13801,661,86.23,769,Reviews_ASC,Very Positive,128
933110,Age of Empires III: Definitive Edition,9,Strategy,Very Positive,Very Positive,매우 긍정적,85.54,18555,623,72.71,161,Reviews_ASC,Very Positive,129
3097560,Liar's Bar,9,Strategy,Very Positive,Very Positive,매우 긍정적,89.81,14996,588,89.29,52,Reviews_ASC,Very Positive,130
588430,Fallout Shelter,9,Strategy,Very Positive,Very Positive,매우 긍정적,87.89,32592,569,82.6,464,Reviews_ASC,Very Positive,131
535930,Two Point Hospital,9,Strategy,Very Positive,Very Positive,매우 긍정적,91.96,12587,565,90.8,357,Reviews_ASC,Very Positive,132
223750,DCS World Steam Edition,9,Strategy,Very Positive,Very Positive,매우 긍정적,85.02,22830,550,90.73,125,Reviews_ASC,Very Positive,133
244850,Space Engineers,9,Strategy,Very Positive,Very Positive,매우 긍정적,88.89,67390,528,85.61,302,Reviews_ASC,Very Positive,134
373420,Divinity: Original Sin - Enhanced Edition,9,Strategy,Very Positive,Very Positive,매우 긍정적,89.38,11568,495,87.27,363,Reviews_ASC,Very Positive,135
1213210,Command & Conquer™ Remastered Collection,9,Strategy,Very Positive,Very Positive,매우 긍정적,90.68,17704,493,88.44,735,Reviews_ASC,Very Positive,136
16900,GROUND BRANCH,9,Strategy,Very Positive,Very Positive,매우 긍정적,88.52,14274,479,83.3,607,Reviews_ASC,Very Positive,137
590380,Into the Breach,9,Strategy,Very Positive,Very Positive,매우 긍정적,94.25,12455,461,95.44,796,_ASC,Very Positive,138
332800,Five Nights at Freddy's 2,9,Strategy,Very Positive,Very Positive,매우 긍정적,93.68,14043,389,93.06,405,Reviews_ASC,Very Positive,139
1184370,Pathfinder: Wrath of the Righteous - Enhanced Edition,9,Strategy,Very Positive,Very Positive,매우 긍정적,83.6,18101,361,83.93,220,Reviews_ASC,Very Positive,140
645630,Car Mechanic Simulator 2018,9,Strategy,Very Positive,Very Positive,매우 긍정적,90.95,21620,321,83.49,475,Reviews_ASC,Very Positive,141
633230,NARUTO TO BORUTO: SHINOBI STRIKER,9,Strategy,Very Positive,Very Positive,매우 긍정적,83.74,17622,316,61.39,528,Reviews_ASC,Very Positive,142
871720,Ultimate Custom Night,9,Strategy,Very Positive,Very Positive,매우 긍정적,94.8,31651,300,90.33,576,Reviews_DESC,Very Positive,143
787860,Farming Simulator 19,9,Strategy,Very Positive,Very Positive,매우 긍정적,94.45,24001,290,84.48,575,Reviews_DESC,Very Positive,144
589290,Holdfast: Nations At War,9,Strategy,Very Positive,Very Positive,매우 긍정적,89.89,18068,289,84.08,315,Reviews_ASC,Very Positive,145
10500,Total War: EMPIRE – Definitive Edition,9,Strategy,Very Positive,Very Positive,매우 긍정적,90.69,12227,266,86.09,547,Reviews_ASC,Very Positive,146
427730,Who's Your Daddy?!,9,Strategy,Very Positive,Very Positive,매우 긍정적,80.0,16730,240,67.08,428,Reviews_ASC,Very Positive,147
637090,BATTLETECH,9,Strategy,Very Positive,Very Positive,매우 긍정적,83.91,18069,202,74.75,572,_ASC,Very Positive,148
1086940,Baldur's Gate 3,9,Strategy,Overwhelmingly Positive,Overwhelmingly Positive,압도적으로 긍정적,96.8,442253,16272,97.13,14,Reviews_ASC,Overwhelmingly Positive,149
322330,Don't Starve Together,9,Strategy,Overwhelmingly Positive,Overwhelmingly Positive,압도적으로 긍정적,95.02,80921,12830,93.41,28,Reviews_ASC,Overwhelmingly Positive,150
646570,Slay the Spire,9,Strategy,Overwhelmingly Positive,Overwhelmingly Positive,압도적으로 긍정적,97.57,75259,10096,98.2,33,Reviews_DESC,Overwhelmingly Positive,151
8930,Sid Meier's Civilization® V,9,Strategy,Overwhelmingly Positive,Overwhelmingly Positive,압도적으로 긍정적,95.59,78316,8881,95.7,99,Reviews_ASC,Overwhelmingly Positive,152
294100,RimWorld,9,Strategy,Overwhelmingly Positive,Overwhelmingly Positive,압도적으로 긍정적,97.88,117032,8060,98.09,9,Reviews_ASC,Overwhelmingly Positive,153
1256670,Library Of Ruina,9,Strategy,Very Positive,Very Positive,매우 긍정적,94.45,13550,7146,90.34,70,Reviews_ASC,Very Positive,154
457140,Oxygen Not Included,9,Strategy,Overwhelmingly Positive,Overwhelmingly Positive,압도적으로 긍정적,96.78,48596,4759,95.59,69,Reviews_ASC,Overwhelmingly Positive,155
427520,Factorio,9,Strategy,Overwhelmingly Positive,Overwhelmingly Positive,압도적으로 긍정적,97.51,115584,4050,98.35,27,Reviews_ASC,Overwhelmingly Positive,156
435150,Divinity: Original Sin 2 - Definitive Edition,9,Strategy,Overwhelmingly Positive,Overwhelmingly Positive,압도적으로 긍정적,95.68,82790,4007,94.91,158,Reviews_DESC,Overwhelmingly Positive,157
526870,Satisfactory,9,Strategy,Overwhelmingly Positive,Overwhelmingly Positive,압도적으로 긍정적,97.25,133713,3909,96.75,30,Reviews_DESC,Overwhelmingly Positive,158
1092790,Inscryption,9,Strategy,Overwhelmingly Positive,Overwhelmingly Positive,압도적으로 긍정적,96.85,75317,3618,94.42,82,Reviews_DESC,Overwhelmingly Positive,159
508440,Totally Accurate Battle Simulator,9,Strategy,Overwhelmingly Positive,Overwhelmingly Positive,압도적으로 긍정적,97.82,82981,3035,95.85,144,Reviews_ASC,Overwhelmingly Positive,160
1313140,Cult of the Lamb,9,Strategy,Overwhelmingly Positive,Overwhelmingly Positive,압도적으로 긍정적,95.86,58771,2615,93.31,92,Reviews_ASC,Overwhelmingly Positive,161
286160,Tabletop Simulator,9,Strategy,Overwhelmingly Positive,Overwhelmingly Positive,압도적으로 긍정적,95.94,31327,2562,95.12,41,Reviews_ASC,Overwhelmingly Positive,162
1113000,Persona 4 Golden,9,Strategy,Overwhelmingly Positive,Overwhelmingly Positive,압도적으로 긍정적,97.03,44992,2485,95.53,41,Reviews_DESC,Overwhelmingly Positive,163
48700,Mount & Blade: Warband,9,Strategy,Overwhelmingly Positive,Overwhelmingly Positive,압도적으로 긍정적,97.72,54778,2370,97.09,347,_ASC,Overwhelmingly Positive,164
2379780,Balatro,9,Strategy,Overwhelmingly Positive,Overwhelmingly Positive,압도적으로 긍정적,97.87,101189,2339,97.56,35,Reviews_DESC,Overwhelmingly Positive,165
736260,Baba Is You,9,Strategy,Overwhelmingly Positive,Overwhelmingly Positive,압도적으로 긍정적,97.74,12363,2280,98.11,45,Reviews_DESC,Overwhelmingly Positive,166
1948280,Stacklands,9,Strategy,Overwhelmingly Positive,Overwhelmingly Positive,압도적으로 긍정적,96.09,11680,2198,95.86,87,Reviews_DESC,Overwhelmingly Positive,167
2835570,Buckshot Roulette,9,Strategy,Overwhelmingly Positive,Overwhelmingly Positive,압도적으로 긍정적,95.31,34480,2137,94.29,90,Reviews_ASC,Overwhelmingly Positive,168
813780,Age of Empires II: Definitive Edition,9,Strategy,Very Positive,Very Positive,매우 긍정적,94.96,60589,2074,89.2,18,Reviews_ASC,Very Positive,169
2161700,Persona 3 Reload,9,Strategy,Very Positive,Very Positive,매우 긍정적,94.39,21244,1862,93.56,54,Reviews_ASC,Very Positive,170
960090,Bloons TD 6,9,Strategy,Overwhelmingly Positive,Overwhelmingly Positive,압도적으로 긍정적,97.2,226351,1851,95.52,28,Reviews_DESC,Overwhelmingly Positive,171
239030,"Papers, Please",9,Strategy,Overwhelmingly Positive,Overwhelmingly Positive,압도적으로 긍정적,97.3,39093,1812,95.2,40,Reviews_DESC,Overwhelmingly Positive,172
240,Counter-Strike: Source,9,Strategy,Overwhelmingly Positive,Overwhelmingly Positive,압도적으로 긍정적,96.29,44681,1727,91.02,80,Reviews_DESC,Overwhelmingly Positive,173
212680,FTL: Faster Than Light,9,Strategy,Overwhelmingly Positive,Overwhelmingly Positive,압도적으로 긍정적,95.13,46410,1722,94.43,573,Reviews_ASC,Overwhelmingly Positive,174
1336490,Against the Storm,9,Strategy,Very Positive,Very Positive,매우 긍정적,94.63,18438,1591,94.91,81,Reviews_ASC,Very Positive,175
346010,Besiege,9,Strategy,Overwhelmingly Positive,Overwhelmingly Positive,압도적으로 긍정적,95.21,22981,1462,93.37,164,Reviews_DESC,Overwhelmingly Positive,176
2592160,Dispatch,9,Strategy,Overwhelmingly Positive,Overwhelmingly Positive,압도적으로 긍정적,97.6,103945,1132,96.2,12,Reviews_ASC,Overwhelmingly Positive,177
220200,Kerbal Space Program,9,Strategy,Overwhelmingly Positive,Overwhelmingly Positive,압도적으로 긍정적,95.5,80873,1073,95.62,161,Reviews_DESC,Overwhelmingly Positive,178
610370,Desperados III,9,Strategy,Overwhelmingly Positive,Overwhelmingly Positive,압도적으로 긍정적,96.51,4311,1054,97.34,97,Reviews_DESC,Overwhelmingly Positive,179
531510,Just Shapes & Beats,9,Strategy,Overwhelmingly Positive,Overwhelmingly Positive,압도적으로 긍정적,97.65,13137,1042,96.83,44,Reviews_DESC,Overwhelmingly Positive,180
3862670,Shelldiver,9,Strategy,Overwhelmingly Positive,Overwhelmingly Positive,압도적으로 긍정적,98.81,3611,1029,99.32,8,Reviews_DESC,Overwhelmingly Positive,181
636480,Ravenfield,9,Strategy,Overwhelmingly Positive,Overwhelmingly Positive,압도적으로 긍정적,96.74,45717,975,96.31,84,Reviews_DESC,Overwhelmingly Positive,182
1127500,Mini Motorways,9,Strategy,Overwhelmingly Positive,Overwhelmingly Positive,압도적으로 긍정적,96.27,15718,930,96.13,89,Reviews_DESC,Overwhelmingly Positive,183
3590,Plants vs. Zombies GOTY Edition,9,Strategy,Overwhelmingly Positive,Overwhelmingly Positive,압도적으로 긍정적,97.69,42122,887,92.22,37,Reviews_DESC,Overwhelmingly Positive,184
2666510,Rusty's Retirement,9,Strategy,Overwhelmingly Positive,Overwhelmingly Positive,압도적으로 긍정적,96.83,6476,779,96.92,95,Reviews_DESC,Overwhelmingly Positive,185
1062090,Timberborn,9,Strategy,Overwhelmingly Positive,Overwhelmingly Positive,압도적으로 긍정적,95.95,23025,762,94.62,104,Reviews_ASC,Overwhelmingly Positive,186
287980,Mini Metro,9,Strategy,Overwhelmingly Positive,Overwhelmingly Positive,압도적으로 긍정적,96.07,6960,663,95.02,172,Reviews_DESC,Overwhelmingly Positive,187
1012880,60 Seconds! Reatomized,9,Strategy,Very Positive,Very Positive,매우 긍정적,94.4,5205,633,92.73,234,Reviews_ASC,Very Positive,188
1454400,Cookie Clicker,9,Strategy,Overwhelmingly Positive,Overwhelmingly Positive,압도적으로 긍정적,96.46,52956,609,95.73,83,Reviews_DESC,Overwhelmingly Positive,189
602960,Barotrauma,9,Strategy,Very Positive,Very Positive,매우 긍정적,94.01,27992,539,87.94,156,Reviews_ASC,Very Positive,190
10,Counter-Strike,9,Strategy,Overwhelmingly Positive,Overwhelmingly Positive,압도적으로 긍정적,97.41,34768,538,93.31,79,Reviews_DESC,Overwhelmingly Positive,191
1599600,PlateUp!,9,Strategy,Very Positive,Very Positive,매우 긍정적,94.75,12090,526,94.87,240,Reviews_ASC,Very Positive,192
3164500,Schedule I,9,Strategy,Overwhelmingly Positive,Overwhelmingly Positive,압도적으로 긍정적,97.86,192109,508,94.29,29,Reviews_DESC,Overwhelmingly Positive,193
1366540,Dyson Sphere Program,9,Strategy,Overwhelmingly Positive,Overwhelmingly Positive,압도적으로 긍정적,97.49,24395,486,98.15,39,Reviews_DESC,Overwhelmingly Positive,194
1062160,Poly Bridge 2,9,Strategy,Overwhelmingly Positive,Overwhelmingly Positive,압도적으로 긍정적,95.1,4489,403,92.8,180,Reviews_DESC,Overwhelmingly Positive,195
2060160,The Farmer Was Replaced,9,Strategy,Overwhelmingly Positive,Overwhelmingly Positive,압도적으로 긍정적,95.74,3746,397,94.71,120,Reviews_ASC,Overwhelmingly Positive,196
2239150,Thronefall,9,Strategy,Overwhelmingly Positive,Overwhelmingly Positive,압도적으로 긍정적,96.22,10760,395,95.7,90,Reviews_DESC,Overwhelmingly Positive,197
341800,Keep Talking and Nobody Explodes,9,Strategy,Overwhelmingly Positive,Overwhelmingly Positive,압도적으로 긍정적,97.31,8013,383,96.08,49,Reviews_DESC,Overwhelmingly Positive,198
2185060,Two Point Museum,9,Strategy,Overwhelmingly Positive,Overwhelmingly Positive,압도적으로 긍정적,95.55,4667,361,92.8,71,Reviews_ASC,Overwhelmingly Positive,199
1455840,Dorfromantik,9,Strategy,Overwhelmingly Positive,Overwhelmingly Positive,압도적으로 긍정적,96.37,15535,329,90.58,88,Reviews_DESC,Overwhelmingly Positive,200
1318690,shapez,9,Strategy,Overwhelmingly Positive,Overwhelmingly Positive,압도적으로 긍정적,95.96,8262,323,95.67,616,_ASC,Overwhelmingly Positive,201
4700,Total War: MEDIEVAL II – Definitive Edition,9,Strategy,Overwhelmingly Positive,Overwhelmingly Positive,압도적으로 긍정적,95.65,16694,307,93.16,168,Reviews_DESC,Overwhelmingly Positive,202
246420,Kingdom Rush  - Tower Defense,9,Strategy,Overwhelmingly Positive,Overwhelmingly Positive,압도적으로 긍정적,97.26,4543,293,96.59,50,Reviews_DESC,Overwhelmingly Positive,203
1239080,Door Kickers 2: Task Force North,9,Strategy,Overwhelmingly Positive,Overwhelmingly Positive,압도적으로 긍정적,96.08,7739,290,94.83,96,Reviews_DESC,Overwhelmingly Positive,204
3265700,Vampire Crawlers: The Turbo Wildcard from Vampire Survivors,9,Strategy,Overwhelmingly Positive,Overwhelmingly Positive,압도적으로 긍정적,96.36,7638,268,91.79,42,Reviews_ASC,Overwhelmingly Positive,205
1046030,ISLANDERS,9,Strategy,Very Positive,Very Positive,매우 긍정적,94.45,10204,260,90.0,592,Reviews_DESC,Very Positive,206
1102190,Monster Train,9,Strategy,Overwhelmingly Positive,Overwhelmingly Positive,압도적으로 긍정적,95.88,12213,258,93.8,170,Reviews_DESC,Overwhelmingly Positive,207
2162800,shapez 2 - Factory,9,Strategy,Overwhelmingly Positive,Overwhelmingly Positive,압도적으로 긍정적,97.32,8410,254,95.28,52,Reviews_DESC,Overwhelmingly Positive,208
2795000,The WereCleaner,9,Strategy,Overwhelmingly Positive,Overwhelmingly Positive,압도적으로 긍정적,99.41,8155,226,99.12,1,Reviews_DESC,Overwhelmingly Positive,209
3320,Insaniquarium Deluxe,9,Strategy,Overwhelmingly Positive,Overwhelmingly Positive,압도적으로 긍정적,96.83,4754,222,85.14,107,Reviews_DESC,Overwhelmingly Positive,210
